gid,role,role_score,cluster_id,priority_score,evidence,in_deg,out_deg,in_kzt,out_kzt,in_tx,out_tx,pagerank,pass_through,depth,is_seed,truncated_by_depth,observability,upstream_seed_count,betweenness,same_day_ratio,in_cycle
100000000343175100,distributor,0.9274074226866637,6,0.9599465954606141,"Признаки распределения: 31 получ., 33 tx, 4.00 млн KZT; вход: 8 плательщ., 178.7 тыс. KZT.",8,31,178712.0,4000039.0,14,33,0.0007097623513431031,22.382598818210305,0,True,False,0.7,1,0.0007040456702723672,0.9692242266887506,False
100000000456947100,peripheral,1.0,49,0.004005340453938585,Изолированный seed: 0 входящих и 0 исходящих рёбер в наблюдаемом графе.,0,0,0.0,0.0,0,0,0.0002840372852218354,0.0,0,True,False,0.7,1,0.0,0.0,False
100000000580561100,distributor,0.8293416238994177,35,0.8820649755229194,"Признаки распределения: 3 получ., 13 tx, 1.49 млн KZT; вход: 2 плательщ., 28.0 тыс. KZT.",2,3,27980.0,1488077.0,3,13,0.0008289636041733301,53.183595425303785,0,True,False,0.7,1,4.467250585954369e-06,0.6676197283774125,True
100000001415126100,peripheral,0.8099354695149088,16,0.25055629728526924,"Периферийный профиль: in/out degree 1/0, оборот 27.0 тыс. KZT; выраженной структурной роли нет.",1,0,27000.0,0.0,1,0,0.0004071793005807027,0.0,0,True,False,0.7,1,0.0,0.0,False
100000001429930100,peripheral,0.8099354695149088,11,0.19359145527369825,"Периферийный профиль: in/out degree 1/0, оборот 26.0 тыс. KZT; выраженной структурной роли нет.",1,0,26000.0,0.0,1,0,0.0003487902735941985,0.0,0,True,False,0.7,1,0.0,0.0,False
100000001616816100,coordinator,0.8968980863373387,9,0.9532710280373832,"Связующий профиль: seed-ветвей 1, соседних кластеров 1; in/out degree 5/3, bridge pctl 94%.",5,3,176195.0,181326.0,12,10,0.002411939354969799,1.0291211441868384,0,True,False,0.7,1,7.07183140397744e-05,0.5049802775334147,True
100000001732159100,distributor,0.8676582456353679,37,0.8940809968847352,"Признаки распределения: 4 получ., 23 tx, 1.51 млн KZT; вход: 2 плательщ., 2.38 млн KZT.",2,4,2378100.0,1505966.0,30,23,0.001085705105693932,0.633264370716118,0,True,False,0.7,1,1.3357079252003561e-05,0.3154434212186199,True
100000002527114100,distributor,0.934297293464356,4,0.9648420115709835,"Признаки распределения: 111 получ., 113 tx, 3.29 млн KZT; вход: 3 плательщ., 129.0 тыс. KZT.",3,111,129000.0,3289249.0,4,113,0.000806090342780871,25.49805426356589,0,True,False,0.7,1,0.0003265063817156426,1.0,True
100000002916006100,peripheral,0.590865598575879,16,0.25189141076991545,"Периферийный профиль: in/out degree 0/1, оборот 32.0 тыс. KZT; выраженной структурной роли нет.",0,1,0.0,32000.0,0,1,0.0002840372852218354,0.0,0,True,False,0.7,1,0.0,0.0,False
100000003016635100,coordinator,0.9359991099243437,1,0.9946595460614153,"Связующий профиль: seed-ветвей 1, соседних кластеров 7; in/out degree 8/73, bridge pctl 100%.",8,73,586981.0,9414081.0,36,151,0.0011829714592437434,16.038135817002594,0,True,False,0.7,1,0.00363329654556414,1.0,True
100000003200071100,peripheral,0.590865598575879,47,0.24966622162883845,"Периферийный профиль: in/out degree 0/1, оборот 30.0 тыс. KZT; выраженной структурной роли нет.",0,1,0.0,30000.0,0,1,0.0002840372852218354,0.0,0,True,False,0.7,1,0.0,0.0,False
100000003265658100,peripheral,1.0,50,0.004005340453938585,Изолированный seed: 0 входящих и 0 исходящих рёбер в наблюдаемом графе.,0,0,0.0,0.0,0,0,0.0002840372852218354,0.0,0,True,False,0.7,1,0.0,0.0,False
100000003349739100,peripheral,1.0,51,0.004005340453938585,Изолированный seed: 0 входящих и 0 исходящих рёбер в наблюдаемом графе.,0,0,0.0,0.0,0,0,0.0002840372852218354,0.0,0,True,False,0.7,1,0.0,0.0,False
100000003684369100,coordinator,0.9386025812194037,6,0.9893190921228304,"Связующий профиль: seed-ветвей 1, соседних кластеров 9; in/out degree 24/62, bridge pctl 99%.",24,62,3848436.0,8588655.0,58,67,0.002006875179137934,2.2317260830113845,0,True,False,0.7,1,0.0015795119940352825,0.8874932570010259,True
100000003770083100,peripheral,1.0,52,0.004005340453938585,Изолированный seed: 0 входящих и 0 исходящих рёбер в наблюдаемом графе.,0,0,0.0,0.0,0,0,0.0002840372852218354,0.0,0,True,False,0.7,1,0.0,0.0,False
100000003975102100,peripheral,0.40060080106809076,1,0.4463729417000445,"Периферийный профиль: in/out degree 1/2, оборот 114.2 тыс. KZT; выраженной структурной роли нет.",1,2,25650.0,88500.0,1,2,0.00034348636159733774,3.4502923976608186,0,True,False,0.7,1,1.4841199168892846e-06,0.0,False
100000003977183100,distributor,0.8065670339893594,9,0.7792612372051625,"Признаки распределения: 4 получ., 6 tx, 766.0 тыс. KZT; вход: 2 плательщ., 123.8 тыс. KZT.",2,4,123800.0,766000.0,2,6,0.0003296101966492377,6.187399030694669,0,True,False,0.7,1,0.0,0.6623586429725363,True
100000004007116100,distributor,0.7554631359790491,21,0.8687138406764575,"Признаки распределения: 4 получ., 6 tx, 148.0 тыс. KZT; вход: 3 плательщ., 764.7 тыс. KZT.",3,4,764704.0,148000.0,24,6,0.0006237322183082366,0.19353893794200108,0,True,False,0.7,1,0.0,0.066496317529397,True
100000004019124100,terminal,0.9119077881619938,1,0.7093902981753449,"Получатель-кандидат: 3 плательщ., 3 tx, 193.0 тыс. KZT; исходящих рёбер 0.",3,0,193000.0,0.0,3,0,0.0011947521863804583,0.0,0,True,False,0.7,1,0.0,0.0,False
100000004021459100,peripheral,1.0,53,0.004005340453938585,Изолированный seed: 0 входящих и 0 исходящих рёбер в наблюдаемом графе.,0,0,0.0,0.0,0,0,0.0002840372852218354,0.0,0,True,False,0.7,1,0.0,0.0,False
100000004041163100,coordinator,0.7173653760569647,1,0.9506008010680908,"Связующий профиль: seed-ветвей 1, соседних кластеров 0; in/out degree 1/2, bridge pctl 82%.",1,2,50000.0,866000.0,1,6,0.0020671341251246806,17.32,0,True,False,0.7,1,1.3357079252003561e-05,0.96,True
100000004174835100,peripheral,1.0,54,0.004005340453938585,Изолированный seed: 0 входящих и 0 исходящих рёбер в наблюдаемом графе.,0,0,0.0,0.0,0,0,0.0002840372852218354,0.0,0,True,False,0.7,1,0.0,0.0,False
100000004193835100,peripheral,0.440865598575879,1,0.4348019581664441,"Периферийный профиль: in/out degree 1/1, оборот 52.0 тыс. KZT; выраженной структурной роли нет.",1,1,47000.0,5000.0,1,1,0.00046713270376469077,0.10638297872340426,0,True,False,0.7,1,3.7102997922232114e-06,0.10638297872340426,False
100000004269433100,peripheral,0.452080551846907,6,0.35647530040053405,"Периферийный профиль: in/out degree 0/1, оборот 1.37 млн KZT; выраженной структурной роли нет.",0,1,0.0,1372000.0,0,67,0.0002840372852218354,0.0,0,True,False,0.7,1,0.0,0.0,False
100000004358004100,distributor,0.8434095514681501,0,0.6902536715620827,"Признаки распределения: 11 получ., 17 tx, 980.9 тыс. KZT; вход: 0 плательщ., 0 KZT.",0,11,0.0,980850.0,0,17,0.0002840372852218354,0.0,0,True,False,0.7,1,0.0,0.0,False
100000004388983100,peripheral,0.3097908322207387,46,0.2897196261682243,"Периферийный профиль: in/out degree 0/2, оборот 450.8 тыс. KZT; выраженной структурной роли нет.",0,2,0.0,450816.0,0,23,0.0002840372852218354,0.0,0,True,False,0.7,1,0.0,0.0,False
100000004714705100,peripheral,0.590865598575879,16,0.2585669781931464,"Периферийный профиль: in/out degree 0/1, оборот 36.5 тыс. KZT; выраженной структурной роли нет.",0,1,0.0,36550.0,0,1,0.0002840372852218354,0.0,0,True,False,0.7,1,0.0,0.0,False
100000004723755100,peripheral,0.5039719626168224,6,0.3166444147752559,"Периферийный профиль: in/out degree 0/1, оборот 95.0 тыс. KZT; выраженной структурной роли нет.",0,1,0.0,95000.0,0,5,0.0002840372852218354,0.0,0,True,False,0.7,1,0.0,0.0,False
100000004813068100,distributor,0.7428219691577569,20,0.6595460614152203,"Признаки распределения: 3 получ., 5 tx, 297.0 тыс. KZT; вход: 0 плательщ., 0 KZT.",0,3,0.0,297000.0,0,5,0.0002840372852218354,0.0,0,True,False,0.7,1,0.0,0.0,False
100000004971871100,peripheral,0.38199821984868715,43,0.573208722741433,"Периферийный профиль: in/out degree 1/1, оборот 31.1 тыс. KZT; выраженной структурной роли нет.",1,1,25400.0,5650.0,3,1,0.0007369536366081597,0.22244094488188976,0,True,False,0.7,1,0.0,0.0,True
100000005017150100,peripheral,1.0,55,0.004005340453938585,Изолированный seed: 0 входящих и 0 исходящих рёбер в наблюдаемом графе.,0,0,0.0,0.0,0,0,0.0002840372852218354,0.0,0,True,False,0.7,1,0.0,0.0,False
100000005087431100,peripheral,1.0,56,0.004005340453938585,Изолированный seed: 0 входящих и 0 исходящих рёбер в наблюдаемом графе.,0,0,0.0,0.0,0,0,0.0002840372852218354,0.0,0,True,False,0.7,1,0.0,0.0,False
100000005235389100,peripheral,1.0,57,0.004005340453938585,Изолированный seed: 0 входящих и 0 исходящих рёбер в наблюдаемом графе.,0,0,0.0,0.0,0,0,0.0002840372852218354,0.0,0,True,False,0.7,1,0.0,0.0,False
100000005264990100,coordinator,0.7926791277258567,16,0.7997329773030708,"Связующий профиль: seed-ветвей 1, соседних кластеров 1; in/out degree 1/2, bridge pctl 93%.",1,2,17070.0,122000.0,1,2,0.00036189040382094155,7.147041593438781,0,True,False,0.7,1,5.7880676758682096e-05,0.0,False
100000005370580100,peripheral,0.8099354695149088,11,0.18736092567868268,"Периферийный профиль: in/out degree 1/0, оборот 24.1 тыс. KZT; выраженной структурной роли нет.",1,0,24075.0,0.0,1,0,0.00034399606195509086,0.0,0,True,False,0.7,1,0.0,0.0,False
100000005382566100,coordinator,0.8784579439252336,1,0.9439252336448598,"Связующий профиль: seed-ветвей 1, соседних кластеров 2; in/out degree 7/1, bridge pctl 89%.",7,1,393066.0,50000.0,11,1,0.002097760988120323,0.12720510041570626,0,True,False,0.7,1,2.6714158504007122e-05,0.12211689639907802,True
100000005386383100,peripheral,0.4404984423676013,1,0.46372941700044507,"Периферийный профиль: in/out degree 2/1, оборот 66.5 тыс. KZT; выраженной структурной роли нет.",2,1,37500.0,29000.0,2,1,0.0005212203482765324,0.7733333333333333,0,True,False,0.7,1,1.7067379044226773e-05,0.0,False
100000005392290100,peripheral,0.590865598575879,48,0.31019136626613264,"Периферийный профиль: in/out degree 0/1, оборот 81.5 тыс. KZT; выраженной структурной роли нет.",0,1,0.0,81465.0,0,1,0.0002840372852218354,0.0,0,True,False,0.7,1,0.0,0.0,False
100000005395727100,peripheral,0.8099354695149088,1,0.21450823319982198,"Периферийный профиль: in/out degree 1/0, оборот 17.0 тыс. KZT; выраженной структурной роли нет.",1,0,17000.0,0.0,1,0,0.0003691073806396033,0.0,0,True,False,0.7,1,0.0,0.0,False
100000005409680100,terminal,0.8319476635514019,16,0.6608811748998665,"Получатель-кандидат: 2 плательщ., 2 tx, 55.1 тыс. KZT; исходящих рёбер 0.",2,0,55060.0,0.0,2,0,0.0006293233058938023,0.0,0,True,False,0.7,1,0.0,0.0,False
100000005417257100,peripheral,0.40060080106809076,16,0.22162883845126835,"Периферийный профиль: in/out degree 0/2, оборот 106.0 тыс. KZT; выраженной структурной роли нет.",0,2,0.0,106000.0,0,2,0.0002840372852218354,0.0,0,True,False,0.7,1,0.0,0.0,False
100000005454368100,terminal,0.8220544726301735,11,0.6221628838451269,"Получатель-кандидат: 2 плательщ., 2 tx, 48.6 тыс. KZT; исходящих рёбер 0.",2,0,48600.0,0.0,2,0,0.0003918858897070487,0.0,0,True,False,0.7,1,0.0,0.0,False
100000005480435100,peripheral,1.0,58,0.004005340453938585,Изолированный seed: 0 входящих и 0 исходящих рёбер в наблюдаемом графе.,0,0,0.0,0.0,0,0,0.0002840372852218354,0.0,0,True,False,0.7,1,0.0,0.0,False
100000005485830100,distributor,0.7959200848191772,38,0.6728971962616822,"Признаки распределения: 5 получ., 9 tx, 275.9 тыс. KZT; вход: 0 плательщ., 0 KZT.",0,5,0.0,275885.0,0,9,0.0002840372852218354,0.0,0,True,False,0.7,1,0.0,0.0,False
100000005493505100,terminal,0.867586292834891,11,0.6884735202492211,"Получатель-кандидат: 3 плательщ., 3 tx, 62.0 тыс. KZT; исходящих рёбер 0.",3,0,62020.0,0.0,3,0,0.0006136658084435211,0.0,0,True,False,0.7,1,0.0,0.0,False
100000005495722100,peripheral,1.0,59,0.004005340453938585,Изолированный seed: 0 входящих и 0 исходящих рёбер в наблюдаемом графе.,0,0,0.0,0.0,0,0,0.0002840372852218354,0.0,0,True,False,0.7,1,0.0,0.0,False
100000005498992100,distributor,0.8559145621130624,8,0.693813974187806,"Признаки распределения: 16 получ., 19 tx, 2.26 млн KZT; вход: 0 плательщ., 0 KZT.",0,16,0.0,2262868.0,0,19,0.0002840372852218354,0.0,0,True,False,0.7,1,0.0,0.0,False
100000005519347100,peripheral,0.4404984423676013,1,0.4953271028037383,"Периферийный профиль: in/out degree 2/1, оборот 172.1 тыс. KZT; выраженной структурной роли нет.",2,1,73100.0,99000.0,2,1,0.0005531508068414891,1.3543091655266757,0,True,False,0.7,1,4.96361176217152e-07,0.0,False
100000005523088100,terminal,0.8411720516243881,1,0.7218513573653761,"Получатель-кандидат: 1 плательщ., 2 tx, 700.0 тыс. KZT; исходящих рёбер 0.",1,0,700000.0,0.0,2,0,0.001704296874655588,0.0,0,True,False,0.7,1,0.0,0.0,False
100000005543136100,peripheral,0.590865598575879,11,0.22963951935914553,"Периферийный профиль: in/out degree 0/1, оборот 10.0 тыс. KZT; выраженной структурной роли нет.",0,1,0.0,10000.0,0,1,0.0002840372852218354,0.0,0,True,False,0.7,1,0.0,0.0,False
100000005550592100,peripheral,1.0,60,0.004005340453938585,Изолированный seed: 0 входящих и 0 исходящих рёбер в наблюдаемом графе.,0,0,0.0,0.0,0,0,0.0002840372852218354,0.0,0,True,False,0.7,1,0.0,0.0,False
100000005560900100,peripheral,1.0,61,0.004005340453938585,Изолированный seed: 0 входящих и 0 исходящих рёбер в наблюдаемом графе.,0,0,0.0,0.0,0,0,0.0002840372852218354,0.0,0,True,False,0.7,1,0.0,0.0,False
100000005568407100,peripheral,1.0,62,0.004005340453938585,Изолированный seed: 0 входящих и 0 исходящих рёбер в наблюдаемом графе.,0,0,0.0,0.0,0,0,0.0002840372852218354,0.0,0,True,False,0.7,1,0.0,0.0,False
100000005668605100,terminal,0.8839870048954162,16,0.7000445037828216,"Получатель-кандидат: 3 плательщ., 3 tx, 94.5 тыс. KZT; исходящих рёбер 0.",3,0,94500.0,0.0,3,0,0.0008327527431786654,0.0,0,True,False,0.7,1,0.0,0.0,False
100000005744674100,peripheral,0.5506008010680907,1,0.2643524699599466,"Периферийный профиль: in/out degree 0/1, оборот 50.1 тыс. KZT; выраженной структурной роли нет.",0,1,0.0,50066.0,0,2,0.0002840372852218354,0.0,0,True,False,0.7,1,0.0,0.0,False
100000006232815100,distributor,0.7911828170822262,25,0.8397863818424566,"Признаки распределения: 5 получ., 5 tx, 296.5 тыс. KZT; вход: 1 плательщ., 160.0 тыс. KZT.",1,5,160000.0,296500.0,2,5,0.0005527071995426551,1.853125,0,True,False,0.7,1,0.0,0.0,True
100000006249740100,distributor,0.7522982869346233,41,0.6599910992434357,"Признаки распределения: 3 получ., 5 tx, 93.0 тыс. KZT; вход: 0 плательщ., 0 KZT.",0,3,0.0,93007.0,0,5,0.0002840372852218354,0.0,0,True,False,0.7,1,0.0,0.0,False
100000006831291100,peripheral,0.5299176680017802,41,0.29817534490431685,"Периферийный профиль: in/out degree 0/1, оборот 15.0 тыс. KZT; выраженной структурной роли нет.",0,1,0.0,15000.0,0,3,0.0002840372852218354,0.0,0,True,False,0.7,1,0.0,0.0,False
100000006866783100,coordinator,0.934766355140187,0,0.9933244325767691,"Связующий профиль: seed-ветвей 1, соседних кластеров 12; in/out degree 13/67, bridge pctl 100%.",13,67,838812.0,3948037.0,31,90,0.0008647971858762733,4.706700667133994,0,True,False,0.7,1,0.004565848431574097,0.9759266677157694,True
100000007018630100,peripheral,0.5039719626168224,45,0.3166444147752559,"Периферийный профиль: in/out degree 0/1, оборот 200.0 тыс. KZT; выраженной структурной роли нет.",0,1,0.0,200000.0,0,5,0.0002840372852218354,0.0,0,True,False,0.7,1,0.0,0.0,False
100000007747786100,distributor,0.8674191111349505,8,0.6978193146417445,"Признаки распределения: 31 получ., 35 tx, 4.24 млн KZT; вход: 0 плательщ., 0 KZT.",0,31,0.0,4238009.4,0,35,0.0002840372852218354,0.0,0,True,False,0.7,1,0.0,0.0,False
100000007982728100,distributor,0.8337922668339013,9,0.689363595905652,"Признаки распределения: 8 получ., 12 tx, 1.80 млн KZT; вход: 0 плательщ., 0 KZT.",0,8,0.0,1804384.0,0,12,0.0002840372852218354,0.0,0,True,False,0.7,1,0.0,0.0,False
100000008117324100,peripheral,1.0,63,0.004005340453938585,Изолированный seed: 0 входящих и 0 исходящих рёбер в наблюдаемом графе.,0,0,0.0,0.0,0,0,0.0002840372852218354,0.0,0,True,False,0.7,1,0.0,0.0,False
100000008205000100,peripheral,1.0,64,0.004005340453938585,Изолированный seed: 0 входящих и 0 исходящих рёбер в наблюдаемом графе.,0,0,0.0,0.0,0,0,0.0002840372852218354,0.0,0,True,False,0.7,1,0.0,0.0,False
100000008314203100,peripheral,0.31444147752558965,37,0.562082777036048,"Периферийный профиль: in/out degree 2/2, оборот 709.1 тыс. KZT; выраженной структурной роли нет.",2,2,382076.0,327000.0,10,13,0.0004992320777271172,0.8558506684533967,0,True,False,0.7,1,0.0,0.11274196756666213,True
100000008418835100,distributor,0.7896568841338141,6,0.7739207832665776,"Признаки распределения: 4 получ., 6 tx, 186.2 тыс. KZT; вход: 1 плательщ., 1.37 млн KZT.",1,4,1372000.0,186179.0,67,6,0.0005254689776604536,0.13569897959183674,0,True,False,0.7,1,0.0,0.10873104956268222,False
100000008513251100,peripheral,1.0,65,0.004005340453938585,Изолированный seed: 0 входящих и 0 исходящих рёбер в наблюдаемом графе.,0,0,0.0,0.0,0,0,0.0002840372852218354,0.0,0,True,False,0.7,1,0.0,0.0,False
100000008516839100,terminal,0.9027088562527816,16,0.7156208277703605,"Получатель-кандидат: 3 плательщ., 4 tx, 155.0 тыс. KZT; исходящих рёбер 0.",3,0,155000.0,0.0,4,0,0.0010626714026646966,0.0,0,True,False,0.7,1,0.0,0.0,False
100000008522127100,peripheral,0.5299176680017802,2,0.30707610146862485,"Периферийный профиль: in/out degree 0/1, оборот 145.0 тыс. KZT; выраженной структурной роли нет.",0,1,0.0,145000.0,0,3,0.0002840372852218354,0.0,0,True,False,0.7,1,0.0,0.0,False
100000008571433100,coordinator,0.6434445927903871,40,0.8945260347129506,"Связующий профиль: seed-ветвей 1, соседних кластеров 0; in/out degree 2/2, bridge pctl 39%.",2,2,350000.0,1434000.0,2,3,0.001627672736798411,4.097142857142857,0,True,False,0.7,1,0.0,0.5714285714285714,True
100000008575624100,distributor,0.764381141710581,39,0.6626613262127281,"Признаки распределения: 3 получ., 5 tx, 89.5 тыс. KZT; вход: 0 плательщ., 0 KZT.",0,3,0.0,89500.0,0,5,0.0002840372852218354,0.0,0,True,False,0.7,1,0.0,0.0,False
100000008601794100,peripheral,0.321906987093903,42,0.6097018246550957,"Периферийный профиль: in/out degree 2/1, оборот 1.37 млн KZT; выраженной структурной роли нет.",2,1,494400.0,871400.0,8,13,0.002440312791474024,1.7625404530744337,0,True,False,0.7,1,0.0,0.08737864077669903,True
100000008637537100,coordinator,0.8817779261237205,37,0.9354695149087673,"Связующий профиль: seed-ветвей 1, соседних кластеров 1; in/out degree 3/3, bridge pctl 93%.",3,3,619890.0,2351495.0,22,30,0.0008220105654758986,3.793406894771653,0,True,False,0.7,1,5.3428317008014244e-05,0.6282969559115327,True
100000008650785100,coordinator,0.7623497997329772,1,0.7846016911437472,"Связующий профиль: seed-ветвей 1, соседних кластеров 0; in/out degree 2/2, bridge pctl 87%.",2,2,92000.0,120120.0,2,2,0.0006087274786214477,1.3056521739130436,0,True,False,0.7,1,1.533590580785594e-05,0.0,False
100000008654653100,peripheral,0.590865598575879,1,0.2955051179350245,"Периферийный профиль: in/out degree 0/1, оборот 54.0 тыс. KZT; выраженной структурной роли нет.",0,1,0.0,54000.0,0,1,0.0002840372852218354,0.0,0,True,False,0.7,1,0.0,0.0,False
100000008659445100,distributor,0.8163223223696872,34,0.8887405429461505,"Признаки распределения: 4 получ., 18 tx, 875.1 тыс. KZT; вход: 3 плательщ., 138.5 тыс. KZT.",3,4,138490.0,875150.0,7,18,0.0025466577804890613,6.319228825185934,0,True,False,0.7,1,0.0,0.04693479673622644,True
100000008669037100,peripheral,1.0,66,0.004005340453938585,Изолированный seed: 0 входящих и 0 исходящих рёбер в наблюдаемом графе.,0,0,0.0,0.0,0,0,0.0002840372852218354,0.0,0,True,False,0.7,1,0.0,0.0,False
100000008673001100,peripheral,0.8099354695149088,16,0.4470404984423676,"Периферийный профиль: in/out degree 1/0, оборот 80.0 тыс. KZT; выраженной структурной роли нет.",1,0,80000.0,0.0,1,0,0.0004662498832887171,0.0,0,True,False,0.7,1,0.0,0.0,False
100000008680731100,distributor,0.8618361019011147,8,0.6951490876724522,"Признаки распределения: 27 получ., 28 tx, 1.46 млн KZT; вход: 0 плательщ., 0 KZT.",0,27,0.0,1464354.0,0,28,0.0002840372852218354,0.0,0,True,False,0.7,1,0.0,0.0,False
100000008701222100,peripheral,1.0,67,0.004005340453938585,Изолированный seed: 0 входящих и 0 исходящих рёбер в наблюдаемом графе.,0,0,0.0,0.0,0,0,0.0002840372852218354,0.0,0,True,False,0.7,1,0.0,0.0,False
100000008738325100,coordinator,0.672456608811749,16,0.7294170004450379,"Связующий профиль: seed-ветвей 1, соседних кластеров 0; in/out degree 1/1, bridge pctl 78%.",1,1,36550.0,54000.0,1,1,0.0005254689776604536,1.4774281805745555,0,True,False,0.7,1,1.4841199168892846e-06,0.0,False
100000003134937100,peripheral,0.8099354695149088,1,0.09635068980863373,"Периферийный профиль: in/out degree 1/0, оборот 10.3 тыс. KZT; выраженной структурной роли нет.",1,0,10286.0,0.0,1,0,0.0002851359413482611,0.0,1,False,False,1.0,1,0.0,0.0,False
100000005074393100,coordinator,0.9124721851357366,29,0.9755229194481531,"Связующий профиль: seed-ветвей 1, соседних кластеров 2; in/out degree 4/6, bridge pctl 97%.",4,6,563026.0,685500.0,5,10,0.0010526790851850645,1.2175281425724567,1,False,False,1.0,1,0.00016028495102404273,0.017761169111195574,True
100000001924185100,terminal,0.871256608811749,6,0.6929238985313751,"Получатель-кандидат: 2 плательщ., 2 tx, 151.0 тыс. KZT; исходящих рёбер 0.",2,0,151000.0,0.0,2,0,0.00030853210789913904,0.0,1,False,False,1.0,2,0.0,0.0,False
100000004070318100,distributor,0.911781320782287,0,0.9692923898531375,"Признаки распределения: 19 получ., 37 tx, 551.9 тыс. KZT; вход: 4 плательщ., 207.2 тыс. KZT.",4,19,207246.55,551860.0,6,37,0.00031237634983032904,2.662818753798314,1,False,False,1.0,1,0.001126768270359613,0.7755255756971589,True
100000005807278100,peripheral,0.8099354695149088,38,0.09635068980863373,"Периферийный профиль: in/out degree 1/0, оборот 8.4 тыс. KZT; выраженной структурной роли нет.",1,0,8385.0,0.0,1,0,0.000291375142448933,0.0,1,False,False,1.0,1,0.0,0.0,False
100000003377795100,peripheral,0.8099354695149088,8,0.09635068980863373,"Периферийный профиль: in/out degree 1/0, оборот 7.0 тыс. KZT; выраженной структурной роли нет.",1,0,7000.0,0.0,1,0,0.000284436062498514,0.0,1,False,False,1.0,1,0.0,0.0,False
100000004330371100,coordinator,0.7594926568758343,1,0.9617267467734757,"Связующий профиль: seed-ветвей 1, соседних кластеров 0; in/out degree 2/2, bridge pctl 82%.",2,2,264171.0,90681.0,12,6,0.0012497220094322189,0.3432662934235779,1,False,False,1.0,1,1.3357079252003561e-05,0.20403450795128913,True
100000008165763100,coordinator,0.9256964842011571,0,0.9737427681352915,"Связующий профиль: seed-ветвей 1, соседних кластеров 7; in/out degree 15/17, bridge pctl 97%.",15,17,1165815.0,1267858.0,26,17,0.0009045430365854677,1.087529324978663,1,False,False,1.0,1,0.00018162548238238356,0.49310568143316047,False
100000001684867100,peripheral,0.8099354695149088,1,0.17712505562972852,"Периферийный профиль: in/out degree 1/0, оборот 30.6 тыс. KZT; выраженной структурной роли нет.",1,0,30550.0,0.0,1,0,0.0002873003558675971,0.0,1,False,False,1.0,1,0.0,0.0,False
100000003900547100,peripheral,0.8099354695149088,1,0.09635068980863373,"Периферийный профиль: in/out degree 1/0, оборот 23.7 тыс. KZT; выраженной структурной роли нет.",1,0,23700.0,0.0,1,0,0.0002865687017293494,0.0,1,False,False,1.0,1,0.0,0.0,False
100000006656003100,peripheral,0.440865598575879,4,0.45349354695149086,"Периферийный профиль: in/out degree 1/1, оборот 29.0 тыс. KZT; выраженной структурной роли нет.",1,1,20000.0,9000.0,1,1,0.00028820344467868364,0.45,1,False,False,1.0,1,0.0,0.45,True
100000008237827100,peripheral,0.8099354695149088,6,0.21228304405874499,"Периферийный профиль: in/out degree 1/0, оборот 40.0 тыс. KZT; выраженной структурной роли нет.",1,0,40001.0,0.0,1,0,0.000291982121978535,0.0,1,False,False,1.0,1,0.0,0.0,False
100000003014659100,peripheral,0.8099354695149088,6,0.5295950155763239,"Периферийный профиль: in/out degree 1/0, оборот 280.0 тыс. KZT; выраженной структурной роли нет.",1,0,280000.0,0.0,1,0,0.0003262677333798963,0.0,1,False,False,1.0,1,0.0,0.0,False
100000007939160100,coordinator,0.6981797952825989,35,0.9247886070315977,"Связующий профиль: seed-ветвей 1, соседних кластеров 0; in/out degree 1/2, bridge pctl 79%.",1,2,795000.0,14300.0,2,2,0.0006604775873838211,0.017987421383647798,1,False,False,1.0,1,2.968239833778569e-06,0.0,True
100000007274584100,peripheral,0.8099354695149088,6,0.2067200712060525,"Периферийный профиль: in/out degree 1/0, оборот 38.0 тыс. KZT; выраженной структурной роли нет.",1,0,38000.0,0.0,1,0,0.0002915846914555442,0.0,1,False,False,1.0,1,0.0,0.0,False
100000001524952100,peripheral,0.8099354695149088,0,0.3938584779706275,"Периферийный профиль: in/out degree 1/0, оборот 103.8 тыс. KZT; выраженной структурной роли нет.",1,0,103807.0,0.0,1,0,0.00030336491595405526,0.0,1,False,False,1.0,1,0.0,0.0,False
100000003131693100,peripheral,0.8099354695149088,6,0.5509568313306631,"Периферийный профиль: in/out degree 1/0, оборот 353.3 тыс. KZT; выраженной структурной роли нет.",1,0,353277.0,0.0,1,0,0.0003542037334330443,0.0,1,False,False,1.0,1,0.0,0.0,False
100000008383405100,terminal,0.7431820204717401,20,0.5878949710725412,"Получатель-кандидат: 1 плательщ., 2 tx, 25.0 тыс. KZT; исходящих рёбер 0.",1,0,25000.0,0.0,2,0,0.00030435981825538915,0.0,1,False,False,1.0,1,0.0,0.0,False
100000008736173100,peripheral,0.8099354695149088,4,0.1780151312861593,"Периферийный профиль: in/out degree 1/0, оборот 31.1 тыс. KZT; выраженной структурной роли нет.",1,0,31060.0,0.0,1,0,0.0002905073308583207,0.0,1,False,False,1.0,1,0.0,0.0,False
100000002861485100,peripheral,0.8099354695149088,1,0.17000445037828216,"Периферийный профиль: in/out degree 1/0, оборот 29.3 тыс. KZT; выраженной структурной роли нет.",1,0,29323.0,0.0,1,0,0.00028716929898765114,0.0,1,False,False,1.0,1,0.0,0.0,False
100000008745474100,peripheral,0.8099354695149088,4,0.2136181575433912,"Периферийный профиль: in/out degree 1/0, оборот 40.6 тыс. KZT; выраженной структурной роли нет.",1,0,40559.0,0.0,1,0,0.00029248604829235075,0.0,1,False,False,1.0,1,0.0,0.0,False
100000008691330100,peripheral,0.8099354695149088,4,0.09635068980863373,"Периферийный профиль: in/out degree 1/0, оборот 21.4 тыс. KZT; выраженной структурной роли нет.",1,0,21440.0,0.0,1,0,0.0002885034081595767,0.0,1,False,False,1.0,1,0.0,0.0,False
100000007639767100,distributor,0.8741382363385894,3,0.9350244770805518,"Признаки распределения: 10 получ., 13 tx, 822.2 тыс. KZT; вход: 4 плательщ., 90.9 тыс. KZT.",4,10,90913.0,822244.0,4,13,0.0002997826283955178,9.044295095310902,1,False,False,1.0,1,0.0012936148617544165,0.0,True
100000002921047100,coordinator,0.7913929684023142,8,0.8842901646639965,"Связующий профиль: seed-ветвей 1, соседних кластеров 1; in/out degree 2/1, bridge pctl 86%.",2,1,338000.0,163000.02,2,1,0.0003153023353450158,0.48224857988165676,1,False,False,1.0,1,1.4841199168892845e-05,0.4822485207100592,False
100000004783447100,peripheral,0.8099354695149088,4,0.15331553182020471,"Периферийный профиль: in/out degree 1/0, оборот 26.2 тыс. KZT; выраженной структурной роли нет.",1,0,26200.0,0.0,1,0,0.00028949495411030655,0.0,1,False,False,1.0,1,0.0,0.0,False
100000008696919100,peripheral,0.8099354695149088,4,0.1829105473965287,"Периферийный профиль: in/out degree 1/0, оборот 31.9 тыс. KZT; выраженной структурной роли нет.",1,0,31945.0,0.0,1,0,0.00029069168341428625,0.0,1,False,False,1.0,1,0.0,0.0,False
100000008736940100,distributor,0.7755030697670198,34,0.9243435692033823,"Признаки распределения: 3 получ., 6 tx, 182.1 тыс. KZT; вход: 3 плательщ., 451.1 тыс. KZT.",3,3,451090.0,182100.0,13,6,0.002538320570643772,0.40368884258130305,1,False,False,1.0,1,0.0,0.33097608016138685,True
100000005940652100,peripheral,0.8099354695149088,37,0.09635068980863373,"Периферийный профиль: in/out degree 1/0, оборот 8.4 тыс. KZT; выраженной структурной роли нет.",1,0,8395.0,0.0,1,0,0.0002865317246710355,0.0,1,False,False,1.0,1,0.0,0.0,False
100000004180097100,coordinator,0.8939207832665778,15,0.969737427681353,"Связующий профиль: seed-ветвей 1, соседних кластеров 1; in/out degree 3/3, bridge pctl 97%.",3,3,104854.0,47800.0,5,7,0.0008498068838834311,0.4558719743643542,1,False,False,1.0,1,0.00021371326803205698,0.24796383542830985,True
100000005539201100,peripheral,0.440865598575879,1,0.522919448153093,"Периферийный профиль: in/out degree 1/1, оборот 70.5 тыс. KZT; выраженной структурной роли нет.",1,1,45504.0,25000.0,1,1,0.0002888976049162623,0.5494022503516175,1,False,False,1.0,1,2.8445631740377952e-05,0.0,False
100000005620225100,terminal,0.8233295950155763,0,0.5923453493546952,"Получатель-кандидат: 2 плательщ., 2 tx, 49.8 тыс. KZT; исходящих рёбер 0.",2,0,49845.66,0.0,2,0,0.00029462209375681327,0.0,1,False,False,1.0,1,0.0,0.0,False
100000004388353100,terminal,0.8359928793947486,6,0.6364040943480196,"Получатель-кандидат: 2 плательщ., 2 tx, 63.0 тыс. KZT; исходящих рёбер 0.",2,0,62960.0,0.0,2,0,0.0003388451682587077,0.0,1,False,False,1.0,1,0.0,0.0,False
100000007442518100,coordinator,0.9145037828215398,13,0.9862038273253226,"Связующий профиль: seed-ветвей 1, соседних кластеров 4; in/out degree 5/9, bridge pctl 97%.",5,9,510000.0,4419999.0,8,12,0.0006437087079134126,8.666664705882352,1,False,False,1.0,1,0.0001736420302760463,0.011764705882352941,True
100000000267734100,distributor,0.8629491274149279,26,0.8891855807743658,"Признаки распределения: 7 получ., 8 tx, 282.0 тыс. KZT; вход: 2 плательщ., 180.0 тыс. KZT.",2,7,180000.0,282000.0,4,8,0.0005339010094400214,1.5666666666666667,1,False,False,1.0,1,1.4841199168892845e-05,0.1111111111111111,True
100000001987030100,peripheral,0.4404984423676013,13,0.5224744103248776,"Периферийный профиль: in/out degree 2/1, оборот 49.9 тыс. KZT; выраженной структурной роли нет.",2,1,30864.0,19000.0,2,1,0.00029227753357680787,0.6156039398652151,1,False,False,1.0,1,4.007123775601068e-05,0.0,False
100000002603478100,peripheral,0.8099354695149088,8,0.09635068980863373,"Периферийный профиль: in/out degree 1/0, оборот 23.5 тыс. KZT; выраженной структурной роли нет.",1,0,23500.0,0.0,1,0,0.00028791178877241643,0.0,1,False,False,1.0,1,0.0,0.0,False
100000001380054100,distributor,0.7745593713428605,25,0.8847352024922118,"Признаки распределения: 3 получ., 4 tx, 360.0 тыс. KZT; вход: 2 плательщ., 127.0 тыс. KZT.",2,3,127050.0,360000.0,2,4,0.0007111850673195942,2.833530106257379,1,False,False,1.0,1,0.0,0.05548996458087367,True
100000002992171100,peripheral,0.8099354695149088,4,0.09635068980863373,"Периферийный профиль: in/out degree 1/0, оборот 14.6 тыс. KZT; выраженной структурной роли нет.",1,0,14627.0,0.0,1,0,0.0002870842059406014,0.0,1,False,False,1.0,1,0.0,0.0,False
100000002781227100,distributor,0.7304498308402851,2,0.9056519804183356,"Признаки распределения: 3 получ., 10 tx, 212.4 тыс. KZT; вход: 2 плательщ., 191.2 тыс. KZT.",2,3,191167.62,212420.0,8,10,0.0023732387419443672,1.1111714421092862,1,False,False,1.0,1,0.0,0.21447146750061544,True
100000008745643100,peripheral,0.8099354695149088,4,0.09635068980863373,"Периферийный профиль: in/out degree 1/0, оборот 20.3 тыс. KZT; выраженной структурной роли нет.",1,0,20313.0,0.0,1,0,0.0002882686450741833,0.0,1,False,False,1.0,1,0.0,0.0,False
100000002836736100,terminal,0.8828900756564309,9,0.7085002225189141,"Получатель-кандидат: 2 плательщ., 2 tx, 509.0 тыс. KZT; исходящих рёбер 0.",2,0,509000.0,0.0,2,0,0.0004491012314966022,0.0,1,False,False,1.0,1,0.0,0.0,False
100000004188160100,distributor,0.8375416937167736,1,0.9145527369826435,"Признаки распределения: 5 получ., 6 tx, 133.8 тыс. KZT; вход: 2 плательщ., 87.9 тыс. KZT.",2,5,87862.0,133846.0,5,6,0.000295218217532738,1.5233661878855478,1,False,False,1.0,1,0.0018026669107818205,0.27156222257631285,True
100000004841728100,peripheral,0.8099354695149088,4,0.2870493991989319,"Периферийный профиль: in/out degree 1/0, оборот 52.2 тыс. KZT; выраженной структурной роли нет.",1,0,52208.0,0.0,1,0,0.000294912627867992,0.0,1,False,False,1.0,1,0.0,0.0,False
100000001554432100,peripheral,0.8099354695149088,6,0.2937249666221629,"Периферийный профиль: in/out degree 1/0, оборот 53.9 тыс. KZT; выраженной структурной роли нет.",1,0,53920.0,0.0,1,0,0.00029474665743556115,0.0,1,False,False,1.0,1,0.0,0.0,False
100000008768896100,peripheral,0.8099354695149088,4,0.2400979083222074,"Периферийный профиль: in/out degree 1/0, оборот 47.1 тыс. KZT; выраженной структурной роли нет.",1,0,47060.0,0.0,1,0,0.00029384025842379925,0.0,1,False,False,1.0,1,0.0,0.0,False
100000008232832100,peripheral,0.4404984423676013,37,0.5198041833555852,"Периферийный профиль: in/out degree 1/1, оборот 475.0 тыс. KZT; выраженной структурной роли нет.",1,1,337000.0,138000.0,2,1,0.0004905494027106375,0.4094955489614243,1,False,False,1.0,1,0.0,0.0,False
100000002864256100,peripheral,0.8099354695149088,6,0.4508233199821985,"Периферийный профиль: in/out degree 1/0, оборот 135.8 тыс. KZT; выраженной структурной роли нет.",1,0,135780.0,0.0,1,0,0.000311005359390598,0.0,1,False,False,1.0,1,0.0,0.0,False
100000001929088100,terminal,0.9024751223854028,8,0.7231864708500223,"Получатель-кандидат: 2 плательщ., 2 tx, 396.0 тыс. KZT; исходящих рёбер 0.",2,0,396010.0,0.0,2,0,0.00031584652874209476,0.0,1,False,False,1.0,2,0.0,0.0,False
100000002794197100,peripheral,0.8099354695149088,8,0.17623497997329773,"Периферийный профиль: in/out degree 1/0, оборот 30.1 тыс. KZT; выраженной структурной роли нет.",1,0,30100.0,0.0,1,0,0.00028575202751155343,0.0,1,False,False,1.0,1,0.0,0.0,False
100000005669845100,peripheral,0.8099354695149088,25,0.22073876279483756,"Периферийный профиль: in/out degree 1/0, оборот 20.0 тыс. KZT; выраженной структурной роли нет.",1,0,20000.0,0.0,1,0,0.0003157270740657747,0.0,1,False,False,1.0,1,0.0,0.0,False
100000002211413100,peripheral,0.8099354695149088,4,0.20249221183800623,"Периферийный профиль: in/out degree 1/0, оборот 37.0 тыс. KZT; выраженной структурной роли нет.",1,0,37000.0,0.0,1,0,0.0002917446802170046,0.0,1,False,False,1.0,1,0.0,0.0,False
100000002784085100,peripheral,0.8099354695149088,8,0.468179795282599,"Периферийный профиль: in/out degree 1/0, оборот 200.0 тыс. KZT; выраженной структурной роли нет.",1,0,200000.0,0.0,1,0,0.00030537584252509996,0.0,1,False,False,1.0,1,0.0,0.0,False
100000008782421100,peripheral,0.8099354695149088,4,0.24699599465954605,"Периферийный профиль: in/out degree 1/0, оборот 49.7 тыс. KZT; выраженной структурной роли нет.",1,0,49680.0,0.0,1,0,0.0002943860253126464,0.0,1,False,False,1.0,1,0.0,0.0,False
100000003739818100,peripheral,0.8099354695149088,6,0.30218068535825543,"Периферийный профиль: in/out degree 1/0, оборот 57.3 тыс. KZT; выраженной структурной роли нет.",1,0,57293.0,0.0,1,0,0.00029541658904677957,0.0,1,False,False,1.0,1,0.0,0.0,False
100000002214570100,peripheral,0.8099354695149088,4,0.15665331553182021,"Периферийный профиль: in/out degree 1/0, оборот 26.5 тыс. KZT; выраженной структурной роли нет.",1,0,26471.0,0.0,1,0,0.00028955140557094687,0.0,1,False,False,1.0,1,0.0,0.0,False
100000006443391100,consolidator,0.7158433466844681,8,0.9207832665776591,"Признаки сбора: 3 плательщ., 7 tx, 86.8 тыс. KZT; выход: 2 получ., 60.0 тыс. KZT; seed-ветвей 1.",3,2,86775.93,60041.71000000001,7,6,0.002513212985060992,0.6919166409394865,1,False,False,1.0,1,0.0,0.12794942099727427,True
100000005473151100,coordinator,0.8829951045838896,12,0.9781931464174455,"Связующий профиль: seed-ветвей 1, соседних кластеров 2; in/out degree 3/4, bridge pctl 97%.",3,4,1220000.0,225000.0,4,6,0.000465606011540847,0.18442622950819673,1,False,False,1.0,1,0.00016622143069159988,0.14754098360655737,True
100000005124479100,coordinator,0.8025500667556742,3,0.82688028482421,"Связующий профиль: seed-ветвей 1, соседних кластеров 1; in/out degree 2/2, bridge pctl 91%.",2,2,137753.0,22000.0,2,2,0.0003015589476579902,0.15970614070110994,1,False,False,1.0,1,3.561887800534283e-05,0.0,False
100000005527892100,distributor,0.8901313890289198,2,0.8865153538050734,"Признаки распределения: 8 получ., 8 tx, 552.4 тыс. KZT; вход: 3 плательщ., 220.0 тыс. KZT.",3,8,220001.0,552419.0,3,8,0.0003107186801773125,2.510984040981632,1,False,False,1.0,1,0.00037223127580485426,0.3181803719074004,False
100000008028628100,peripheral,0.8099354695149088,4,0.30129060970182464,"Периферийный профиль: in/out degree 1/0, оборот 57.2 тыс. KZT; выраженной структурной роли нет.",1,0,57224.0,0.0,1,0,0.0002959575006597695,0.0,1,False,False,1.0,1,0.0,0.0,False
100000001953577100,peripheral,0.8099354695149088,4,0.09635068980863373,"Периферийный профиль: in/out degree 1/0, оборот 15.6 тыс. KZT; выраженной структурной роли нет.",1,0,15600.0,0.0,1,0,0.000287286889598177,0.0,1,False,False,1.0,1,0.0,0.0,False
100000008193577100,distributor,0.8116550685853166,34,0.9181130396083668,"Признаки распределения: 5 получ., 16 tx, 480.2 тыс. KZT; вход: 2 плательщ., 154.3 тыс. KZT.",2,5,154300.0,480180.0,6,16,0.0012966188600393178,3.1119896305897603,1,False,False,1.0,1,0.0,0.04212572909915749,True
100000008753193100,peripheral,0.8099354695149088,4,0.19537160658655986,"Периферийный профиль: in/out degree 1/0, оборот 35.2 тыс. KZT; выраженной структурной роли нет.",1,0,35225.0,0.0,1,0,0.00029137493356520936,0.0,1,False,False,1.0,1,0.0,0.0,False
100000008746025100,peripheral,0.8099354695149088,4,0.09635068980863373,"Периферийный профиль: in/out degree 1/0, оборот 22.0 тыс. KZT; выраженной структурной роли нет.",1,0,22000.0,0.0,1,0,0.00028862006062436844,0.0,1,False,False,1.0,1,0.0,0.0,False
100000002934441100,terminal,0.8088450378282155,0,0.5919003115264797,"Получатель-кандидат: 2 плательщ., 2 tx, 60.8 тыс. KZT; исходящих рёбер 0.",2,0,60845.6,0.0,2,0,0.00030082191045487203,0.0,1,False,False,1.0,1,0.0,0.0,False
100000003701161100,coordinator,0.9001068090787717,19,0.9844236760124611,"Связующий профиль: seed-ветвей 1, соседних кластеров 1; in/out degree 4/3, bridge pctl 96%.",4,3,1527103.0,349000.0,13,7,0.0016540682057472425,0.22853730232996727,1,False,False,1.0,1,0.00014692787177203917,0.03863524595263057,True
100000006707582100,distributor,0.8450649135088535,8,0.8878504672897196,"Признаки распределения: 14 получ., 15 tx, 961.1 тыс. KZT; вход: 2 плательщ., 39.5 тыс. KZT.",2,14,39520.0,961138.0,2,15,0.0005348603365748485,24.320293522267207,1,False,False,1.0,1,0.0,0.4433198380566802,True
100000003239379100,peripheral,0.8099354695149088,8,0.36092567868268804,"Периферийный профиль: in/out degree 1/0, оборот 92.5 тыс. KZT; выраженной структурной роли нет.",1,0,92500.0,0.0,1,0,0.0002992879906868884,0.0,1,False,False,1.0,1,0.0,0.0,False
100000000979923100,peripheral,0.8099354695149088,6,0.3671562082777036,"Периферийный профиль: in/out degree 1/0, оборот 97.9 тыс. KZT; выраженной структурной роли нет.",1,0,97900.0,0.0,1,0,0.0002988028597742431,0.0,1,False,False,1.0,1,0.0,0.0,False
100000001111763100,peripheral,0.8099354695149088,4,0.09635068980863373,"Периферийный профиль: in/out degree 1/0, оборот 17.1 тыс. KZT; выраженной структурной роли нет.",1,0,17144.0,0.0,1,0,0.0002876085171082457,0.0,1,False,False,1.0,1,0.0,0.0,False
100000003865939100,peripheral,0.8099354695149088,48,0.5175789942145083,"Периферийный профиль: in/out degree 1/0, оборот 81.5 тыс. KZT; выраженной структурной роли нет.",1,0,81465.0,0.0,1,0,0.0005254689776604536,0.0,1,False,False,1.0,1,0.0,0.0,False
100000002858835100,peripheral,0.8099354695149088,4,0.09635068980863373,"Периферийный профиль: in/out degree 1/0, оборот 24.4 тыс. KZT; выраженной структурной роли нет.",1,0,24400.0,0.0,1,0,0.00028911999975919026,0.0,1,False,False,1.0,1,0.0,0.0,False
100000003404627100,terminal,0.954340898976413,37,0.7690253671562083,"Получатель-кандидат: 4 плательщ., 5 tx, 877.7 тыс. KZT; исходящих рёбер 0.",4,0,877700.0,0.0,5,0,0.0013678442764182685,0.0,1,False,False,1.0,1,0.0,0.0,False
100000008691027100,peripheral,0.8099354695149088,4,0.09635068980863373,"Периферийный профиль: in/out degree 1/0, оборот 17.5 тыс. KZT; выраженной структурной роли нет.",1,0,17534.0,0.0,1,0,0.00028768975721765424,0.0,1,False,False,1.0,1,0.0,0.0,False
100000004071080100,coordinator,0.887429906542056,0,0.9817534490431686,"Связующий профиль: seed-ветвей 1, соседних кластеров 3; in/out degree 9/2, bridge pctl 88%.",9,2,238600.0,46500.0,16,5,0.0013620872258200897,0.19488683989941324,1,False,False,1.0,1,1.92935589195607e-05,0.10687342833193629,True
100000002864680100,peripheral,0.8099354695149088,8,0.29951045838896306,"Периферийный профиль: in/out degree 1/0, оборот 55.9 тыс. KZT; выраженной структурной роли нет.",1,0,55932.0,0.0,1,0,0.0002932589334172013,0.0,1,False,False,1.0,1,0.0,0.0,False
100000001330685100,coordinator,0.8249043168669337,5,0.8593680462839342,"Связующий профиль: seed-ветвей 1, соседних кластеров 2; in/out degree 3/1, bridge pctl 82%.",3,1,2435923.0,100500.0,7,1,0.0004354366000381228,0.04125746175063826,1,False,False,1.0,1,1.3357079252003561e-05,0.0,False
100000008745725100,peripheral,0.8099354695149088,4,0.2400979083222074,"Периферийный профиль: in/out degree 1/0, оборот 47.1 тыс. KZT; выраженной структурной роли нет.",1,0,47060.0,0.0,1,0,0.00029384025842379925,0.0,1,False,False,1.0,1,0.0,0.0,False
100000002621949100,peripheral,0.8099354695149088,6,0.48687138406764574,"Периферийный профиль: in/out degree 1/0, оборот 164.6 тыс. KZT; выраженной структурной роли нет.",1,0,164612.0,0.0,1,0,0.00031673185456244777,0.0,1,False,False,1.0,1,0.0,0.0,False
100000007908818100,coordinator,0.9950178015131286,6,0.9047619047619048,"Связующий профиль: seed-ветвей 2, соседних кластеров 2; in/out degree 4/6, bridge pctl 96%.",4,6,727475.0,302000.0,4,13,0.00047242670342320816,0.4151345407058662,1,False,False,1.0,2,0.0001246660730186999,0.0,False
100000008691495100,peripheral,0.8099354695149088,4,0.1584334668446818,"Периферийный профиль: in/out degree 1/0, оборот 27.0 тыс. KZT; выраженной структурной роли нет.",1,0,27000.0,0.0,1,0,0.0002896616004885805,0.0,1,False,False,1.0,1,0.0,0.0,False
100000003832231100,peripheral,0.8099354695149088,6,0.19425901201602136,"Периферийный профиль: in/out degree 1/0, оборот 35.0 тыс. KZT; выраженной структурной роли нет.",1,0,35000.0,0.0,1,0,0.00029098884359498824,0.0,1,False,False,1.0,1,0.0,0.0,False
100000002371751100,coordinator,0.566475300400534,45,0.778816199376947,"Связующий профиль: seed-ветвей 1, соседних кластеров 0; in/out degree 1/1, bridge pctl 39%.",1,1,200000.0,250000.0,5,1,0.0005254689776604536,1.25,1,False,False,1.0,1,0.0,0.0,False
100000002894076100,terminal,0.9668514463729416,8,0.7481085892300846,"Получатель-кандидат: 4 плательщ., 6 tx, 1.12 млн KZT; исходящих рёбер 0.",4,0,1122782.0,0.0,6,0,0.0003806969020550483,0.0,1,False,False,1.0,2,0.0,0.0,False
100000001362940100,peripheral,0.8099354695149088,6,0.3453493546951491,"Периферийный профиль: in/out degree 1/0, оборот 81.0 тыс. KZT; выраженной структурной роли нет.",1,0,81000.0,0.0,1,0,0.00030012517745684625,0.0,1,False,False,1.0,1,0.0,0.0,False
100000008741372100,peripheral,0.8099354695149088,4,0.19759679572763686,"Периферийный профиль: in/out degree 1/0, оборот 36.0 тыс. KZT; выраженной структурной роли нет.",1,0,35975.0,0.0,1,0,0.00029153116454484117,0.0,1,False,False,1.0,1,0.0,0.0,False
100000002618492100,terminal,0.8944726301735648,6,0.6764574988874055,"Получатель-кандидат: 2 плательщ., 2 tx, 296.5 тыс. KZT; исходящих рёбер 0.",2,0,296500.0,0.0,2,0,0.00036693588868599733,0.0,1,False,False,1.0,1,0.0,0.0,False
100000002750332100,peripheral,0.8099354695149088,8,0.09635068980863373,"Периферийный профиль: in/out degree 1/0, оборот 11.4 тыс. KZT; выраженной структурной роли нет.",1,0,11360.0,0.0,1,0,0.00028524931527666085,0.0,1,False,False,1.0,1,0.0,0.0,False
100000004948177100,terminal,0.9629497107254117,1,0.7187360925678683,"Получатель-кандидат: 3 плательщ., 8 tx, 437.2 тыс. KZT; исходящих рёбер 0.",3,0,437163.0,0.0,8,0,0.00041965055934188757,0.0,1,False,False,1.0,1,0.0,0.0,False
100000002511825100,peripheral,0.8099354695149088,0,0.31330663106364043,"Периферийный профиль: in/out degree 1/0, оборот 65.0 тыс. KZT; выраженной структурной роли нет.",1,0,65000.0,0.0,1,0,0.0002961395133720978,0.0,1,False,False,1.0,1,0.0,0.0,False
100000008566737100,terminal,0.8598499332443258,3,0.6564307966177125,"Получатель-кандидат: 2 плательщ., 2 tx, 230.0 тыс. KZT; исходящих рёбер 0.",2,0,230000.0,0.0,2,0,0.0003474682165871713,0.0,1,False,False,1.0,1,0.0,0.0,False
100000008661585100,peripheral,0.8099354695149088,4,0.22029372496662217,"Периферийный профиль: in/out degree 1/0, оборот 43.1 тыс. KZT; выраженной структурной роли нет.",1,0,43141.0,0.0,1,0,0.00029302389947822986,0.0,1,False,False,1.0,1,0.0,0.0,False
100000004759121100,coordinator,0.9007988429016466,3,0.9808633733867379,"Связующий профиль: seed-ветвей 1, соседних кластеров 3; in/out degree 6/2, bridge pctl 93%.",6,2,710000.0,312000.0,10,6,0.0014177577622751577,0.4394366197183099,1,False,False,1.0,1,5.3428317008014244e-05,0.08732394366197183,True
100000004360785100,peripheral,0.8099354695149088,1,0.365376056964842,"Периферийный профиль: in/out degree 1/0, оборот 94.7 тыс. KZT; выраженной структурной роли нет.",1,0,94705.0,0.0,1,0,0.0002941528042236967,0.0,1,False,False,1.0,1,0.0,0.0,False
100000005092518100,peripheral,0.8099354695149088,4,0.09635068980863373,"Периферийный профиль: in/out degree 1/0, оборот 26.1 тыс. KZT; выраженной структурной роли нет.",1,0,26144.0,0.0,1,0,0.0002894832888638274,0.0,1,False,False,1.0,1,0.0,0.0,False
100000008737958100,terminal,0.8299250556297285,4,0.5932354250111259,"Получатель-кандидат: 2 плательщ., 2 tx, 53.4 тыс. KZT; исходящих рёбер 0.",2,0,53373.0,0.0,2,0,0.00029798814063595216,0.0,1,False,False,1.0,1,0.0,0.0,False
100000003044518100,peripheral,0.8099354695149088,8,0.18958611481975968,"Периферийный профиль: in/out degree 1/0, оборот 34.4 тыс. KZT; выраженной структурной роли нет.",1,0,34423.0,0.0,1,0,0.0002859983009639936,0.0,1,False,False,1.0,1,0.0,0.0,False
100000004159526100,coordinator,0.891851357365376,8,0.9612817089452603,"Связующий профиль: seed-ветвей 1, соседних кластеров 1; in/out degree 4/4, bridge pctl 94%.",4,4,275037.0,68000.0,4,6,0.0008468745683796819,0.24723946232688693,1,False,False,1.0,1,7.420599584446424e-05,0.10907623337950893,True
100000007544358100,coordinator,0.7061726746773476,1,0.822429906542056,"Связующий профиль: seed-ветвей 1, соседних кластеров 0; in/out degree 2/1, bridge pctl 82%.",2,1,322500.0,350000.0,2,3,0.0003386624550807236,1.0852713178294573,1,False,False,1.0,1,1.3357079252003561e-05,0.06976744186046512,False
100000005901606100,peripheral,0.8099354695149088,4,0.19670672007120604,"Периферийный профиль: in/out degree 1/0, оборот 35.7 тыс. KZT; выраженной структурной роли нет.",1,0,35660.0,0.0,1,0,0.00029146554753339577,0.0,1,False,False,1.0,1,0.0,0.0,False
100000006658598100,peripheral,0.8099354695149088,1,0.09635068980863373,"Периферийный профиль: in/out degree 1/0, оборот 9.0 тыс. KZT; выраженной структурной роли нет.",1,0,9000.0,0.0,1,0,0.0002849985826297521,0.0,1,False,False,1.0,1,0.0,0.0,False
100000002793851100,peripheral,0.8099354695149088,1,0.09635068980863373,"Периферийный профиль: in/out degree 1/0, оборот 11.1 тыс. KZT; выраженной структурной роли нет.",1,0,11052.0,0.0,1,0,0.0002852177584387571,0.0,1,False,False,1.0,1,0.0,0.0,False
100000005612411100,distributor,0.8786706890749364,0,0.9675122385402759,"Признаки распределения: 8 получ., 8 tx, 507.0 тыс. KZT; вход: 3 плательщ., 115.5 тыс. KZT.",3,8,115500.0,506997.0,4,8,0.0003253995232915188,4.389584415584416,1,False,False,1.0,1,0.00010685663401602849,1.0,False
100000007511163100,distributor,0.8011638380565913,1,0.8900756564307967,"Признаки распределения: 3 получ., 3 tx, 82.1 тыс. KZT; вход: 2 плательщ., 63.7 тыс. KZT.",2,3,63666.0,82052.0,2,3,0.00033766484804208523,1.2887883642760658,1,False,False,1.0,1,5.6396556841792816e-05,0.7696415669274024,True
100000002648315100,coordinator,0.6207966177125055,8,0.7681352914997774,"Связующий профиль: seed-ветвей 1, соседних кластеров 0; in/out degree 1/2, bridge pctl 79%.",1,2,132000.0,76000.0,1,3,0.0002915570852963462,0.5757575757575758,1,False,False,1.0,1,2.968239833778569e-06,0.0,False
100000004739664100,coordinator,0.589479305740988,4,0.7320872274143302,"Связующий профиль: seed-ветвей 1, соседних кластеров 0; in/out degree 1/1, bridge pctl 79%.",1,1,12000.0,10000.0,1,1,0.0002865369808959443,0.8333333333333334,1,False,False,1.0,1,2.968239833778569e-06,0.0,False
100000003713616100,peripheral,0.8099354695149088,1,0.09635068980863373,"Периферийный профиль: in/out degree 1/0, оборот 15.9 тыс. KZT; выраженной структурной роли нет.",1,0,15893.0,0.0,1,0,0.00028573482963339323,0.0,1,False,False,1.0,1,0.0,0.0,False
100000003476560100,peripheral,0.8099354695149088,6,0.25500667556742324,"Периферийный профиль: in/out degree 1/0, оборот 50.0 тыс. KZT; выраженной структурной роли нет.",1,0,50000.0,0.0,1,0,0.000293968082897768,0.0,1,False,False,1.0,1,0.0,0.0,False
100000008782800100,peripheral,0.8099354695149088,4,0.22118380062305296,"Периферийный профиль: in/out degree 1/0, оборот 43.4 тыс. KZT; выраженной структурной роли нет.",1,0,43381.0,0.0,1,0,0.00029307389339171204,0.0,1,False,False,1.0,1,0.0,0.0,False
100000004218576100,peripheral,0.8099354695149088,4,0.09635068980863373,"Периферийный профиль: in/out degree 1/0, оборот 26.1 тыс. KZT; выраженной структурной роли нет.",1,0,26144.0,0.0,1,0,0.0002894832888638274,0.0,1,False,False,1.0,1,0.0,0.0,False
100000003299365100,transit,0.7216688918558078,6,0.7801513128615932,"Признаки транзита: вход 200.0 тыс., выход 200.0 тыс. KZT; совпадение в тот же день 100%, двусторонних дней 1.",1,1,200000.0,200000.0,1,1,0.00032376047592556586,1.0,1,False,False,1.0,1,0.0,1.0,True
100000008730021100,terminal,0.8123556742323098,6,0.6840231419670671,"Получатель-кандидат: 1 плательщ., 3 tx, 75.6 тыс. KZT; исходящих рёбер 0.",1,0,75555.0,0.0,3,0,0.0004652958445441761,0.0,1,False,False,1.0,1,0.0,0.0,False
100000002757797100,peripheral,0.8099354695149088,8,0.3751668891855808,"Периферийный профиль: in/out degree 1/0, оборот 100.0 тыс. KZT; выраженной структурной роли нет.",1,0,100000.0,0.0,1,0,0.00030052453437324404,0.0,1,False,False,1.0,1,0.0,0.0,False
100000002845605100,peripheral,0.8099354695149088,0,0.30262572318647085,"Периферийный профиль: in/out degree 1/0, оборот 57.6 тыс. KZT; выраженной структурной роли нет.",1,0,57567.0,0.0,1,0,0.00029475557703608396,0.0,1,False,False,1.0,1,0.0,0.0,False
100000000817146100,peripheral,0.8099354695149088,1,0.5344904316866934,"Периферийный профиль: in/out degree 1/0, оборот 70.0 тыс. KZT; выраженной структурной роли нет.",1,0,70020.0,0.0,1,0,0.0005856492844319824,0.0,1,False,False,1.0,1,0.0,0.0,False
100000002957306100,terminal,0.9025630618602581,6,0.724076546506453,"Получатель-кандидат: 2 плательщ., 2 tx, 398.5 тыс. KZT; исходящих рёбер 0.",2,0,398490.0,0.0,2,0,0.00035317113888130316,0.0,1,False,False,1.0,2,0.0,0.0,False
100000008188026100,distributor,0.8408273736964211,1,0.89942145082332,"Признаки распределения: 4 получ., 4 tx, 338.0 тыс. KZT; вход: 2 плательщ., 86.5 тыс. KZT.",2,4,86468.0,337983.17,5,4,0.00029768090468434787,3.9087659018365173,1,False,False,1.0,1,5.194419709112496e-05,0.0,True
100000004790991100,terminal,0.8765792612372052,1,0.6466399643969737,"Получатель-кандидат: 1 плательщ., 4 tx, 239.4 тыс. KZT; исходящих рёбер 0.",1,0,239413.0,0.0,4,0,0.0003096091848131201,0.0,1,False,False,1.0,1,0.0,0.0,False
100000002973903100,terminal,0.8832395193591456,8,0.6461949265687583,"Получатель-кандидат: 3 плательщ., 3 tx, 92.9 тыс. KZT; исходящих рёбер 0.",3,0,92880.0,0.0,3,0,0.0003151225913288541,0.0,1,False,False,1.0,1,0.0,0.0,False
100000004325327100,coordinator,0.774363595905652,10,0.8251001335113485,"Связующий профиль: seed-ветвей 1, соседних кластеров 1; in/out degree 2/1, bridge pctl 89%.",2,1,70817.0,70000.0,3,1,0.00029418161970957003,0.988463222107686,1,False,False,1.0,1,2.6714158504007122e-05,0.0,False
100000001477796100,peripheral,0.8099354695149088,0,0.507343124165554,"Периферийный профиль: in/out degree 1/0, оборот 182.0 тыс. KZT; выраженной структурной роли нет.",1,0,182000.0,0.0,1,0,0.00032883574372601906,0.0,1,False,False,1.0,1,0.0,0.0,False
100000007536804100,coordinator,0.6169047619047618,8,0.7570093457943925,"Связующий профиль: seed-ветвей 1, соседних кластеров 0; in/out degree 1/2, bridge pctl 79%.",1,2,100000.0,55000.0,1,2,0.0002897341034601012,0.55,1,False,False,1.0,1,5.936479667557138e-06,0.0,False
100000008665380100,coordinator,0.741646639964397,10,0.7685803293279929,"Связующий профиль: seed-ветвей 1, соседних кластеров 1; in/out degree 2/1, bridge pctl 82%.",2,1,69100.0,18200.0,2,1,0.00028920444200957135,0.2633863965267728,1,False,False,1.0,1,1.3357079252003561e-05,0.0,False
100000001870116100,peripheral,0.8099354695149088,4,0.09635068980863373,"Периферийный профиль: in/out degree 1/0, оборот 24.0 тыс. KZT; выраженной структурной роли нет.",1,0,24000.0,0.0,1,0,0.0002890366765700533,0.0,1,False,False,1.0,1,0.0,0.0,False
100000001074553100,terminal,0.7972115709835337,8,0.6817979528259902,"Получатель-кандидат: 2 плательщ., 2 tx, 29.0 тыс. KZT; исходящих рёбер 0.",2,0,28971.0,0.0,2,0,0.00028794111059852356,0.0,1,False,False,1.0,2,0.0,0.0,False
100000000978041100,peripheral,0.8099354695149088,4,0.22541165999109924,"Периферийный профиль: in/out degree 1/0, оборот 44.4 тыс. KZT; выраженной структурной роли нет.",1,0,44445.0,0.0,1,0,0.0002932955330748164,0.0,1,False,False,1.0,1,0.0,0.0,False
100000002603769100,terminal,0.9512167334223409,0,0.7369826435246996,"Получатель-кандидат: 3 плательщ., 3 tx, 1.19 млн KZT; исходящих рёбер 0.",3,0,1185368.0,0.0,3,0,0.0005381790458078233,0.0,1,False,False,1.0,1,0.0,0.0,False
100000005034574100,terminal,0.8951854027592346,46,0.7165109034267912,"Получатель-кандидат: 1 плательщ., 16 tx, 258.8 тыс. KZT; исходящих рёбер 0.",1,0,258816.0,0.0,16,0,0.00042264457713293315,0.0,1,False,False,1.0,1,0.0,0.0,False
100000002958286100,peripheral,0.8099354695149088,8,0.5046728971962616,"Периферийный профиль: in/out degree 1/0, оборот 257.0 тыс. KZT; выраженной структурной роли нет.",1,0,257000.0,0.0,1,0,0.0003114573313565304,0.0,1,False,False,1.0,1,0.0,0.0,False
100000005634552100,distributor,0.8245106758651672,0,0.8157543391188251,"Признаки распределения: 3 получ., 4 tx, 1.20 млн KZT; вход: 1 плательщ., 25.9 тыс. KZT.",1,3,25850.0,1196000.0,1,4,0.0002867983449990184,46.2669245647969,1,False,False,1.0,1,1.7289997031760165e-05,0.0,False
100000008736760100,peripheral,0.8099354695149088,4,0.29595015576323985,"Периферийный профиль: in/out degree 1/0, оборот 54.8 тыс. KZT; выраженной структурной роли нет.",1,0,54757.0,0.0,1,0,0.0002954436048907673,0.0,1,False,False,1.0,1,0.0,0.0,False
100000008701944100,peripheral,0.8099354695149088,6,0.45482866043613707,"Периферийный профиль: in/out degree 1/0, оборот 52.1 тыс. KZT; выраженной структурной роли нет.",1,0,52124.0,0.0,1,0,0.0004090842198537947,0.0,1,False,False,1.0,1,0.0,0.0,False
100000008748408100,distributor,0.8604033216329445,14,0.8308856252781487,"Признаки распределения: 21 получ., 22 tx, 1.50 млн KZT; вход: 1 плательщ., 360.0 тыс. KZT.",1,21,360000.0,1499960.0,2,22,0.00033220630538489525,4.166555555555555,1,False,False,1.0,1,0.0,0.5555555555555556,False
100000008486520100,coordinator,0.6065287049399198,1,0.7445482866043613,"Связующий профиль: seed-ветвей 1, соседних кластеров 0; in/out degree 1/1, bridge pctl 82%.",1,1,35720.0,14000.0,2,1,0.0002878525678230337,0.3919372900335946,1,False,False,1.0,1,1.3357079252003561e-05,0.0,False
100000003163256100,coordinator,0.5947797062750334,1,0.7409879839786382,"Связующий профиль: seed-ветвей 1, соседних кластеров 0; in/out degree 1/1, bridge pctl 82%.",1,1,13485.0,15000.0,1,1,0.00028547762917136395,1.1123470522803114,1,False,False,1.0,1,1.3357079252003561e-05,0.0,False
100000003102157100,terminal,0.7802739652870494,0,0.5896751223854028,"Получатель-кандидат: 1 плательщ., 2 tx, 96.7 тыс. KZT; исходящих рёбер 0.",1,0,96746.0,0.0,2,0,0.00030205024160068596,0.0,1,False,False,1.0,1,0.0,0.0,False
100000004741837100,peripheral,0.8099354695149088,1,0.09635068980863373,"Периферийный профиль: in/out degree 1/0, оборот 25.6 тыс. KZT; выраженной структурной роли нет.",1,0,25596.0,0.0,1,0,0.0002867712150499505,0.0,1,False,False,1.0,1,0.0,0.0,False
100000008443341100,coordinator,0.874454828660436,22,0.9390298175344904,"Связующий профиль: seed-ветвей 1, соседних кластеров 2; in/out degree 2/3, bridge pctl 91%.",2,3,34500.0,50000.0,2,4,0.000664448522919095,1.4492753623188406,1,False,False,1.0,1,3.131470922419088e-05,0.6956521739130435,True
100000004792397100,peripheral,0.8099354695149088,4,0.32888295505117937,"Периферийный профиль: in/out degree 1/0, оборот 73.5 тыс. KZT; выраженной структурной роли нет.",1,0,73520.0,0.0,1,0,0.00029935208738520944,0.0,1,False,False,1.0,1,0.0,0.0,False
100000003809101100,coordinator,0.7557409879839786,6,0.9216733422340899,"Связующий профиль: seed-ветвей 1, соседних кластеров 0; in/out degree 2/2, bridge pctl 95%.",2,2,166050.0,55200.0,3,4,0.00035992234330043033,0.3324299909665763,1,False,False,1.0,1,8.360542198476302e-05,0.06022282445046673,True
100000002838861100,coordinator,0.9686315086782377,12,0.9853137516688919,"Связующий профиль: seed-ветвей 2, соседних кластеров 1; in/out degree 5/1, bridge pctl 87%.",5,1,554523.95,10000.0,5,1,0.002227416533234701,0.018033486200190272,1,False,False,1.0,2,1.4890835286514562e-05,0.0,True
100000008560717100,coordinator,0.8149666221628838,5,0.8486871384067646,"Связующий профиль: seed-ветвей 1, соседних кластеров 3; in/out degree 7/1, bridge pctl 82%.",7,1,529000.0,25000.0,9,1,0.000328946579376695,0.04725897920604915,1,False,False,1.0,1,1.3357079252003561e-05,0.0,False
100000008693069100,peripheral,0.8099354695149088,4,0.09635068980863373,"Периферийный профиль: in/out degree 1/0, оборот 20.0 тыс. KZT; выраженной структурной роли нет.",1,0,20000.0,0.0,1,0,0.00028820344467868364,0.0,1,False,False,1.0,1,0.0,0.0,False
100000008672162100,peripheral,0.8099354695149088,4,0.09635068980863373,"Периферийный профиль: in/out degree 1/0, оборот 15.6 тыс. KZT; выраженной структурной роли нет.",1,0,15550.0,0.0,1,0,0.0002872764741995349,0.0,1,False,False,1.0,1,0.0,0.0,False
100000007311010100,coordinator,0.7883155318202048,6,0.792167334223409,"Связующий профиль: seed-ветвей 1, соседних кластеров 1; in/out degree 2/1, bridge pctl 87%.",2,1,64480.0,20000.0,2,1,0.00030764284202719445,0.31017369727047145,1,False,False,1.0,1,1.7809439002671416e-05,0.0,False
100000005505655100,coordinator,0.8246172674677348,23,0.9020916777926123,"Связующий профиль: seed-ветвей 1, соседних кластеров 1; in/out degree 2/1, bridge pctl 97%.",2,1,33070.0,20000.0,2,1,0.00031969994614084444,0.6047777441790142,1,False,False,1.0,1,0.00018699910952804985,0.3952222558209858,True
100000004707703100,coordinator,0.8762661326212728,1,0.9265687583444593,"Связующий профиль: seed-ветвей 1, соседних кластеров 1; in/out degree 2/5, bridge pctl 94%.",2,5,239300.0,231650.0,3,6,0.0006316421760064726,0.9680317592979524,1,False,False,1.0,1,6.975363609379638e-05,0.4513163393230255,False
100000004005964100,distributor,0.757309550594208,21,0.8509123275478415,"Признаки распределения: 3 получ., 5 tx, 72.0 тыс. KZT; вход: 3 плательщ., 97.9 тыс. KZT.",3,3,97900.0,72000.0,9,5,0.00040207843214423695,0.7354443309499489,1,False,False,1.0,1,0.0,0.10214504596527069,True
100000008244300100,terminal,0.8959861148197598,0,0.715175789942145,"Получатель-кандидат: 5 плательщ., 6 tx, 65.4 тыс. KZT; исходящих рёбер 0.",5,0,65430.0,0.0,6,0,0.0004764706483206213,0.0,1,False,False,1.0,1,0.0,0.0,False
100000002692044100,peripheral,0.8099354695149088,8,0.36626613262127283,"Периферийный профиль: in/out degree 1/0, оборот 97.0 тыс. KZT; выраженной структурной роли нет.",1,0,97000.0,0.0,1,0,0.00030002991689870176,0.0,1,False,False,1.0,1,0.0,0.0,False
100000001103905100,peripheral,0.8099354695149088,4,0.09635068980863373,"Периферийный профиль: in/out degree 1/0, оборот 18.0 тыс. KZT; выраженной структурной роли нет.",1,0,18000.0,0.0,1,0,0.0002877868287329988,0.0,1,False,False,1.0,1,0.0,0.0,False
100000008755361100,peripheral,0.8099354695149088,4,0.09635068980863373,"Периферийный профиль: in/out degree 1/0, оборот 14.6 тыс. KZT; выраженной структурной роли нет.",1,0,14627.0,0.0,1,0,0.0002870842059406014,0.0,1,False,False,1.0,1,0.0,0.0,False
100000002810870100,peripheral,0.8099354695149088,4,0.1851357365376057,"Периферийный профиль: in/out degree 1/0, оборот 33.7 тыс. KZT; выраженной структурной роли нет.",1,0,33677.0,0.0,1,0,0.0002910524728232493,0.0,1,False,False,1.0,1,0.0,0.0,False
100000005897462100,peripheral,0.8099354695149088,6,0.367601246105919,"Периферийный профиль: in/out degree 1/0, оборот 98.4 тыс. KZT; выраженной структурной роли нет.",1,0,98400.0,0.0,1,0,0.0002988782712888111,0.0,1,False,False,1.0,1,0.0,0.0,False
100000000941942100,peripheral,0.8099354695149088,6,0.4437027147307521,"Периферийный профиль: in/out degree 1/0, оборот 130.0 тыс. KZT; выраженной структурной роли нет.",1,0,130000.0,0.0,1,0,0.0003098573591792602,0.0,1,False,False,1.0,1,0.0,0.0,False
100000008723830100,coordinator,0.7061192701379617,1,0.8166444147752558,"Связующий профиль: seed-ветвей 1, соседних кластеров 0; in/out degree 2/1, bridge pctl 82%.",2,1,459785.0,455000.0,2,1,0.0003383354622052069,0.9895929619278576,1,False,False,1.0,1,1.3357079252003561e-05,0.0,False
100000008776576100,peripheral,0.8099354695149088,4,0.09635068980863373,"Периферийный профиль: in/out degree 1/0, оборот 14.8 тыс. KZT; выраженной структурной роли нет.",1,0,14765.0,0.0,1,0,0.00028711295244085363,0.0,1,False,False,1.0,1,0.0,0.0,False
100000005432267100,terminal,0.8728649755229194,6,0.6688918558077437,"Получатель-кандидат: 2 плательщ., 2 tx, 350.0 тыс. KZT; исходящих рёбер 0.",2,0,350001.0,0.0,2,0,0.0003403512219801059,0.0,1,False,False,1.0,1,0.0,0.0,False
100000006745291100,peripheral,0.8099354695149088,6,0.3475745438362261,"Периферийный профиль: in/out degree 1/0, оборот 82.5 тыс. KZT; выраженной структурной роли нет.",1,0,82534.0,0.0,1,0,0.0002964853131085404,0.0,1,False,False,1.0,1,0.0,0.0,False
100000008670667100,peripheral,0.8099354695149088,4,0.09635068980863373,"Периферийный профиль: in/out degree 1/0, оборот 15.5 тыс. KZT; выраженной структурной роли нет.",1,0,15534.0,0.0,1,0,0.00028727314127196944,0.0,1,False,False,1.0,1,0.0,0.0,False
100000002480800100,terminal,0.8850885625278149,3,0.730752113929684,"Получатель-кандидат: 2 плательщ., 2 tx, 569.3 тыс. KZT; исходящих рёбер 0.",2,0,569251.0,0.0,2,0,0.0006369754611982074,0.0,1,False,False,1.0,1,0.0,0.0,False
100000002182176100,peripheral,0.8099354695149088,0,0.21851357365376056,"Периферийный профиль: in/out degree 1/0, оборот 42.5 тыс. KZT; выраженной структурной роли нет.",1,0,42465.0,0.0,1,0,0.00029194376396646455,0.0,1,False,False,1.0,1,0.0,0.0,False
100000008219168100,terminal,0.7834143302180685,8,0.5838896306186026,"Получатель-кандидат: 1 плательщ., 2 tx, 53.2 тыс. KZT; исходящих рёбер 0.",1,0,53200.0,0.0,2,0,0.0002870679925245928,0.0,1,False,False,1.0,1,0.0,0.0,False
100000004226848100,peripheral,0.8099354695149088,6,0.5442812639074321,"Периферийный профиль: in/out degree 1/0, оборот 301.9 тыс. KZT; выраженной структурной роли нет.",1,0,301866.0,0.0,1,0,0.00034399268864669685,0.0,1,False,False,1.0,1,0.0,0.0,False
100000006326645100,peripheral,0.8099354695149088,4,0.09635068980863373,"Периферийный профиль: in/out degree 1/0, оборот 25.3 тыс. KZT; выраженной структурной роли нет.",1,0,25264.0,0.0,1,0,0.0002892999778477261,0.0,1,False,False,1.0,1,0.0,0.0,False
100000003589877100,distributor,0.8626473485385349,8,0.9559412550066756,"Признаки распределения: 6 получ., 6 tx, 416.1 тыс. KZT; вход: 2 плательщ., 176.0 тыс. KZT.",2,6,176000.0,416129.0,2,6,0.00030530305530255067,2.364369318181818,1,False,False,1.0,1,6.530127634312852e-05,1.0,False
100000003942602100,transit,0.7216688918558078,4,0.7209612817089452,"Признаки транзита: вход 30.0 тыс., выход 30.0 тыс. KZT; совпадение в тот же день 100%, двусторонних дней 1.",1,1,30000.0,30000.0,1,1,0.00029028652440710775,1.0,1,False,False,1.0,1,0.0,1.0,True
100000000922570100,coordinator,0.5035647530040053,8,0.6666666666666666,"Связующий профиль: seed-ветвей 1, соседних кластеров 0; in/out degree 1/1, bridge pctl 39%.",1,1,47101.0,50000.0,1,1,0.0002918029444446404,1.0615485870788306,1,False,False,1.0,1,0.0,0.0,False
100000005079754100,coordinator,0.6761637739207832,6,0.8233199821984869,"Связующий профиль: seed-ветвей 1, соседних кластеров 0; in/out degree 1/2, bridge pctl 94%.",1,2,70000.0,122000.0,1,2,0.0002979404019681411,1.7428571428571429,1,False,False,1.0,1,7.14760093752699e-05,0.0,False
100000003187359100,peripheral,0.8099354695149088,4,0.09635068980863373,"Периферийный профиль: in/out degree 1/0, оборот 19.1 тыс. KZT; выраженной структурной роли нет.",1,0,19072.0,0.0,1,0,0.00028801013487988585,0.0,1,False,False,1.0,1,0.0,0.0,False
100000000998559100,peripheral,0.8099354695149088,6,0.38896306186025814,"Периферийный профиль: in/out degree 1/0, оборот 100.0 тыс. KZT; выраженной структурной роли нет.",1,0,100000.0,0.0,1,0,0.00030389888057370064,0.0,1,False,False,1.0,1,0.0,0.0,False
100000008690932100,peripheral,0.8099354695149088,4,0.09635068980863373,"Периферийный профиль: in/out degree 1/0, оборот 23.0 тыс. KZT; выраженной структурной роли нет.",1,0,23000.0,0.0,1,0,0.00028882836859721084,0.0,1,False,False,1.0,1,0.0,0.0,False
100000008773876100,peripheral,0.8099354695149088,4,0.09635068980863373,"Периферийный профиль: in/out degree 1/0, оборот 26.1 тыс. KZT; выраженной структурной роли нет.",1,0,26120.0,0.0,1,0,0.00028947828947247916,0.0,1,False,False,1.0,1,0.0,0.0,False
100000006789108100,peripheral,0.8099354695149088,6,0.20449488206497551,"Периферийный профиль: in/out degree 1/0, оборот 37.5 тыс. KZT; выраженной структурной роли нет.",1,0,37500.0,0.0,1,0,0.00028969314881443283,0.0,1,False,False,1.0,1,0.0,0.0,False
100000004058740100,peripheral,0.8099354695149088,4,0.17378727191811305,"Периферийный профиль: in/out degree 1/0, оборот 30.0 тыс. KZT; выраженной структурной роли нет.",1,0,30000.0,0.0,1,0,0.00029028652440710775,0.0,1,False,False,1.0,1,0.0,0.0,False
100000007641801100,peripheral,0.8099354695149088,8,0.4483756119270138,"Периферийный профиль: in/out degree 1/0, оборот 200.0 тыс. KZT; выраженной структурной роли нет.",1,0,200000.0,0.0,1,0,0.000295430921698367,0.0,1,False,False,1.0,1,0.0,0.0,False
100000000555721100,terminal,0.8767181130396084,0,0.634623943035158,"Получатель-кандидат: 2 плательщ., 3 tx, 113.0 тыс. KZT; исходящих рёбер 0.",2,0,113000.0,0.0,3,0,0.00030638235457758253,0.0,1,False,False,1.0,1,0.0,0.0,False
100000008729801100,peripheral,0.8099354695149088,4,0.09635068980863373,"Периферийный профиль: in/out degree 1/0, оборот 17.5 тыс. KZT; выраженной структурной роли нет.",1,0,17534.0,0.0,1,0,0.00028768975721765424,0.0,1,False,False,1.0,1,0.0,0.0,False
100000004664905100,terminal,0.9321477525589676,1,0.7044948820649756,"Получатель-кандидат: 2 плательщ., 4 tx, 329.0 тыс. KZT; исходящих рёбер 0.",2,0,329020.0,0.0,4,0,0.0004093944957879404,0.0,1,False,False,1.0,1,0.0,0.0,False
100000003057225100,peripheral,0.8099354695149088,1,0.4939919893190921,"Периферийный профиль: in/out degree 1/0, оборот 236.0 тыс. KZT; выраженной структурной роли нет.",1,0,236000.0,0.0,1,0,0.00030924463947387345,0.0,1,False,False,1.0,1,0.0,0.0,False
100000000703902100,peripheral,0.8099354695149088,4,0.09635068980863373,"Периферийный профиль: in/out degree 1/0, оборот 25.5 тыс. KZT; выраженной структурной роли нет.",1,0,25499.0,0.0,1,0,0.00028934893022134405,0.0,1,False,False,1.0,1,0.0,0.0,False
100000008720798100,peripheral,0.8099354695149088,4,0.09635068980863373,"Периферийный профиль: in/out degree 1/0, оборот 15.5 тыс. KZT; выраженной структурной роли нет.",1,0,15534.0,0.0,1,0,0.00028727314127196944,0.0,1,False,False,1.0,1,0.0,0.0,False
100000001411870100,terminal,0.9395161548731643,9,0.7236315086782377,"Получатель-кандидат: 2 плательщ., 4 tx, 900.0 тыс. KZT; исходящих рёбер 0.",2,0,900000.0,0.0,4,0,0.0004752113492993902,0.0,1,False,False,1.0,1,0.0,0.0,False
100000008556318100,terminal,0.8770606141522029,6,0.6969292389853138,"Получатель-кандидат: 2 плательщ., 2 tx, 180.1 тыс. KZT; исходящих рёбер 0.",2,0,180132.0,0.0,2,0,0.000557125293019765,0.0,1,False,False,1.0,1,0.0,0.0,False
100000002720627100,peripheral,0.8099354695149088,6,0.4948820649755229,"Периферийный профиль: in/out degree 1/0, оборот 199.3 тыс. KZT; выраженной структурной роли нет.",1,0,199300.0,0.0,1,0,0.0003140963149286266,0.0,1,False,False,1.0,1,0.0,0.0,False
100000003022835100,peripheral,0.8099354695149088,6,0.42679127725856697,"Периферийный профиль: in/out degree 1/0, оборот 125.0 тыс. KZT; выраженной структурной роли нет.",1,0,125000.0,0.0,1,0,0.00030886427941166693,0.0,1,False,False,1.0,1,0.0,0.0,False
100000008304115100,peripheral,0.8099354695149088,8,0.2654650645304851,"Периферийный профиль: in/out degree 1/0, оборот 51.0 тыс. KZT; выраженной структурной роли нет.",1,0,51000.0,0.0,1,0,0.0002924457822890538,0.0,1,False,False,1.0,1,0.0,0.0,False
100000003886323100,coordinator,0.7510858923008455,1,0.947485536270583,"Связующий профиль: seed-ветвей 1, соседних кластеров 0; in/out degree 2/1, bridge pctl 82%.",2,1,78168.0,7650.0,6,1,0.0018965814572738608,0.09786613447958244,1,False,False,1.0,1,1.3357079252003561e-05,0.0,True
100000000607731100,coordinator,0.5345126835781041,25,0.7018246550956831,"Связующий профиль: seed-ветвей 1, соседних кластеров 0; in/out degree 1/1, bridge pctl 39%.",1,1,20000.0,66666.0,1,1,0.0003157270740657747,3.3333,1,False,False,1.0,1,0.0,0.0,False
100000005961971100,peripheral,0.8099354695149088,4,0.24121050289274587,"Периферийный профиль: in/out degree 1/0, оборот 47.4 тыс. KZT; выраженной структурной роли нет.",1,0,47353.0,0.0,1,0,0.0002939012926598421,0.0,1,False,False,1.0,1,0.0,0.0,False
100000000440392100,terminal,0.8471195371606587,1,0.6310636404094349,"Получатель-кандидат: 1 плательщ., 4 tx, 105.7 тыс. KZT; исходящих рёбер 0.",1,0,105705.0,0.0,4,0,0.0002953277232778171,0.0,1,False,False,1.0,1,0.0,0.0,False
100000004105288100,terminal,0.8842716510903428,6,0.6822429906542056,"Получатель-кандидат: 2 плательщ., 2 tx, 215.0 тыс. KZT; исходящих рёбер 0.",2,0,215000.0,0.0,2,0,0.0004603070175881859,0.0,1,False,False,1.0,1,0.0,0.0,False
100000008169544100,distributor,0.8231908900340641,1,0.8998664886515354,"Признаки распределения: 4 получ., 7 tx, 42.8 тыс. KZT; вход: 1 плательщ., 137.1 тыс. KZT.",1,4,137104.0,42800.0,2,7,0.0002986814763123923,0.31217178200490137,1,False,False,1.0,1,6.215164407506349e-05,0.0,True
100000004186824100,peripheral,0.3275367156208278,1,0.49577214063195374,"Периферийный профиль: in/out degree 2/1, оборот 458.7 тыс. KZT; выраженной структурной роли нет.",2,1,451700.0,7000.0,7,1,0.0003797561606799862,0.015497011290679655,1,False,False,1.0,1,0.0,0.0,False
100000008672200100,peripheral,0.8099354695149088,4,0.09635068980863373,"Периферийный профиль: in/out degree 1/0, оборот 8.5 тыс. KZT; выраженной структурной роли нет.",1,0,8511.0,0.0,1,0,0.00028581019437869717,0.0,1,False,False,1.0,1,0.0,0.0,False
100000002188829100,peripheral,0.8099354695149088,6,0.5571873609256787,"Периферийный профиль: in/out degree 1/0, оборот 400.0 тыс. KZT; выраженной структурной роли нет.",1,0,400000.0,0.0,1,0,0.00036348366662929625,0.0,1,False,False,1.0,1,0.0,0.0,False
100000008717341100,peripheral,0.8099354695149088,4,0.09635068980863373,"Периферийный профиль: in/out degree 1/0, оборот 14.6 тыс. KZT; выраженной структурной роли нет.",1,0,14627.0,0.0,1,0,0.0002870842059406014,0.0,1,False,False,1.0,1,0.0,0.0,False
100000002214301100,coordinator,0.7237650200267023,33,0.7948375611927013,"Связующий профиль: seed-ветвей 1, соседних кластеров 1; in/out degree 1/1, bridge pctl 94%.",1,1,21438.0,8000.0,1,1,0.00028802878625391735,0.373169138912212,1,False,False,1.0,1,6.700875878931553e-05,0.0,False
100000002565277100,peripheral,0.8099354695149088,6,0.5651980418335558,"Периферийный профиль: in/out degree 1/0, оборот 483.3 тыс. KZT; выраженной структурной роли нет.",1,0,483319.0,0.0,1,0,0.00038003214926051685,0.0,1,False,False,1.0,1,0.0,0.0,False
100000005546031100,consolidator,0.7079572763684914,39,0.8954161103693814,"Признаки сбора: 3 плательщ., 6 tx, 66.8 тыс. KZT; выход: 1 получ., 8.0 тыс. KZT; seed-ветвей 1.",3,1,66800.0,8000.0,6,1,0.0007080421637853985,0.11976047904191617,1,False,False,1.0,1,0.0,0.0,True
100000003449074100,peripheral,0.8099354695149088,0,0.09635068980863373,"Периферийный профиль: in/out degree 1/0, оборот 10.0 тыс. KZT; выраженной структурной роли нет.",1,0,10000.0,0.0,1,0,0.00028589916647572193,0.0,1,False,False,1.0,1,0.0,0.0,False
100000008748914100,distributor,0.850561212358268,6,0.9221183800623053,"Признаки распределения: 13 получ., 21 tx, 4.47 млн KZT; вход: 2 плательщ., 180.0 тыс. KZT.",2,13,180000.0,4471847.0,9,21,0.0007859480846629874,24.843594444444445,1,False,False,1.0,1,0.0,0.4888888888888889,True
100000004744306100,coordinator,0.7092745883400088,16,0.8144192256341789,"Связующий профиль: seed-ветвей 1, соседних кластеров 0; in/out degree 1/2, bridge pctl 90%.",1,2,69000.0,92000.0,1,3,0.0004580116473866197,1.3333333333333333,1,False,False,1.0,1,2.680350351572621e-05,0.0,False
100000003158727100,terminal,0.9242008010680909,2,0.6582109479305741,"Получатель-кандидат: 3 плательщ., 3 tx, 367.9 тыс. KZT; исходящих рёбер 0.",3,0,367940.0,0.0,3,0,0.00031244771091282545,0.0,1,False,False,1.0,1,0.0,0.0,False
100000001389255100,peripheral,0.8099354695149088,4,0.09635068980863373,"Периферийный профиль: in/out degree 1/0, оборот 16.1 тыс. KZT; выраженной структурной роли нет.",1,0,16136.0,0.0,1,0,0.00028739854267162055,0.0,1,False,False,1.0,1,0.0,0.0,False
100000008695495100,peripheral,0.8099354695149088,4,0.09635068980863373,"Периферийный профиль: in/out degree 1/0, оборот 21.0 тыс. KZT; выраженной структурной роли нет.",1,0,21000.0,0.0,1,0,0.00028841175265152604,0.0,1,False,False,1.0,1,0.0,0.0,False
100000004015047100,coordinator,0.9071161548731642,9,0.9879839786381842,"Связующий профиль: seed-ветвей 3, соседних кластеров 3; in/out degree 9/1, bridge pctl 80%.",9,1,919104.0,69195.0,18,7,0.0022569404512171104,0.07528527783580531,1,False,False,1.0,3,8.904719501335708e-06,0.03702736578232713,True
100000005183943100,terminal,0.9203222073876279,35,0.7405429461504228,"Получатель-кандидат: 1 плательщ., 9 tx, 680.9 тыс. KZT; исходящих рёбер 0.",1,0,680900.0,0.0,9,0,0.0006064501176018304,0.0,1,False,False,1.0,1,0.0,0.0,False
100000003004487100,coordinator,0.8631286159323542,27,0.9724076546506453,"Связующий профиль: seed-ветвей 1, соседних кластеров 2; in/out degree 4/2, bridge pctl 96%.",4,2,183702.8,265015.0,9,3,0.0003487690312776526,1.4426290726107605,1,False,False,1.0,1,0.0001350549124369249,0.0,True
100000003042994100,terminal,0.8711177570093458,1,0.6439697374276814,"Получатель-кандидат: 1 плательщ., 3 tx, 286.1 тыс. KZT; исходящих рёбер 0.",1,0,286086.0,0.0,3,0,0.00031459436635975304,0.0,1,False,False,1.0,1,0.0,0.0,False
100000001899164100,coordinator,0.8931308411214954,22,0.9661771250556297,"Связующий профиль: seed-ветвей 1, соседних кластеров 1; in/out degree 4/3, bridge pctl 94%.",4,3,291675.0,76500.0,5,3,0.0011663047732316525,0.2622782206222679,1,False,False,1.0,1,8.014247551202137e-05,0.0,True
100000003946524100,coordinator,0.7462483311081441,6,0.9154428126390743,"Связующий профиль: seed-ветвей 1, соседних кластеров 0; in/out degree 2/2, bridge pctl 95%.",2,2,133757.0,144750.0,2,2,0.00032422406045416995,1.0821863528637754,1,False,False,1.0,1,8.934501171908738e-05,0.0,True
100000008717340100,peripheral,0.8099354695149088,4,0.21717846016911438,"Периферийный профиль: in/out degree 1/0, оборот 41.5 тыс. KZT; выраженной структурной роли нет.",1,0,41500.0,0.0,1,0,0.0002926820660947955,0.0,1,False,False,1.0,1,0.0,0.0,False
100000003831324100,terminal,0.8951761459724077,8,0.6484201157098354,"Получатель-кандидат: 2 плательщ., 2 tx, 300.0 тыс. KZT; исходящих рёбер 0.",2,0,300000.0,0.0,2,0,0.00031347030567981094,0.0,1,False,False,1.0,1,0.0,0.0,False
100000008129393100,peripheral,0.8099354695149088,41,0.19804183355585225,"Периферийный профиль: in/out degree 1/0, оборот 10.0 тыс. KZT; выраженной структурной роли нет.",1,0,10000.0,0.0,1,0,0.0003099957283969317,0.0,1,False,False,1.0,1,0.0,0.0,False
100000004388209100,peripheral,0.8099354695149088,4,0.09635068980863373,"Периферийный профиль: in/out degree 1/0, оборот 11.8 тыс. KZT; выраженной структурной роли нет.",1,0,11800.0,0.0,1,0,0.00028649531930137587,0.0,1,False,False,1.0,1,0.0,0.0,False
100000000706545100,consolidator,0.8010235870048954,1,0.9483756119270138,"Признаки сбора: 3 плательщ., 8 tx, 1.07 млн KZT; выход: 1 получ., 75.8 тыс. KZT; seed-ветвей 1.",3,1,1070300.0,75800.0,8,3,0.0034135578896553314,0.07082126506586939,1,False,False,1.0,1,1.3401751757863106e-05,0.0,True
100000004497606100,peripheral,0.8099354695149088,4,0.09635068980863373,"Периферийный профиль: in/out degree 1/0, оборот 15.5 тыс. KZT; выраженной структурной роли нет.",1,0,15534.0,0.0,1,0,0.00028727314127196944,0.0,1,False,False,1.0,1,0.0,0.0,False
100000008470470100,peripheral,0.8099354695149088,4,0.1846906987093903,"Периферийный профиль: in/out degree 1/0, оборот 33.5 тыс. KZT; выраженной структурной роли нет.",1,0,33547.0,0.0,1,0,0.00029102539278677976,0.0,1,False,False,1.0,1,0.0,0.0,False
100000004318918100,peripheral,0.8099354695149088,6,0.3302180685358255,"Периферийный профиль: in/out degree 1/0, оборот 75.6 тыс. KZT; выраженной структурной роли нет.",1,0,75600.0,0.0,1,0,0.00029543950622451184,0.0,1,False,False,1.0,1,0.0,0.0,False
100000005228059100,peripheral,0.8099354695149088,4,0.09635068980863373,"Периферийный профиль: in/out degree 1/0, оборот 26.0 тыс. KZT; выраженной структурной роли нет.",1,0,26000.0,0.0,1,0,0.0002894532925157381,0.0,1,False,False,1.0,1,0.0,0.0,False
100000001609499100,coordinator,0.7621495327102804,0,0.9074321317311972,"Связующий профиль: seed-ветвей 1, соседних кластеров 2; in/out degree 3/2, bridge pctl 93%.",3,2,263113.0,21000.0,3,2,0.0003191105415803824,0.07981361620292422,1,False,False,1.0,1,5.769612548330268e-05,0.0,True
100000002824176100,peripheral,0.8099354695149088,9,0.5006675567423231,"Периферийный профиль: in/out degree 1/0, оборот 144.0 тыс. KZT; выраженной структурной роли нет.",1,0,144000.0,0.0,1,0,0.00033670606860287553,0.0,1,False,False,1.0,1,0.0,0.0,False
100000001363952100,coordinator,0.7724610591900312,11,0.8108589230084557,"Связующий профиль: seed-ветвей 1, соседних кластеров 1; in/out degree 2/1, bridge pctl 82%.",2,1,196655.0,91000.0,2,2,0.00030540447430231954,0.4627393150441128,1,False,False,1.0,1,1.3357079252003561e-05,0.050850474180671734,False
100000001049200100,distributor,0.8138055679177174,1,0.9025367156208278,"Признаки распределения: 4 получ., 5 tx, 36.0 тыс. KZT; вход: 2 плательщ., 76.6 тыс. KZT.",2,4,76624.0,36000.0,2,5,0.00029666933114740345,0.46982668615577367,1,False,False,1.0,1,0.000427716992077024,0.0,True
100000002662768100,peripheral,0.8099354695149088,0,0.3702714730752114,"Периферийный профиль: in/out degree 1/0, оборот 84.3 тыс. KZT; выраженной структурной роли нет.",1,0,84300.0,0.0,1,0,0.0003047873404520699,0.0,1,False,False,1.0,1,0.0,0.0,False
100000004737477100,coordinator,0.7472007120605252,10,0.79884290164664,"Связующий профиль: seed-ветвей 1, соседних кластеров 1; in/out degree 2/1, bridge pctl 82%.",2,1,49598.0,40500.0,3,3,0.0002907355261430942,0.8165651840800032,1,False,False,1.0,1,1.3357079252003561e-05,0.0,False
100000008680451100,peripheral,0.8099354695149088,4,0.09635068980863373,"Периферийный профиль: in/out degree 1/0, оборот 23.5 тыс. KZT; выраженной структурной роли нет.",1,0,23534.0,0.0,1,0,0.0002889396050547087,0.0,1,False,False,1.0,1,0.0,0.0,False
100000001952325100,terminal,0.7981002225189142,4,0.5883400089007566,"Получатель-кандидат: 1 плательщ., 2 tx, 77.9 тыс. KZT; исходящих рёбер 0.",1,0,77888.0,0.0,2,0,0.0003002619766105851,0.0,1,False,False,1.0,1,0.0,0.0,False
100000008751429100,consolidator,0.7779617267467736,34,0.9252336448598131,"Признаки сбора: 3 плательщ., 6 tx, 386.2 тыс. KZT; выход: 1 получ., 72.6 тыс. KZT; seed-ветвей 1.",3,1,386200.0,72600.0,6,2,0.0015771234091449815,0.1879854997410668,1,False,False,1.0,1,0.0,0.1294665976178146,True
100000001960517100,peripheral,0.8099354695149088,9,0.5336003560302626,"Периферийный профиль: in/out degree 1/0, оборот 200.0 тыс. KZT; выраженной структурной роли нет.",1,0,200000.0,0.0,1,0,0.0003571883732510578,0.0,1,False,False,1.0,1,0.0,0.0,False
100000008686234100,peripheral,0.8099354695149088,0,0.210057854917668,"Периферийный профиль: in/out degree 1/0, оборот 39.8 тыс. KZT; выраженной структурной роли нет.",1,0,39778.0,0.0,1,0,0.00029144347647354525,0.0,1,False,False,1.0,1,0.0,0.0,False
100000004213658100,peripheral,0.8099354695149088,4,0.09635068980863373,"Периферийный профиль: in/out degree 1/0, оборот 25.3 тыс. KZT; выраженной структурной роли нет.",1,0,25347.0,0.0,1,0,0.000289317267409472,0.0,1,False,False,1.0,1,0.0,0.0,False
100000001194266100,peripheral,0.8099354695149088,6,0.25500667556742324,"Периферийный профиль: in/out degree 1/0, оборот 50.0 тыс. KZT; выраженной структурной роли нет.",1,0,50000.0,0.0,1,0,0.000293968082897768,0.0,1,False,False,1.0,1,0.0,0.0,False
100000002243354100,peripheral,0.8099354695149088,4,0.09635068980863373,"Периферийный профиль: in/out degree 1/0, оборот 20.9 тыс. KZT; выраженной структурной роли нет.",1,0,20879.0,0.0,1,0,0.0002883865473868121,0.0,1,False,False,1.0,1,0.0,0.0,False
100000006069103100,distributor,0.8073540669681203,1,0.8963061860258122,"Признаки распределения: 3 получ., 4 tx, 270.0 тыс. KZT; вход: 3 плательщ., 228.8 тыс. KZT.",3,3,228818.0,270000.0,3,4,0.001142665094298617,1.1799770997036947,1,False,False,1.0,1,4.007123775601068e-05,0.08740571108916256,True
100000002760175100,peripheral,0.8099354695149088,6,0.48776145972407653,"Периферийный профиль: in/out degree 1/0, оборот 187.4 тыс. KZT; выраженной структурной роли нет.",1,0,187410.0,0.0,1,0,0.0003123030291122004,0.0,1,False,False,1.0,1,0.0,0.0,False
100000003567087100,peripheral,0.8099354695149088,4,0.308411214953271,"Периферийный профиль: in/out degree 1/0, оборот 62.1 тыс. KZT; выраженной структурной роли нет.",1,0,62115.0,0.0,1,0,0.0002969763349549418,0.0,1,False,False,1.0,1,0.0,0.0,False
100000008229700100,coordinator,0.48943925233644864,8,0.6528704939919893,"Связующий профиль: seed-ветвей 1, соседних кластеров 0; in/out degree 1/1, bridge pctl 39%.",1,1,23500.0,7200.0,1,1,0.00028791178877241643,0.30638297872340425,1,False,False,1.0,1,0.0,0.0,False
100000004076740100,coordinator,0.8979483756119271,18,0.9764129951045839,"Связующий профиль: seed-ветвей 1, соседних кластеров 1; in/out degree 3/6, bridge pctl 98%.",3,6,93250.0,125000.0,5,10,0.0007363588850871185,1.3404825737265416,1,False,False,1.0,1,0.0002908875037102998,0.05361930294906166,True
100000003284932100,peripheral,0.8099354695149088,6,0.3190921228304406,"Периферийный профиль: in/out degree 1/0, оборот 69.9 тыс. KZT; выраженной структурной роли нет.",1,0,69925.0,0.0,1,0,0.00029792550577162715,0.0,1,False,False,1.0,1,0.0,0.0,False
100000008071620100,peripheral,0.8099354695149088,0,0.2385402759234535,"Периферийный профиль: in/out degree 1/0, оборот 47.0 тыс. KZT; выраженной структурной роли нет.",1,0,46968.0,0.0,1,0,0.00029278216909508966,0.0,1,False,False,1.0,1,0.0,0.0,False
100000003235780100,terminal,0.8373559412550067,10,0.593902981753449,"Получатель-кандидат: 2 плательщ., 2 tx, 65.0 тыс. KZT; исходящих рёбер 0.",2,0,65000.0,0.0,2,0,0.000289626448501861,0.0,1,False,False,1.0,1,0.0,0.0,False
100000005363908100,transit,0.7216688918558078,39,0.7521139296840231,"Признаки транзита: вход 19.5 тыс., выход 19.5 тыс. KZT; совпадение в тот же день 100%, двусторонних дней 1.",1,1,19500.0,19500.0,1,1,0.0003366397210045511,1.0,1,False,False,1.0,1,0.0,1.0,False
100000001851289100,terminal,0.8023560302625723,1,0.6119270137961726,"Получатель-кандидат: 1 плательщ., 3 tx, 109.5 тыс. KZT; исходящих рёбер 0.",1,0,109510.0,0.0,3,0,0.0002957341384597197,0.0,1,False,False,1.0,1,0.0,0.0,False
100000002870937100,peripheral,0.8099354695149088,8,0.35024477080551847,"Периферийный профиль: in/out degree 1/0, оборот 83.7 тыс. KZT; выраженной структурной роли нет.",1,0,83700.0,0.0,1,0,0.0002888055220872639,0.0,1,False,False,1.0,1,0.0,0.0,False
100000002152857100,distributor,0.8096659683552776,9,0.7116154873164219,"Признаки распределения: 5 получ., 6 tx, 1.23 млн KZT; вход: 1 плательщ., 105.0 тыс. KZT.",1,5,105000.0,1230000.0,1,6,0.0002980865827693945,11.714285714285714,1,False,False,1.0,1,0.0,0.0,False
100000002600345100,terminal,0.8288697819314641,1,0.5927903871829105,"Получатель-кандидат: 2 плательщ., 2 tx, 52.4 тыс. KZT; исходящих рёбер 0.",2,0,52400.0,0.0,2,0,0.0002941183233320481,0.0,1,False,False,1.0,1,0.0,0.0,False
100000002580377100,coordinator,0.6073297730307076,1,0.7454383622607922,"Связующий профиль: seed-ветвей 1, соседних кластеров 0; in/out degree 1/1, bridge pctl 82%.",1,1,37750.0,5000.0,2,1,0.00028806939379393047,0.13245033112582782,1,False,False,1.0,1,1.3357079252003561e-05,0.0,False
100000004094958100,transit,0.7156688918558078,39,0.7859368046283934,"Признаки транзита: вход 39.0 тыс., выход 40.0 тыс. KZT; совпадение в тот же день 100%, двусторонних дней 1.",1,1,39000.0,40000.0,1,1,0.0003892421567872668,1.0256410256410255,1,False,False,1.0,1,0.0,1.0,False
100000002609774100,peripheral,0.440865598575879,9,0.6110369381397419,"Периферийный профиль: in/out degree 1/1, оборот 35.2 тыс. KZT; выраженной структурной роли нет.",1,1,7700.0,27500.0,1,1,0.0002848597285597197,3.5714285714285716,1,False,False,1.0,1,0.00027849510240427427,0.0,True
100000002596035100,peripheral,0.8099354695149088,6,0.511793502447708,"Периферийный профиль: in/out degree 1/0, оборот 231.6 тыс. KZT; выраженной структурной роли нет.",1,0,231570.0,0.0,1,0,0.0003189633740788431,0.0,1,False,False,1.0,1,0.0,0.0,False
100000004664515100,peripheral,0.8099354695149088,0,0.205607476635514,"Периферийный профиль: in/out degree 1/0, оборот 37.7 тыс. KZT; выраженной структурной роли нет.",1,0,37691.0,0.0,1,0,0.0002910549018558591,0.0,1,False,False,1.0,1,0.0,0.0,False
100000000661912100,coordinator,0.9139786381842455,3,0.986648865153538,"Связующий профиль: seed-ветвей 1, соседних кластеров 2; in/out degree 5/2, bridge pctl 99%.",5,2,393036.0,430700.0,9,8,0.0017931418835405153,1.0958283719557496,1,False,False,1.0,1,0.0008495102404274265,0.6684502183006137,True
100000004144536100,terminal,0.9297363595905652,21,0.7507788161993769,"Получатель-кандидат: 4 плательщ., 6 tx, 168.0 тыс. KZT; исходящих рёбер 0.",4,0,168000.0,0.0,6,0,0.0009620032035927589,0.0,1,False,False,1.0,1,0.0,0.0,False
100000006177176100,peripheral,0.8099354695149088,1,0.09635068980863373,"Периферийный профиль: in/out degree 1/0, оборот 8.9 тыс. KZT; выраженной структурной роли нет.",1,0,8911.0,0.0,1,0,0.00028498907646649604,0.0,1,False,False,1.0,1,0.0,0.0,False
100000002158488100,peripheral,0.8099354695149088,4,0.1824655095683133,"Периферийный профиль: in/out degree 1/0, оборот 31.7 тыс. KZT; выраженной структурной роли нет.",1,0,31723.0,0.0,1,0,0.0002906454390443152,0.0,1,False,False,1.0,1,0.0,0.0,False
100000000041368100,peripheral,0.8099354695149088,6,0.4797507788161994,"Периферийный профиль: in/out degree 1/0, оборот 160.0 тыс. KZT; выраженной структурной роли нет.",1,0,160000.0,0.0,1,0,0.00031581583778481976,0.0,1,False,False,1.0,1,0.0,0.0,False
100000008722328100,peripheral,0.8099354695149088,4,0.09635068980863373,"Периферийный профиль: in/out degree 1/0, оборот 23.7 тыс. KZT; выраженной структурной роли нет.",1,0,23677.0,0.0,1,0,0.00028896939309482517,0.0,1,False,False,1.0,1,0.0,0.0,False
100000008735384100,peripheral,0.8099354695149088,4,0.2087227414330218,"Периферийный профиль: in/out degree 1/0, оборот 39.2 тыс. KZT; выраженной структурной роли нет.",1,0,39220.0,0.0,1,0,0.0002922071239167148,0.0,1,False,False,1.0,1,0.0,0.0,False
100000004480280100,coordinator,0.7614508233199822,11,0.8446817979528259,"Связующий профиль: seed-ветвей 1, соседних кластеров 1; in/out degree 1/2, bridge pctl 88%.",1,2,146694.0,295850.0,1,7,0.0003131730539073006,2.0167832358515003,1,False,False,1.0,1,2.3745918670228553e-05,0.0,False
100000004286573100,peripheral,0.8099354695149088,8,0.09635068980863373,"Периферийный профиль: in/out degree 1/0, оборот 16.6 тыс. KZT; выраженной структурной роли нет.",1,0,16590.0,0.0,1,0,0.0002867725198560541,0.0,1,False,False,1.0,1,0.0,0.0,False
100000001746925100,coordinator,0.6663751668891856,6,0.7872719181130396,"Связующий профиль: seed-ветвей 1, соседних кластеров 0; in/out degree 1/1, bridge pctl 95%.",1,1,65250.0,5000.0,1,1,0.0002969969761889275,0.07662835249042145,1,False,False,1.0,1,8.904719501335707e-05,0.0,False
100000001660397100,distributor,0.8095580956013914,0,0.8958611481975968,"Признаки распределения: 3 получ., 4 tx, 49.0 тыс. KZT; вход: 2 плательщ., 48.6 тыс. KZT.",2,3,48600.0,49000.0,2,4,0.00029354509230131506,1.008230452674897,1,False,False,1.0,1,0.0002780316411200997,0.51440329218107,True
100000002591469100,peripheral,0.8099354695149088,8,0.46016911437472185,"Периферийный профиль: in/out degree 1/0, оборот 235.7 тыс. KZT; выраженной структурной роли нет.",1,0,235670.0,0.0,1,0,0.00029746297676395636,0.0,1,False,False,1.0,1,0.0,0.0,False
100000002731501100,distributor,0.827261357343223,21,0.8789497107254116,"Признаки распределения: 7 получ., 20 tx, 834.0 тыс. KZT; вход: 3 плательщ., 570.4 тыс. KZT.",3,7,570370.0,833960.0,7,20,0.00048258525619281913,1.4621386117783193,1,False,False,1.0,1,0.0,0.12272735242035872,True
100000000089154100,distributor,0.8996812620744342,0,0.9777481085892301,"Признаки распределения: 15 получ., 21 tx, 425.5 тыс. KZT; вход: 1 плательщ., 10.0 тыс. KZT.",1,15,10000.0,425500.0,1,21,0.00028589916647572193,42.55,1,False,False,1.0,1,8.425287249633276e-05,1.0,True
100000008732098100,peripheral,0.8099354695149088,4,0.09635068980863373,"Периферийный профиль: in/out degree 1/0, оборот 15.7 тыс. KZT; выраженной структурной роли нет.",1,0,15677.0,0.0,1,0,0.0002873029293120859,0.0,1,False,False,1.0,1,0.0,0.0,False
100000005456919100,peripheral,0.31444147752558965,34,0.6377392078326658,"Периферийный профиль: in/out degree 2/1, оборот 484.9 тыс. KZT; выраженной структурной роли нет.",2,1,479950.0,5000.0,10,1,0.001432681047467801,0.010417751849150954,1,False,False,1.0,1,0.0,0.0,True
100000000507799100,coordinator,0.6251201602136182,1,0.7783711615487316,"Связующий профиль: seed-ветвей 1, соседних кластеров 0; in/out degree 1/1, bridge pctl 95%.",1,1,5132.0,8000.0,1,1,0.0002845854383659941,1.558846453624318,1,False,False,1.0,1,8.041051054717864e-05,0.0,False
100000008716439100,peripheral,0.8099354695149088,4,0.09635068980863373,"Периферийный профиль: in/out degree 1/0, оборот 12.3 тыс. KZT; выраженной структурной роли нет.",1,0,12267.0,0.0,1,0,0.0002865925991246933,0.0,1,False,False,1.0,1,0.0,0.0,False
100000002981527100,peripheral,0.8099354695149088,8,0.43658210947930576,"Периферийный профиль: in/out degree 1/0, оборот 168.0 тыс. KZT; выраженной структурной роли нет.",1,0,168000.0,0.0,1,0,0.00030196167335657764,0.0,1,False,False,1.0,1,0.0,0.0,False
100000002844652100,peripheral,0.8099354695149088,8,0.30796617712505564,"Периферийный профиль: in/out degree 1/0, оборот 61.4 тыс. KZT; выраженной структурной роли нет.",1,0,61360.0,0.0,1,0,0.0002875328528928353,0.0,1,False,False,1.0,1,0.0,0.0,False
100000002605548100,terminal,0.8617591455273699,6,0.6194926568758344,"Получатель-кандидат: 2 плательщ., 2 tx, 116.7 тыс. KZT; исходящих рёбер 0.",2,0,116695.0,0.0,2,0,0.0003126136289062077,0.0,1,False,False,1.0,1,0.0,0.0,False
100000002750956100,peripheral,0.8099354695149088,0,0.2421005785491767,"Периферийный профиль: in/out degree 1/0, оборот 47.4 тыс. KZT; выраженной структурной роли нет.",1,0,47416.0,0.0,1,0,0.00029286558137526375,0.0,1,False,False,1.0,1,0.0,0.0,False
100000002982252100,peripheral,0.8099354695149088,4,0.09635068980863373,"Периферийный профиль: in/out degree 1/0, оборот 20.3 тыс. KZT; выраженной структурной роли нет.",1,0,20320.0,0.0,1,0,0.0002882701032299932,0.0,1,False,False,1.0,1,0.0,0.0,False
100000000961900100,terminal,0.8322832220738763,0,0.6181575433911882,"Получатель-кандидат: 2 плательщ., 3 tx, 36.0 тыс. KZT; исходящих рёбер 0.",2,0,36000.0,0.0,3,0,0.00029272181033809666,0.0,1,False,False,1.0,1,0.0,0.0,False
100000007175718100,peripheral,0.8099354695149088,38,0.16577659101023587,"Периферийный профиль: in/out degree 1/0, оборот 20.0 тыс. KZT; выраженной структурной роли нет.",1,0,20000.0,0.0,1,0,0.00030153962804138835,0.0,1,False,False,1.0,1,0.0,0.0,False
100000002306369100,distributor,0.8601453401429244,0,0.906097018246551,"Признаки распределения: 6 получ., 9 tx, 260.9 тыс. KZT; вход: 1 плательщ., 73.2 тыс. KZT.",1,6,73166.0,260900.0,1,9,0.0002976599256040215,3.5658639258672062,1,False,False,1.0,1,4.029211245805005e-05,0.0,True
100000000667713100,distributor,0.8545264969203867,1,0.9234534935469515,"Признаки распределения: 6 получ., 7 tx, 79.2 тыс. KZT; вход: 2 плательщ., 119.5 тыс. KZT.",2,6,119495.0,79236.0,10,7,0.0003183417105320584,0.663090505878907,1,False,False,1.0,1,8.405729688009296e-05,0.23222728984476337,True
100000001072022100,terminal,0.9651620827770361,6,0.7289719626168224,"Получатель-кандидат: 3 плательщ., 6 tx, 1.68 млн KZT; исходящих рёбер 0.",3,0,1684000.0,0.0,6,0,0.0004988741685098744,0.0,1,False,False,1.0,1,0.0,0.0,False
100000008116374100,peripheral,0.8099354695149088,1,0.1811303960836671,"Периферийный профиль: in/out degree 1/0, оборот 31.3 тыс. KZT; выраженной структурной роли нет.",1,0,31284.0,0.0,1,0,0.0002873787550117539,0.0,1,False,False,1.0,1,0.0,0.0,False
100000000703894100,coordinator,0.5627369826435247,25,0.7311971517578995,"Связующий профиль: seed-ветвей 1, соседних кластеров 0; in/out degree 1/1, bridge pctl 39%.",1,1,120000.0,35000.0,1,1,0.00047417601828547126,0.2916666666666667,1,False,False,1.0,1,0.0,0.0,False
100000008066326100,peripheral,0.8099354695149088,0,0.09635068980863373,"Периферийный профиль: in/out degree 1/0, оборот 19.3 тыс. KZT; выраженной структурной роли нет.",1,0,19320.0,0.0,1,0,0.0002876344398043442,0.0,1,False,False,1.0,1,0.0,0.0,False
100000004662806100,coordinator,0.7990587449933244,8,0.8322207387627948,"Связующий профиль: seed-ветвей 1, соседних кластеров 1; in/out degree 2/2, bridge pctl 89%.",2,2,106585.0,59900.0,2,3,0.0003037850205888424,0.5619927757189098,1,False,False,1.0,1,2.6714158504007122e-05,0.0,False
100000005778283100,terminal,0.9450609701824655,0,0.7356475300400535,"Получатель-кандидат: 3 плательщ., 3 tx, 615.8 тыс. KZT; исходящих рёбер 0.",3,0,615760.0,0.0,3,0,0.0004349765252992502,0.0,1,False,False,1.0,2,0.0,0.0,False
100000004408683100,terminal,0.8847391188251001,1,0.680462839341344,"Получатель-кандидат: 2 плательщ., 3 tx, 112.9 тыс. KZT; исходящих рёбер 0.",2,0,112919.68,0.0,3,0,0.0003830705649891479,0.0,1,False,False,1.0,1,0.0,0.0,False
100000002704875100,terminal,0.931879305740988,3,0.6631063640409435,"Получатель-кандидат: 3 плательщ., 4 tx, 244.9 тыс. KZT; исходящих рёбер 0.",3,0,244891.0,0.0,4,0,0.0003133122501616022,0.0,1,False,False,1.0,1,0.0,0.0,False
100000008349675100,coordinator,0.5880774365821095,8,0.8006230529595015,"Связующий профиль: seed-ветвей 1, соседних кластеров 0; in/out degree 1/1, bridge pctl 78%.",1,1,46520.0,36650.0,1,2,0.0002866874450662767,0.7878331900257953,1,False,False,1.0,1,1.4841199168892846e-06,0.39767841788478075,False
100000006889963100,coordinator,0.947721406319537,6,0.9132176234979973,"Связующий профиль: seed-ветвей 2, соседних кластеров 2; in/out degree 4/1, bridge pctl 87%.",4,1,1431000.0,443475.8,6,3,0.0004246746188086909,0.30990621942697416,1,False,False,1.0,2,1.7809439002671416e-05,0.25749531795946895,False
100000008771819100,peripheral,0.8099354695149088,4,0.2082777036048064,"Периферийный профиль: in/out degree 1/0, оборот 38.9 тыс. KZT; выраженной структурной роли нет.",1,0,38900.0,0.0,1,0,0.0002921404653654052,0.0,1,False,False,1.0,1,0.0,0.0,False
100000008586731100,peripheral,0.8099354695149088,8,0.09635068980863373,"Периферийный профиль: in/out degree 1/0, оборот 12.0 тыс. KZT; выраженной структурной роли нет.",1,0,12000.0,0.0,1,0,0.0002860157551200044,0.0,1,False,False,1.0,1,0.0,0.0,False
100000005844459100,terminal,0.8886686248331108,3,0.6586559857587895,"Получатель-кандидат: 2 плательщ., 2 tx, 243.4 тыс. KZT; исходящих рёбер 0.",2,0,243400.0,0.0,2,0,0.0003361311840997593,0.0,1,False,False,1.0,1,0.0,0.0,False
100000008172352100,coordinator,0.864161103693814,14,0.9274588340008901,"Связующий профиль: seed-ветвей 1, соседних кластеров 1; in/out degree 3/7, bridge pctl 96%.",3,7,90265.0,289510.0,3,8,0.00037311114047808004,3.207333961114496,1,False,False,1.0,1,0.00012021371326803205,0.3962222345316568,False
100000001162560100,distributor,0.850425728480469,2,0.744103248776146,"Признаки распределения: 12 получ., 14 tx, 2.90 млн KZT; вход: 1 плательщ., 331.3 тыс. KZT.",1,12,331300.0,2904398.0,2,14,0.0003193846053946932,8.76667069121642,1,False,False,1.0,1,0.0,0.0,False
100000008779584100,peripheral,0.8099354695149088,4,0.18157543391188252,"Периферийный профиль: in/out degree 1/0, оборот 31.4 тыс. KZT; выраженной структурной роли нет.",1,0,31400.0,0.0,1,0,0.0002905781555690871,0.0,1,False,False,1.0,1,0.0,0.0,False
100000007631637100,peripheral,0.8099354695149088,4,0.09635068980863373,"Периферийный профиль: in/out degree 1/0, оборот 15.3 тыс. KZT; выраженной структурной роли нет.",1,0,15341.0,0.0,1,0,0.00028723293783321083,0.0,1,False,False,1.0,1,0.0,0.0,False
100000007347733100,peripheral,0.8099354695149088,41,0.29906542056074764,"Периферийный профиль: in/out degree 1/0, оборот 23.0 тыс. KZT; выраженной структурной роли нет.",1,0,23007.0,0.0,1,0,0.0003437598754347795,0.0,1,False,False,1.0,1,0.0,0.0,False
100000001463701100,terminal,0.8869352914997776,6,0.7280818869603917,"Получатель-кандидат: 2 плательщ., 2 tx, 621.0 тыс. KZT; исходящих рёбер 0.",2,0,621000.0,0.0,2,0,0.0005688588807310614,0.0,1,False,False,1.0,1,0.0,0.0,False
100000008664469100,peripheral,0.8099354695149088,6,0.09635068980863373,"Периферийный профиль: in/out degree 1/0, оборот 25.0 тыс. KZT; выраженной структурной роли нет.",1,0,25000.0,0.0,1,0,0.0002890026840598017,0.0,1,False,False,1.0,1,0.0,0.0,False
100000003923946100,distributor,0.7932186608939948,9,0.8544726301735648,"Признаки распределения: 4 получ., 4 tx, 675.0 тыс. KZT; вход: 1 плательщ., 282.0 тыс. KZT.",1,4,282000.0,675000.0,3,4,0.000387180319343039,2.393617021276596,1,False,False,1.0,1,0.0,0.7163120567375887,True
100000006562026100,terminal,0.8878401424121051,41,0.732977303070761,"Получатель-кандидат: 2 плательщ., 6 tx, 75.0 тыс. KZT; исходящих рёбер 0.",2,0,75000.0,0.0,6,0,0.0006812196367110315,0.0,1,False,False,1.0,2,0.0,0.0,False
100000008776298100,peripheral,0.8099354695149088,4,0.21940364931019138,"Периферийный профиль: in/out degree 1/0, оборот 42.8 тыс. KZT; выраженной структурной роли нет.",1,0,42800.0,0.0,1,0,0.0002929528664594906,0.0,1,False,False,1.0,1,0.0,0.0,False
100000006446271100,terminal,0.8187821984868714,6,0.6114819759679573,"Получатель-кандидат: 2 плательщ., 2 tx, 80.0 тыс. KZT; исходящих рёбер 0.",2,0,80000.0,0.0,2,0,0.00031216085167229624,0.0,1,False,False,1.0,1,0.0,0.0,False
100000004588479100,terminal,0.8299343124165555,1,0.6012461059190031,"Получатель-кандидат: 1 плательщ., 2 tx, 177.6 тыс. KZT; исходящих рёбер 0.",1,0,177633.0,0.0,2,0,0.00030301041216188745,0.0,1,False,False,1.0,1,0.0,0.0,False
100000002324543100,peripheral,0.8099354695149088,8,0.17668001780151313,"Периферийный профиль: in/out degree 1/0, оборот 30.2 тыс. KZT; выраженной структурной роли нет.",1,0,30202.0,0.0,1,0,0.0002872596207602014,0.0,1,False,False,1.0,1,0.0,0.0,False
100000007129492100,coordinator,0.7894659546061416,6,0.8740542946150422,"Связующий профиль: seed-ветвей 2, соседних кластеров 0; in/out degree 2/1, bridge pctl 87%.",2,1,50990.0,37000.0,2,1,0.0002929225745870446,0.725632476956266,1,False,False,1.0,2,1.7809439002671416e-05,0.5097077858403608,False
100000003877908100,peripheral,0.8099354695149088,6,0.2113929684023142,"Периферийный профиль: in/out degree 1/0, оборот 40.0 тыс. KZT; выраженной структурной роли нет.",1,0,40000.0,0.0,1,0,0.0002919819233625815,0.0,1,False,False,1.0,1,0.0,0.0,False
100000002748180100,distributor,0.8297915667980496,13,0.8206497552291945,"Признаки распределения: 8 получ., 9 tx, 679.7 тыс. KZT; вход: 1 плательщ., 9.9 тыс. KZT.",1,8,9900.0,679743.0,1,9,0.00028566952288782484,68.66090909090909,1,False,False,1.0,1,0.0,1.0,False
100000000945428100,peripheral,0.8099354695149088,0,0.35781041388518026,"Периферийный профиль: in/out degree 1/0, оборот 89.6 тыс. KZT; выраженной структурной роли нет.",1,0,89629.0,0.0,1,0,0.00030072514071229496,0.0,1,False,False,1.0,1,0.0,0.0,False
100000003115284100,coordinator,1.0,6,0.9937694704049844,"Связующий профиль: seed-ветвей 2, соседних кластеров 4; in/out degree 8/2, bridge pctl 95%.",8,2,2160500.0,517000.0,15,4,0.0015155554099166258,0.23929645915297384,1,False,False,1.0,2,8.904719501335707e-05,0.23605646841009026,True
100000005394708100,coordinator,0.54543391188251,16,0.7169559412550067,"Связующий профиль: seed-ветвей 1, соседних кластеров 0; in/out degree 1/1, bridge pctl 39%.",1,1,26000.0,65000.0,1,1,0.00034325637959357197,2.5,1,False,False,1.0,1,0.0,0.0,False
100000008747113100,terminal,0.8541338673787273,6,0.6177125055629729,"Получатель-кандидат: 2 плательщ., 2 tx, 197.8 тыс. KZT; исходящих рёбер 0.",2,0,197801.0,0.0,2,0,0.0003058088588836669,0.0,1,False,False,1.0,1,0.0,0.0,False
100000004491881100,peripheral,0.8099354695149088,4,0.09635068980863373,"Периферийный профиль: in/out degree 1/0, оборот 17.1 тыс. KZT; выраженной структурной роли нет.",1,0,17144.0,0.0,1,0,0.0002876085171082457,0.0,1,False,False,1.0,1,0.0,0.0,False
100000006008169100,peripheral,0.8099354695149088,8,0.3213173119715176,"Периферийный профиль: in/out degree 1/0, оборот 70.0 тыс. KZT; выраженной структурной роли нет.",1,0,70000.0,0.0,1,0,0.00029557835962782145,0.0,1,False,False,1.0,1,0.0,0.0,False
100000002681449100,coordinator,0.703671562082777,0,0.8219848687138407,"Связующий профиль: seed-ветвей 1, соседних кластеров 2; in/out degree 2/2, bridge pctl 85%.",2,2,94638.0,133000.0,2,2,0.00029353449691951836,1.4053551427544961,1,False,False,1.0,1,1.388006343676327e-05,0.1257423022464549,False
100000002645609100,terminal,0.963500489541611,10,0.7009345794392523,"Получатель-кандидат: 4 плательщ., 5 tx, 546.8 тыс. KZT; исходящих рёбер 0.",4,0,546820.6799999999,0.0,5,0,0.0003533170658590639,0.0,1,False,False,1.0,1,0.0,0.0,False
100000006369769100,peripheral,0.8099354695149088,4,0.2113929684023142,"Периферийный профиль: in/out degree 1/0, оборот 40.0 тыс. KZT; выраженной структурной роли нет.",1,0,40000.0,0.0,1,0,0.00029236960413553186,0.0,1,False,False,1.0,1,0.0,0.0,False
100000002173161100,terminal,0.9624313306631063,1,0.7245215843346684,"Получатель-кандидат: 3 плательщ., 5 tx, 1.43 млн KZT; исходящих рёбер 0.",3,0,1427500.0,0.0,5,0,0.0004328870258955096,0.0,1,False,False,1.0,1,0.0,0.0,False
100000008686313100,coordinator,0.9051001335113484,3,0.9906542056074766,"Связующий профиль: seed-ветвей 1, соседних кластеров 4; in/out degree 6/7, bridge pctl 100%.",6,7,1912716.0,333800.0,16,13,0.0004647063166886048,0.17451623764322566,1,False,False,1.0,1,0.0038574751464343746,0.07659265672478298,True
100000004692798100,coordinator,0.6343435692033822,8,0.9109924343569203,"Связующий профиль: seed-ветвей 1, соседних кластеров 0; in/out degree 2/1, bridge pctl 39%.",2,1,240305.0,15000.0,4,2,0.0020066487825105535,0.06242067372713843,1,False,False,1.0,1,0.0,0.020806891242379475,True
100000002939838100,terminal,0.9435659991099243,15,0.7125055629728527,"Получатель-кандидат: 3 плательщ., 3 tx, 571.2 тыс. KZT; исходящих рёбер 0.",3,0,571233.0,0.0,3,0,0.00039768903219570574,0.0,1,False,False,1.0,1,0.0,0.0,False
100000003119550100,peripheral,0.8099354695149088,4,0.09635068980863373,"Периферийный профиль: in/out degree 1/0, оборот 21.0 тыс. KZT; выраженной структурной роли нет.",1,0,21000.0,0.0,1,0,0.00028841175265152604,0.0,1,False,False,1.0,1,0.0,0.0,False
100000004315838100,coordinator,0.7581953716065866,5,0.7854917668001781,"Связующий профиль: seed-ветвей 1, соседних кластеров 1; in/out degree 2/1, bridge pctl 87%.",2,1,50000.0,18000.0,2,1,0.00028980620176476937,0.36,1,False,False,1.0,1,1.7809439002671416e-05,0.0,False
100000002671806100,peripheral,0.8099354695149088,8,0.09635068980863373,"Периферийный профиль: in/out degree 1/0, оборот 12.4 тыс. KZT; выраженной структурной роли нет.",1,0,12440.0,0.0,1,0,0.00028608829901627066,0.0,1,False,False,1.0,1,0.0,0.0,False
100000008716222100,peripheral,0.8099354695149088,4,0.09635068980863373,"Периферийный профиль: in/out degree 1/0, оборот 18.0 тыс. KZT; выраженной структурной роли нет.",1,0,18000.0,0.0,1,0,0.0002877868287329988,0.0,1,False,False,1.0,1,0.0,0.0,False
100000005496254100,peripheral,0.8099354695149088,0,0.09635068980863373,"Периферийный профиль: in/out degree 1/0, оборот 12.7 тыс. KZT; выраженной структурной роли нет.",1,0,12700.0,0.0,1,0,0.0002864018744142713,0.0,1,False,False,1.0,1,0.0,0.0,False
100000004622227100,distributor,0.789870957521694,0,0.7868268802848242,"Признаки распределения: 3 получ., 3 tx, 19.0 тыс. KZT; вход: 1 плательщ., 24.9 тыс. KZT.",1,3,24931.0,19000.0,1,3,0.0002886791413758999,0.762103405398901,1,False,False,1.0,1,3.692358645608868e-05,0.0,False
100000000274067100,distributor,0.7840955557301126,8,0.8802848242100578,"Признаки распределения: 3 получ., 9 tx, 2.97 млн KZT; вход: 2 плательщ., 517.7 тыс. KZT.",2,3,517704.0,2969000.0,9,9,0.00041117339799397125,5.734937338710924,1,False,False,1.0,1,5.956334114605825e-06,0.4301763169687698,True
100000008782056100,peripheral,0.8099354695149088,4,0.16955941255006676,"Периферийный профиль: in/out degree 1/0, оборот 29.1 тыс. KZT; выраженной структурной роли нет.",1,0,29082.0,0.0,1,0,0.0002900952976880384,0.0,1,False,False,1.0,1,0.0,0.0,False
100000006788200100,coordinator,0.8610347129506007,3,0.8713840676457499,"Связующий профиль: seed-ветвей 1, соседних кластеров 3; in/out degree 4/3, bridge pctl 94%.",4,3,272155.8,64500.0,4,4,0.00033526854750306687,0.23699660268125833,1,False,False,1.0,1,6.67853962600178e-05,0.0,False
100000001164648100,terminal,0.7577267467734757,9,0.577659101023587,"Получатель-кандидат: 2 плательщ., 2 tx, 13.7 тыс. KZT; исходящих рёбер 0.",2,0,13660.0,0.0,2,0,0.000288580441482311,0.0,1,False,False,1.0,1,0.0,0.0,False
100000005133757100,terminal,0.8373559412550067,11,0.593902981753449,"Получатель-кандидат: 2 плательщ., 2 tx, 65.0 тыс. KZT; исходящих рёбер 0.",2,0,65000.0,0.0,2,0,0.00029777000828141385,0.0,1,False,False,1.0,1,0.0,0.0,False
100000006445501100,peripheral,0.8099354695149088,6,0.35736537605696483,"Периферийный профиль: in/out degree 1/0, оборот 91.0 тыс. KZT; выраженной структурной роли нет.",1,0,91000.0,0.0,1,0,0.00029776218087320517,0.0,1,False,False,1.0,1,0.0,0.0,False
100000004390333100,distributor,0.8912575914099308,0,0.9261237205162439,"Признаки распределения: 9 получ., 14 tx, 506.5 тыс. KZT; вход: 2 плательщ., 64.6 тыс. KZT.",2,9,64558.0,506500.0,2,14,0.00029360739400038514,7.845658167849066,1,False,False,1.0,1,7.822616968143674e-05,0.29131943368753677,True
100000001641789100,peripheral,0.8099354695149088,9,0.38228749443702714,"Периферийный профиль: in/out degree 1/0, оборот 17.8 тыс. KZT; выраженной структурной роли нет.",1,0,17826.0,0.0,1,0,0.00048558558111130997,0.0,1,False,False,1.0,1,0.0,0.0,False
100000000968253100,peripheral,0.8099354695149088,4,0.09635068980863373,"Периферийный профиль: in/out degree 1/0, оборот 15.0 тыс. KZT; выраженной структурной роли нет.",1,0,15000.0,0.0,1,0,0.0002871619048144716,0.0,1,False,False,1.0,1,0.0,0.0,False
100000001527186100,terminal,0.840776323987539,6,0.7040498442367601,"Получатель-кандидат: 1 плательщ., 2 tx, 678.0 тыс. KZT; исходящих рёбер 0.",1,0,678000.0,0.0,2,0,0.0004186989017074816,0.0,1,False,False,1.0,1,0.0,0.0,False
100000005852946100,peripheral,0.8099354695149088,6,0.09635068980863373,"Периферийный профиль: in/out degree 1/0, оборот 23.7 тыс. KZT; выраженной структурной роли нет.",1,0,23746.0,0.0,1,0,0.0002887536196540893,0.0,1,False,False,1.0,1,0.0,0.0,False
100000001530983100,coordinator,0.9891922563417891,15,0.9719626168224299,"Связующий профиль: seed-ветвей 2, соседних кластеров 3; in/out degree 4/11, bridge pctl 97%.",4,11,564158.0,1829538.0,4,17,0.00035407417604541627,3.24295321523403,1,False,False,1.0,2,0.00023449094686850695,0.4254127389844689,False
100000008221543100,terminal,0.9105655540720963,17,0.6987093902981754,"Получатель-кандидат: 2 плательщ., 2 tx, 542.0 тыс. KZT; исходящих рёбер 0.",2,0,542000.0,0.0,2,0,0.00036932386042484727,0.0,1,False,False,1.0,1,0.0,0.0,False
100000001937767100,distributor,0.8556036963380066,9,0.9701824655095683,"Признаки распределения: 4 получ., 6 tx, 1.93 млн KZT; вход: 1 плательщ., 53.0 тыс. KZT.",1,4,53000.0,1933000.0,1,6,0.000883277702709895,36.471698113207545,1,False,False,1.0,1,4.007123775601068e-05,1.0,True
100000002462183100,terminal,0.8362497552291945,38,0.671562082777036,"Получатель-кандидат: 1 плательщ., 3 tx, 107.5 тыс. KZT; исходящих рёбер 0.",1,0,107500.0,0.0,3,0,0.0003781123778769325,0.0,1,False,False,1.0,1,0.0,0.0,False
100000001805543100,peripheral,0.8099354695149088,1,0.30440587449933243,"Периферийный профиль: in/out degree 1/0, оборот 59.0 тыс. KZT; выраженной структурной роли нет.",1,0,59000.0,0.0,1,0,0.0002903391237848449,0.0,1,False,False,1.0,1,0.0,0.0,False
100000002606567100,coordinator,0.5992122830440587,0,0.7605696484201158,"Связующий профиль: seed-ветвей 1, соседних кластеров 0; in/out degree 1/1, bridge pctl 82%.",1,1,14095.0,53000.0,1,1,0.0002866616068491885,3.7601986520042567,1,False,False,1.0,1,1.3357079252003561e-05,0.0,False
100000007281639100,terminal,0.9193965287049399,1,0.6684468179795282,"Получатель-кандидат: 2 плательщ., 4 tx, 216.8 тыс. KZT; исходящих рёбер 0.",2,0,216770.0,0.0,4,0,0.0003217638336781201,0.0,1,False,False,1.0,1,0.0,0.0,False
100000002991079100,coordinator,0.7173876279483756,1,0.8028482421005786,"Связующий профиль: seed-ветвей 1, соседних кластеров 0; in/out degree 2/1, bridge pctl 82%.",2,1,148900.0,11000.0,3,1,0.0003928315786140711,0.07387508394895903,1,False,False,1.0,1,1.3357079252003561e-05,0.07387508394895903,False
100000002847207100,peripheral,0.8099354695149088,6,0.2345349354695149,"Периферийный профиль: in/out degree 1/0, оборот 46.2 тыс. KZT; выраженной структурной роли нет.",1,0,46243.0,0.0,1,0,0.00029322188276039845,0.0,1,False,False,1.0,1,0.0,0.0,False
100000000011452100,consolidator,0.7175878949710726,3,0.8753894080996885,"Признаки сбора: 3 плательщ., 7 tx, 110.0 тыс. KZT; выход: 1 получ., 16.7 тыс. KZT; seed-ветвей 1.",3,1,110000.0,16685.0,7,2,0.0004872451630462775,0.1516818181818182,1,False,False,1.0,1,0.0,0.1516818181818182,True
100000003148220100,coordinator,0.7033600356030262,43,0.9096573208722741,"Связующий профиль: seed-ветвей 1, соседних кластеров 0; in/out degree 1/2, bridge pctl 79%.",1,2,5650.0,43400.0,1,4,0.0009104478763390022,7.68141592920354,1,False,False,1.0,1,2.968239833778569e-06,0.0,True
100000002479804100,coordinator,0.6067779261237204,0,0.6844681797952826,"Связующий профиль: seed-ветвей 1, соседних кластеров 1; in/out degree 1/2, bridge pctl 39%.",1,2,46000.0,35300.0,1,2,0.00029535997253607964,0.7673913043478261,1,False,False,1.0,1,0.0,0.0,False
100000008745489100,peripheral,0.8099354695149088,4,0.2977303070761015,"Периферийный профиль: in/out degree 1/0, оборот 55.5 тыс. KZT; выраженной структурной роли нет.",1,0,55539.0,0.0,1,0,0.00029560650172553006,0.0,1,False,False,1.0,1,0.0,0.0,False
100000002289937100,peripheral,0.8099354695149088,4,0.09635068980863373,"Периферийный профиль: in/out degree 1/0, оборот 20.0 тыс. KZT; выраженной структурной роли нет.",1,0,20000.0,0.0,1,0,0.00028820344467868364,0.0,1,False,False,1.0,1,0.0,0.0,False
100000004679953100,coordinator,0.8670716510903426,0,0.9523809523809523,"Связующий профиль: seed-ветвей 1, соседних кластеров 3; in/out degree 3/3, bridge pctl 98%.",3,3,343538.0,34100.0,3,3,0.0003323594758689986,0.09926121709970949,1,False,False,1.0,1,0.0002523745918670229,0.0,True
100000003066385100,terminal,0.7766777036048065,0,0.5825545171339563,"Получатель-кандидат: 2 плательщ., 2 tx, 20.0 тыс. KZT; исходящих рёбер 0.",2,0,20000.0,0.0,2,0,0.00028996299506546373,0.0,1,False,False,1.0,1,0.0,0.0,False
100000008744849100,peripheral,0.8099354695149088,4,0.22541165999109924,"Периферийный профиль: in/out degree 1/0, оборот 44.4 тыс. KZT; выраженной структурной роли нет.",1,0,44445.0,0.0,1,0,0.0002932955330748164,0.0,1,False,False,1.0,1,0.0,0.0,False
100000005093521100,peripheral,0.8099354695149088,6,0.09635068980863373,"Периферийный профиль: in/out degree 1/0, оборот 15.2 тыс. KZT; выраженной структурной роли нет.",1,0,15200.0,0.0,1,0,0.0002870562477153189,0.0,1,False,False,1.0,1,0.0,0.0,False
100000006518161100,transit,0.8052808386515952,1,0.87716955941255,"Признаки транзита: вход 594.2 тыс., выход 595.9 тыс. KZT; совпадение в тот же день 41%, двусторонних дней 7.",3,2,594200.0,595899.0,13,13,0.0008043543876479647,1.002859306630764,1,False,False,1.0,1,4.020525527358932e-05,0.41130932346011445,True
100000001126374100,coordinator,0.831680017801513,10,0.8731642189586115,"Связующий профиль: seed-ветвей 1, соседних кластеров 3; in/out degree 4/2, bridge pctl 89%.",4,2,182500.0,29200.0,7,4,0.0003117653322057282,0.16,1,False,False,1.0,1,2.6714158504007122e-05,0.03561643835616438,False
100000004509286100,peripheral,0.8099354695149088,6,0.2113929684023142,"Периферийный профиль: in/out degree 1/0, оборот 40.0 тыс. KZT; выраженной структурной роли нет.",1,0,40000.0,0.0,1,0,0.0002919819233625815,0.0,1,False,False,1.0,1,0.0,0.0,False
100000005056870100,peripheral,0.8099354695149088,38,0.16577659101023587,"Периферийный профиль: in/out degree 1/0, оборот 20.0 тыс. KZT; выраженной структурной роли нет.",1,0,20000.0,0.0,1,0,0.00030153962804138835,0.0,1,False,False,1.0,1,0.0,0.0,False
100000008708368100,peripheral,0.8099354695149088,4,0.09635068980863373,"Периферийный профиль: in/out degree 1/0, оборот 23.7 тыс. KZT; выраженной структурной роли нет.",1,0,23677.0,0.0,1,0,0.00028896939309482517,0.0,1,False,False,1.0,1,0.0,0.0,False
100000005895525100,terminal,0.8402510013351134,38,0.6724521584334668,"Получатель-кандидат: 1 плательщ., 3 tx, 120.0 тыс. KZT; исходящих рёбер 0.",1,0,120000.0,0.0,3,0,0.0003890513421391531,0.0,1,False,False,1.0,1,0.0,0.0,False
100000008716773100,peripheral,0.8099354695149088,4,0.09635068980863373,"Периферийный профиль: in/out degree 1/0, оборот 15.7 тыс. KZT; выраженной структурной роли нет.",1,0,15677.0,0.0,1,0,0.0002873029293120859,0.0,1,False,False,1.0,1,0.0,0.0,False
100000002778085100,peripheral,0.8099354695149088,1,0.31553182020471743,"Периферийный профиль: in/out degree 1/0, оборот 66.2 тыс. KZT; выраженной структурной роли нет.",1,0,66208.0,0.0,1,0,0.0002911090161977631,0.0,1,False,False,1.0,1,0.0,0.0,False
100000007055802100,consolidator,0.8217200712060525,3,0.9488206497552292,"Признаки сбора: 6 плательщ., 34 tx, 2.02 млн KZT; выход: 1 получ., 605.0 тыс. KZT; seed-ветвей 1.",6,1,2024999.0,605000.0,34,7,0.001170947348674453,0.29876557963732325,1,False,False,1.0,1,0.0,0.18962972327393743,True
100000003071930100,coordinator,0.8315531820204718,8,0.8580329327992879,"Связующий профиль: seed-ветвей 1, соседних кластеров 2; in/out degree 3/1, bridge pctl 90%.",3,1,477610.0,5000.0,4,1,0.00034649468113645066,0.010468792529469651,1,False,False,1.0,1,2.680350351572621e-05,0.0,False
100000002941114100,coordinator,0.7511927013796172,6,0.9657320872274143,"Связующий профиль: seed-ветвей 1, соседних кластеров 0; in/out degree 2/1, bridge pctl 82%.",2,1,128510.0,15000.0,15,1,0.0019071695617202539,0.11672243405182477,1,False,False,1.0,1,1.3357079252003561e-05,0.0,True
100000003888271100,coordinator,0.6144681797952826,35,0.8549176680017802,"Связующий профиль: seed-ветвей 1, соседних кластеров 0; in/out degree 1/2, bridge pctl 78%.",1,2,12177.0,25590.0,2,3,0.00028980321422740333,2.10150283321015,1,False,False,1.0,1,1.4890835286514562e-06,0.0,True
100000007507343100,peripheral,0.8099354695149088,40,0.6061415220293725,"Периферийный профиль: in/out degree 1/0, оборот 370.0 тыс. KZT; выраженной структурной роли нет.",1,0,370000.0,0.0,1,0,0.0006410129307751727,0.0,1,False,False,1.0,1,0.0,0.0,False
100000008002020100,coordinator,0.5980507343124165,8,0.6662216288384513,"Связующий профиль: seed-ветвей 1, соседних кластеров 1; in/out degree 1/1, bridge pctl 39%.",1,1,73860.0,17000.0,1,1,0.0002962147674450658,0.23016517736257786,1,False,False,1.0,1,0.0,0.0,False
100000001872484100,distributor,0.7416233429564707,42,0.9136626613262128,"Признаки распределения: 3 получ., 9 tx, 514.6 тыс. KZT; вход: 1 плательщ., 871.4 тыс. KZT.",1,3,871400.0,514580.0,13,9,0.0023583031579801636,0.5905210006885472,1,False,False,1.0,1,0.0,0.04957539591462015,True
100000008769636100,peripheral,0.8099354695149088,4,0.09635068980863373,"Периферийный профиль: in/out degree 1/0, оборот 23.1 тыс. KZT; выраженной структурной роли нет.",1,0,23118.0,0.0,1,0,0.0002888529489380063,0.0,1,False,False,1.0,1,0.0,0.0,False
100000004135268100,distributor,0.7689297222006597,40,0.9225634178905207,"Признаки распределения: 3 получ., 4 tx, 1.00 млн KZT; вход: 2 плательщ., 1.24 млн KZT.",2,3,1239000.0,1000200.0,3,4,0.0017408988549360255,0.8072639225181598,1,False,False,1.0,1,0.0,0.6860371267150929,True
100000005316708100,peripheral,0.3644971072541166,13,0.34801958166444147,"Периферийный профиль: in/out degree 1/2, оборот 347.5 тыс. KZT; выраженной структурной роли нет.",1,2,90000.0,257500.0,1,4,0.00029607954026260037,2.861111111111111,1,False,False,1.0,1,0.0,0.0,False
100000008671929100,terminal,0.7962534935469515,6,0.586559857587895,"Получатель-кандидат: 1 плательщ., 2 tx, 75.0 тыс. KZT; исходящих рёбер 0.",1,0,75000.0,0.0,2,0,0.00029893348173573434,0.0,1,False,False,1.0,1,0.0,0.0,False
100000005287097100,distributor,0.8822379092048666,1,0.9590565198041834,"Признаки распределения: 9 получ., 42 tx, 697.3 тыс. KZT; вход: 2 плательщ., 127.2 тыс. KZT.",2,9,127173.0,697300.0,5,42,0.0003010567217771938,5.483082100760382,1,False,False,1.0,1,0.0007684217889213906,0.7271433401744081,True
100000007283257100,terminal,0.8629162438807298,46,0.6991544281263907,"Получатель-кандидат: 1 плательщ., 7 tx, 192.0 тыс. KZT; исходящих рёбер 0.",1,0,192000.0,0.0,7,0,0.00038686168574935596,0.0,1,False,False,1.0,1,0.0,0.0,False
100000004847758100,distributor,0.9065875804633767,0,0.9443702714730752,"Признаки распределения: 15 получ., 23 tx, 488.8 тыс. KZT; вход: 4 плательщ., 115.2 тыс. KZT.",4,15,115171.0,488800.0,4,23,0.00030306622057472906,4.244123954815014,1,False,False,1.0,1,0.00048634622211606536,0.13024111972632,True
100000008737422100,peripheral,0.8099354695149088,4,0.33288829550511795,"Периферийный профиль: in/out degree 1/0, оборот 76.9 тыс. KZT; выраженной структурной роли нет.",1,0,76903.0,0.0,1,0,0.00030005679325733535,0.0,1,False,False,1.0,1,0.0,0.0,False
100000008555918100,coordinator,0.6824388072986203,6,0.7992879394748553,"Связующий профиль: seed-ветвей 1, соседних кластеров 0; in/out degree 1/2, bridge pctl 91%.",1,2,139211.0,43300.0,1,2,0.0003116868107271205,0.3110386391879952,1,False,False,1.0,1,3.561887800534283e-05,0.0,False
100000008094734100,terminal,0.9340963061860259,0,0.7258566978193146,"Получатель-кандидат: 4 плательщ., 4 tx, 236.2 тыс. KZT; исходящих рёбер 0.",4,0,236249.0,0.0,4,0,0.000342174772821511,0.0,1,False,False,1.0,2,0.0,0.0,False
100000006952718100,peripheral,0.8099354695149088,1,0.32621272808188695,"Периферийный профиль: in/out degree 1/0, оборот 71.5 тыс. KZT; выраженной структурной роли нет.",1,0,71489.0,0.0,1,0,0.000291673084154564,0.0,1,False,False,1.0,1,0.0,0.0,False
100000005339662100,coordinator,0.9002358700489541,1,0.9804183355585224,"Связующий профиль: seed-ветвей 1, соседних кластеров 1; in/out degree 4/4, bridge pctl 96%.",4,4,202939.0,295160.0,9,15,0.0016550208755793335,1.4544271924075707,1,False,False,1.0,1,9.492595890636854e-05,0.5564479966886602,True
100000001716579100,peripheral,0.8099354695149088,4,0.09635068980863373,"Периферийный профиль: in/out degree 1/0, оборот 13.9 тыс. KZT; выраженной структурной роли нет.",1,0,13916.0,0.0,1,0,0.0002869360989719104,0.0,1,False,False,1.0,1,0.0,0.0,False
100000002774456100,peripheral,0.8099354695149088,6,0.2634623943035158,"Периферийный профиль: in/out degree 1/0, оборот 50.4 тыс. KZT; выраженной структурной роли нет.",1,0,50363.0,0.0,1,0,0.0002916331854382083,0.0,1,False,False,1.0,1,0.0,0.0,False
100000004394765100,consolidator,0.7534312416555407,1,0.8437917222963952,"Признаки сбора: 3 плательщ., 10 tx, 603.8 тыс. KZT; выход: 2 получ., 82.5 тыс. KZT; seed-ветвей 1.",3,2,603844.0,82500.0,10,2,0.00037810693441255207,0.13662469114539516,1,False,False,1.0,1,4.576036410408627e-05,0.0,False
100000004004621100,terminal,0.8668642634623944,0,0.6226079216733422,"Получатель-кандидат: 3 плательщ., 3 tx, 75.4 тыс. KZT; исходящих рёбер 0.",3,0,75389.0,0.0,3,0,0.0002991252309193898,0.0,1,False,False,1.0,1,0.0,0.0,False
100000000907277100,peripheral,0.8099354695149088,4,0.09635068980863373,"Периферийный профиль: in/out degree 1/0, оборот 17.5 тыс. KZT; выраженной структурной роли нет.",1,0,17534.0,0.0,1,0,0.00028768975721765424,0.0,1,False,False,1.0,1,0.0,0.0,False
100000003835149100,coordinator,0.5738673787271918,20,0.7957276368491322,"Связующий профиль: seed-ветвей 1, соседних кластеров 0; in/out degree 1/2, bridge pctl 39%.",1,2,248500.0,4600440.0,1,13,0.0004860432635753594,18.512837022132796,1,False,False,1.0,1,0.0,0.0,False
100000004254434100,terminal,0.7436032042723633,4,0.5740987983978638,"Получатель-кандидат: 1 плательщ., 2 tx, 44.4 тыс. KZT; исходящих рёбер 0.",1,0,44445.0,0.0,2,0,0.0002932955330748164,0.0,1,False,False,1.0,1,0.0,0.0,False
100000003635170100,coordinator,0.8959857587894972,30,0.9799732977303071,"Связующий профиль: seed-ветвей 1, соседних кластеров 1; in/out degree 3/4, bridge pctl 96%.",3,4,268500.0,253500.0,13,10,0.0011383484770475572,0.9441340782122905,1,False,False,1.0,1,0.00012061576582076796,0.3743016759776536,True
100000006687202100,peripheral,0.8099354695149088,0,0.25500667556742324,"Периферийный профиль: in/out degree 1/0, оборот 50.0 тыс. KZT; выраженной структурной роли нет.",1,0,50000.0,0.0,1,0,0.00029334669149126805,0.0,1,False,False,1.0,1,0.0,0.0,False
100000006030946100,peripheral,0.8099354695149088,4,0.3279928793947485,"Периферийный профиль: in/out degree 1/0, оборот 73.3 тыс. KZT; выраженной структурной роли нет.",1,0,73289.0,0.0,1,0,0.00029930396824348284,0.0,1,False,False,1.0,1,0.0,0.0,False
100000002615479100,peripheral,0.8099354695149088,8,0.48242100578549174,"Периферийный профиль: in/out degree 1/0, оборот 220.0 тыс. KZT; выраженной структурной роли нет.",1,0,220000.0,0.0,1,0,0.00030750969825542643,0.0,1,False,False,1.0,1,0.0,0.0,False
100000002952631100,peripheral,0.8099354695149088,1,0.24299065420560748,"Периферийный профиль: in/out degree 1/0, оборот 48.0 тыс. KZT; выраженной структурной роли нет.",1,0,48050.0,0.0,1,0,0.0002891695452718796,0.0,1,False,False,1.0,1,0.0,0.0,False
100000002890167100,peripheral,0.8099354695149088,1,0.3902981753449043,"Периферийный профиль: in/out degree 1/0, оборот 118.2 тыс. KZT; выраженной структурной роли нет.",1,0,118150.0,0.0,1,0,0.0002966569839713197,0.0,1,False,False,1.0,1,0.0,0.0,False
100000008687671100,peripheral,0.8099354695149088,4,0.20449488206497551,"Периферийный профиль: in/out degree 1/0, оборот 37.5 тыс. KZT; выраженной структурной роли нет.",1,0,37500.0,0.0,1,0,0.00029184883420342583,0.0,1,False,False,1.0,1,0.0,0.0,False
100000000810551100,peripheral,0.440865598575879,6,0.5282599020916778,"Периферийный профиль: in/out degree 1/1, оборот 107.1 тыс. KZT; выраженной структурной роли нет.",1,1,100000.0,7100.0,1,1,0.00030389888057370064,0.071,1,False,False,1.0,1,5.7880676758682096e-05,0.0,False
100000008724279100,peripheral,0.8099354695149088,1,0.09635068980863373,"Периферийный профиль: in/out degree 1/0, оборот 11.8 тыс. KZT; выраженной структурной роли нет.",1,0,11750.0,0.0,1,0,0.00028529231239328223,0.0,1,False,False,1.0,1,0.0,0.0,False
100000002592567100,peripheral,0.40060080106809076,1,0.5487316421895861,"Периферийный профиль: in/out degree 1/2, оборот 53.9 тыс. KZT; выраженной структурной роли нет.",1,2,5297.0,48600.0,1,2,0.0002846030621518059,9.175004719652634,1,False,False,1.0,1,0.0004685955514094427,0.0,False
100000002670860100,terminal,0.9055090342679128,13,0.6519804183355585,"Получатель-кандидат: 2 плательщ., 2 tx, 450.0 тыс. KZT; исходящих рёбер 0.",2,0,450000.0,0.0,2,0,0.00030725363225070595,0.0,1,False,False,1.0,1,0.0,0.0,False
100000002844897100,peripheral,0.8099354695149088,8,0.09635068980863373,"Периферийный профиль: in/out degree 1/0, оборот 10.8 тыс. KZT; выраженной структурной роли нет.",1,0,10800.0,0.0,1,0,0.0002851895673162117,0.0,1,False,False,1.0,1,0.0,0.0,False
100000007938486100,peripheral,0.8099354695149088,4,0.2096128170894526,"Периферийный профиль: in/out degree 1/0, оборот 39.5 тыс. KZT; выраженной структурной роли нет.",1,0,39500.0,0.0,1,0,0.00029226545014911064,0.0,1,False,False,1.0,1,0.0,0.0,False
100000008438656100,coordinator,0.7732554517133957,6,0.7952825990209168,"Связующий профиль: seed-ветвей 1, соседних кластеров 1; in/out degree 2/1, bridge pctl 87%.",2,1,80000.0,5000.0,2,1,0.00029576468037032893,0.0625,1,False,False,1.0,1,1.7809439002671416e-05,0.0625,False
100000008304139100,distributor,0.9193916387163191,0,0.9568313306631063,"Признаки распределения: 24 получ., 43 tx, 1.69 млн KZT; вход: 4 плательщ., 189.3 тыс. KZT.",4,24,189329.75,1692997.0,4,43,0.000311882197366261,8.942054801213228,1,False,False,1.0,1,0.001885976186831447,0.07922685156453226,True
100000002597003100,coordinator,0.6039118825100134,0,0.7436582109479306,"Связующий профиль: seed-ветвей 1, соседних кластеров 0; in/out degree 1/1, bridge pctl 82%.",1,1,17700.0,11000.0,1,1,0.00028733281504121454,0.6214689265536724,1,False,False,1.0,1,1.3357079252003561e-05,0.0,False
100000002830055100,peripheral,0.8099354695149088,4,0.09635068980863373,"Периферийный профиль: in/out degree 1/0, оборот 14.0 тыс. KZT; выраженной структурной роли нет.",1,0,14000.0,0.0,1,0,0.0002869535968416292,0.0,1,False,False,1.0,1,0.0,0.0,False
100000004299488100,coordinator,0.8684557187360925,3,0.9813084112149533,"Связующий профиль: seed-ветвей 1, соседних кластеров 2; in/out degree 6/2, bridge pctl 82%.",6,2,1749000.0,344999.0,22,14,0.0014480635641053285,0.19725500285877645,1,False,False,1.0,1,1.3357079252003561e-05,0.1452258433390509,True
100000002809568100,peripheral,0.8099354695149088,0,0.09635068980863373,"Периферийный профиль: in/out degree 1/0, оборот 10.0 тыс. KZT; выраженной структурной роли нет.",1,0,10000.0,0.0,1,0,0.00028589916647572193,0.0,1,False,False,1.0,1,0.0,0.0,False
100000004784224100,coordinator,0.5234846461949265,20,0.6866933689363596,"Связующий профиль: seed-ветвей 1, соседних кластеров 0; in/out degree 1/1, bridge pctl 39%.",1,1,23500.0,100000.0,2,1,0.0003031404662733759,4.25531914893617,1,False,False,1.0,1,0.0,0.0,False
100000003123296100,terminal,0.7752614152202938,8,0.5816644414775256,"Получатель-кандидат: 1 плательщ., 2 tx, 86.2 тыс. KZT; исходящих рёбер 0.",1,0,86200.0,0.0,2,0,0.00029824929399034964,0.0,1,False,False,1.0,1,0.0,0.0,False
100000004130144100,peripheral,0.8099354695149088,8,0.4483756119270138,"Периферийный профиль: in/out degree 1/0, оборот 200.0 тыс. KZT; выраженной структурной роли нет.",1,0,200000.0,0.0,1,0,0.000295430921698367,0.0,1,False,False,1.0,1,0.0,0.0,False
100000001253557100,terminal,0.9377758789497108,8,0.6933689363595905,"Получатель-кандидат: 5 плательщ., 5 tx, 210.2 тыс. KZT; исходящих рёбер 0.",5,0,210200.0,0.0,5,0,0.000349201444763833,0.0,1,False,False,1.0,1,0.0,0.0,False
100000008767925100,peripheral,0.8099354695149088,4,0.09635068980863373,"Периферийный профиль: in/out degree 1/0, оборот 17.1 тыс. KZT; выраженной структурной роли нет.",1,0,17144.0,0.0,1,0,0.0002876085171082457,0.0,1,False,False,1.0,1,0.0,0.0,False
100000007181706100,terminal,0.8497368936359591,6,0.6275033377837116,"Получатель-кандидат: 2 плательщ., 2 tx, 176.3 тыс. KZT; исходящих рёбер 0.",2,0,176272.0,0.0,2,0,0.00031726410251129106,0.0,1,False,False,1.0,1,0.0,0.0,False
100000003366154100,distributor,0.8100720448924741,6,0.9345794392523364,"Признаки распределения: 3 получ., 3 tx, 289.2 тыс. KZT; вход: 1 плательщ., 125.0 тыс. KZT.",1,3,125000.0,289170.0,1,3,0.00030886427941166693,2.31336,1,False,False,1.0,1,4.700220833561827e-05,1.0,False
100000007641183100,peripheral,0.8099354695149088,1,0.16310636404094347,"Периферийный профиль: in/out degree 1/0, оборот 28.0 тыс. KZT; выраженной структурной роли нет.",1,0,28000.0,0.0,1,0,0.0002870279882686874,0.0,1,False,False,1.0,1,0.0,0.0,False
100000008663007100,peripheral,0.8099354695149088,4,0.09635068980863373,"Периферийный профиль: in/out degree 1/0, оборот 14.0 тыс. KZT; выраженной структурной роли нет.",1,0,14000.0,0.0,1,0,0.0002869535968416292,0.0,1,False,False,1.0,1,0.0,0.0,False
100000007334196100,peripheral,0.8099354695149088,6,0.4477080551846907,"Периферийный профиль: in/out degree 1/0, оборот 150.0 тыс. KZT; выраженной структурной роли нет.",1,0,150002.0,0.0,1,0,0.0003066610412382834,0.0,1,False,False,1.0,1,0.0,0.0,False
100000003873332100,distributor,0.8285484800366181,16,0.9141076991544281,"Признаки распределения: 4 получ., 8 tx, 286.0 тыс. KZT; вход: 1 плательщ., 23.5 тыс. KZT.",1,4,23468.0,286000.0,1,8,0.00028840674814845633,12.186807567751833,1,False,False,1.0,1,0.000651544360661739,0.0,True
100000001550388100,peripheral,0.8099354695149088,0,0.25500667556742324,"Периферийный профиль: in/out degree 1/0, оборот 50.0 тыс. KZT; выраженной структурной роли нет.",1,0,50000.0,0.0,1,0,0.00029334669149126805,0.0,1,False,False,1.0,1,0.0,0.0,False
100000008718089100,peripheral,0.8099354695149088,4,0.09635068980863373,"Периферийный профиль: in/out degree 1/0, оборот 15.5 тыс. KZT; выраженной структурной роли нет.",1,0,15534.0,0.0,1,0,0.00028727314127196944,0.0,1,False,False,1.0,1,0.0,0.0,False
100000008728457100,peripheral,0.8099354695149088,6,0.22897196261682243,"Периферийный профиль: in/out degree 1/0, оборот 45.0 тыс. KZT; выраженной структурной роли нет.",1,0,45000.0,0.0,1,0,0.00029082432153295236,0.0,1,False,False,1.0,1,0.0,0.0,False
100000004206046100,peripheral,0.8099354695149088,1,0.09635068980863373,"Периферийный профиль: in/out degree 1/0, оборот 11.1 тыс. KZT; выраженной структурной роли нет.",1,0,11075.0,0.0,1,0,0.0002852202150876885,0.0,1,False,False,1.0,1,0.0,0.0,False
100000006579678100,distributor,0.8688216285419875,1,0.9283489096573209,"Признаки распределения: 6 получ., 15 tx, 1.67 млн KZT; вход: 2 плательщ., 192.9 тыс. KZT.",2,6,192930.0,1668800.0,2,15,0.000621610195094271,8.649769346395066,1,False,False,1.0,1,9.389886680801525e-05,0.2225159384232623,True
100000002988894100,distributor,0.8025819886105512,6,0.8113039608366711,"Признаки распределения: 3 получ., 3 tx, 77.5 тыс. KZT; вход: 1 плательщ., 306.1 тыс. KZT.",1,3,306121.0,77500.0,1,3,0.00034483779952891873,0.25316786499456095,1,False,False,1.0,1,5.3428317008014244e-05,0.09473378173990024,False
100000008749406100,peripheral,0.8099354695149088,4,0.09635068980863373,"Периферийный профиль: in/out degree 1/0, оборот 17.1 тыс. KZT; выраженной структурной роли нет.",1,0,17144.0,0.0,1,0,0.0002876085171082457,0.0,1,False,False,1.0,1,0.0,0.0,False
100000005584222100,coordinator,0.7743724966622162,0,0.9394748553627058,"Связующий профиль: seed-ветвей 1, соседних кластеров 0; in/out degree 2/2, bridge pctl 89%.",2,2,192717.0,108587.0,6,3,0.000868751146409785,0.5634531463233653,1,False,False,1.0,1,2.6714158504007122e-05,0.207558233056762,True
100000003239859100,peripheral,0.8099354695149088,8,0.09635068980863373,"Периферийный профиль: in/out degree 1/0, оборот 18.6 тыс. KZT; выраженной структурной роли нет.",1,0,18600.0,0.0,1,0,0.00028710391356399743,0.0,1,False,False,1.0,1,0.0,0.0,False
100000003980083100,peripheral,0.8099354695149088,47,0.41165999109924345,"Периферийный профиль: in/out degree 1/0, оборот 30.0 тыс. KZT; выраженной структурной роли нет.",1,0,30000.0,0.0,1,0,0.0005254689776604536,0.0,1,False,False,1.0,1,0.0,0.0,False
100000004351795100,distributor,0.9105046542483726,17,0.9550511793502447,"Признаки распределения: 14 получ., 37 tx, 1.72 млн KZT; вход: 3 плательщ., 118.3 тыс. KZT.",3,14,118333.0,1715161.0,3,37,0.00031176904650985217,14.494359139039828,1,False,False,1.0,1,0.0019558020335931534,0.43883785588128416,True
100000002666248100,peripheral,0.8099354695149088,6,0.3235425011125946,"Периферийный профиль: in/out degree 1/0, оборот 70.0 тыс. KZT; выраженной структурной роли нет.",1,0,70032.0,0.0,1,0,0.00029794675767865365,0.0,1,False,False,1.0,1,0.0,0.0,False
100000005877725100,peripheral,0.8099354695149088,4,0.3213173119715176,"Периферийный профиль: in/out degree 1/0, оборот 70.0 тыс. KZT; выраженной структурной роли нет.",1,0,70000.0,0.0,1,0,0.0002986188433208042,0.0,1,False,False,1.0,1,0.0,0.0,False
100000001697501100,distributor,0.922925582987046,4,0.9897641299510458,"Признаки распределения: 38 получ., 55 tx, 1.48 млн KZT; вход: 3 плательщ., 123.7 тыс. KZT.",3,38,123700.0,1482606.0,3,55,0.0005879372707808527,11.98549717057397,1,False,False,1.0,1,0.00022187344576906699,1.0,True
100000006972210100,terminal,0.9507862928348909,8,0.7552291944815309,"Получатель-кандидат: 3 плательщ., 4 tx, 488.8 тыс. KZT; исходящих рёбер 0.",3,0,488775.0,0.0,4,0,0.00034438116389012174,0.0,1,False,False,1.0,3,0.0,0.0,False
100000008749618100,peripheral,0.8099354695149088,4,0.24076546506453048,"Периферийный профиль: in/out degree 1/0, оборот 47.3 тыс. KZT; выраженной структурной роли нет.",1,0,47280.0,0.0,1,0,0.00029388608617782457,0.0,1,False,False,1.0,1,0.0,0.0,False
100000008671026100,peripheral,0.8099354695149088,4,0.09635068980863373,"Периферийный профиль: in/out degree 1/0, оборот 23.5 тыс. KZT; выраженной структурной роли нет.",1,0,23534.0,0.0,1,0,0.0002889396050547087,0.0,1,False,False,1.0,1,0.0,0.0,False
100000001696818100,peripheral,0.8099354695149088,0,0.29283489096573206,"Периферийный профиль: in/out degree 1/0, оборот 53.5 тыс. KZT; выраженной структурной роли нет.",1,0,53550.0,0.0,1,0,0.00029721837012787407,0.0,1,False,False,1.0,1,0.0,0.0,False
100000008679986100,peripheral,0.8099354695149088,4,0.09635068980863373,"Периферийный профиль: in/out degree 1/0, оборот 19.0 тыс. KZT; выраженной структурной роли нет.",1,0,19000.0,0.0,1,0,0.00028799513670584124,0.0,1,False,False,1.0,1,0.0,0.0,False
100000003616818100,distributor,0.7649906550745613,21,0.8633733867378727,"Признаки распределения: 3 получ., 8 tx, 240.1 тыс. KZT; вход: 3 плательщ., 78.0 тыс. KZT.",3,3,78000.0,240100.0,4,8,0.0005097712785660507,3.0782051282051284,1,False,False,1.0,1,0.0,0.0,True
100000004156082100,coordinator,0.9273876279483756,1,0.9986648865153538,"Связующий профиль: seed-ветвей 1, соседних кластеров 3; in/out degree 5/26, bridge pctl 100%.",5,26,377366.11,2319556.0,7,29,0.0008614700410457352,6.146699288921308,1,False,False,1.0,1,0.002707799128608638,1.0,True
100000008667058100,peripheral,0.8099354695149088,4,0.09635068980863373,"Периферийный профиль: in/out degree 1/0, оборот 17.5 тыс. KZT; выраженной структурной роли нет.",1,0,17534.0,0.0,1,0,0.00028768975721765424,0.0,1,False,False,1.0,1,0.0,0.0,False
100000008628231100,coordinator,0.6599020916777926,6,0.8473520249221184,"Связующий профиль: seed-ветвей 1, соседних кластеров 0; in/out degree 1/2, bridge pctl 91%.",1,2,50000.0,627870.0,1,19,0.000293968082897768,12.5574,1,False,False,1.0,1,3.561887800534283e-05,0.0,False
100000008749063100,peripheral,0.8099354695149088,4,0.09635068980863373,"Периферийный профиль: in/out degree 1/0, оборот 19.0 тыс. KZT; выраженной структурной роли нет.",1,0,19000.0,0.0,1,0,0.00028799513670584124,0.0,1,False,False,1.0,1,0.0,0.0,False
100000004494983100,peripheral,0.8099354695149088,4,0.19425901201602136,"Периферийный профиль: in/out degree 1/0, оборот 35.0 тыс. KZT; выраженной структурной роли нет.",1,0,35000.0,0.0,1,0,0.0002913280642713198,0.0,1,False,False,1.0,1,0.0,0.0,False
100000007648946100,peripheral,0.440865598575879,0,0.48998664886515353,"Периферийный профиль: in/out degree 1/1, оборот 44.5 тыс. KZT; выраженной структурной роли нет.",1,1,19550.0,25000.0,1,1,0.0002876772630731836,1.278772378516624,1,False,False,1.0,1,2.4266507517433135e-06,0.0,False
100000003037660100,peripheral,0.8099354695149088,6,0.2888295505117935,"Периферийный профиль: in/out degree 1/0, оборот 53.0 тыс. KZT; выраженной структурной роли нет.",1,0,53000.0,0.0,1,0,0.000294563930758324,0.0,1,False,False,1.0,1,0.0,0.0,False
100000002679516100,terminal,0.8895711615487317,22,0.6573208722741433,"Получатель-кандидат: 3 плательщ., 3 tx, 102.3 тыс. KZT; исходящих рёбер 0.",3,0,102335.0,0.0,3,0,0.00032499797239802445,0.0,1,False,False,1.0,1,0.0,0.0,False
100000005588444100,peripheral,0.8099354695149088,8,0.09635068980863373,"Периферийный профиль: in/out degree 1/0, оборот 12.3 тыс. KZT; выраженной структурной роли нет.",1,0,12300.0,0.0,1,0,0.0002847379938651421,0.0,1,False,False,1.0,1,0.0,0.0,False
100000001307612100,peripheral,0.8099354695149088,4,0.20738762794837562,"Периферийный профиль: in/out degree 1/0, оборот 38.5 тыс. KZT; выраженной структурной роли нет.",1,0,38483.0,0.0,1,0,0.0002920536009407299,0.0,1,False,False,1.0,1,0.0,0.0,False
100000003001564100,coordinator,0.5987850467289719,1,0.7810413885180241,"Связующий профиль: seed-ветвей 1, соседних кластеров 0; in/out degree 1/1, bridge pctl 82%.",1,1,23520.0,180000.0,1,1,0.00028654947578119107,7.653061224489796,1,False,False,1.0,1,1.3357079252003561e-05,0.0,False
100000002762076100,coordinator,0.7729439252336449,8,0.794392523364486,"Связующий профиль: seed-ветвей 2, соседних кластеров 0; in/out degree 2/1, bridge pctl 78%.",2,1,140350.0,30000.0,2,1,0.00029752509895403115,0.21375133594584966,1,False,False,1.0,2,1.4841199168892846e-06,0.0,False
100000005514161100,coordinator,0.8626524254561638,13,0.8793947485536271,"Связующий профиль: seed-ветвей 1, соседних кластеров 1; in/out degree 4/1, bridge pctl 90%.",4,1,401500.0,50000.0,7,1,0.0008011820843549657,0.12453300124533001,1,False,False,1.0,1,2.968239833778569e-05,0.0,False
100000008746673100,peripheral,0.8099354695149088,4,0.2906097018246551,"Периферийный профиль: in/out degree 1/0, оборот 53.0 тыс. KZT; выраженной структурной роли нет.",1,0,53048.0,0.0,1,0,0.0002950876065651796,0.0,1,False,False,1.0,1,0.0,0.0,False
100000003265158100,coordinator,0.9633800623052959,8,0.9884290164663997,"Связующий профиль: seed-ветвей 2, соседних кластеров 1; in/out degree 3/2, bridge pctl 96%.",3,2,146100.4,154200.0,3,4,0.0003824692562365325,1.055438588806054,1,False,False,1.0,2,0.00013401751757863105,0.8720030882872326,False
100000001567366100,terminal,0.904895772140632,1,0.7053849577214063,"Получатель-кандидат: 1 плательщ., 4 tx, 824.1 тыс. KZT; исходящих рёбер 0.",1,0,824070.0,0.0,4,0,0.00037205688021538203,0.0,1,False,False,1.0,1,0.0,0.0,False
100000008777088100,peripheral,0.8099354695149088,4,0.09635068980863373,"Периферийный профиль: in/out degree 1/0, оборот 18.0 тыс. KZT; выраженной структурной роли нет.",1,0,18000.0,0.0,1,0,0.0002877868287329988,0.0,1,False,False,1.0,1,0.0,0.0,False
100000002589019100,peripheral,0.8099354695149088,8,0.19225634178905207,"Периферийный профиль: in/out degree 1/0, оборот 34.7 тыс. KZT; выраженной структурной роли нет.",1,0,34710.0,0.0,1,0,0.00028976000940228935,0.0,1,False,False,1.0,1,0.0,0.0,False
100000008666075100,peripheral,0.8099354695149088,4,0.1557632398753894,"Периферийный профиль: in/out degree 1/0, оборот 26.2 тыс. KZT; выраженной структурной роли нет.",1,0,26217.0,0.0,1,0,0.0002894984953458449,0.0,1,False,False,1.0,1,0.0,0.0,False
100000008137435100,distributor,0.8834186534980634,19,0.9773030707610146,"Признаки распределения: 6 получ., 7 tx, 1.42 млн KZT; вход: 2 плательщ., 93.9 тыс. KZT.",2,6,93906.0,1419700.0,2,7,0.0003125312040038587,15.118309799160864,1,False,False,1.0,1,0.0001667773552089631,1.0,True
100000004403675100,coordinator,1.0,16,0.9928793947485536,"Связующий профиль: seed-ветвей 2, соседних кластеров 4; in/out degree 4/5, bridge pctl 98%.",4,5,182980.0,264699.0,8,6,0.0007348682800587122,1.4466007213903158,1,False,False,1.0,2,0.0005194382680162006,0.16941742266914417,True
100000004677680100,coordinator,0.7663395638629283,6,0.9256786826880284,"Связующий профиль: seed-ветвей 1, соседних кластеров 0; in/out degree 2/1, bridge pctl 89%.",2,1,63000.0,168000.0,2,3,0.001088072067040416,2.6666666666666665,1,False,False,1.0,1,2.6714158504007122e-05,0.0,True
100000005958064100,coordinator,0.7006030262572318,9,0.8139741878059635,"Связующий профиль: seed-ветвей 1, соседних кластеров 1; in/out degree 1/2, bridge pctl 87%.",1,2,5746.0,163986.84,1,3,0.00028465102021137865,28.539303863557258,1,False,False,1.0,1,1.7809439002671416e-05,0.0,False
100000002881669100,peripheral,0.8099354695149088,8,0.09635068980863373,"Периферийный профиль: in/out degree 1/0, оборот 18.6 тыс. KZT; выраженной структурной роли нет.",1,0,18600.0,0.0,1,0,0.00028710391356399743,0.0,1,False,False,1.0,1,0.0,0.0,False
100000002938501100,peripheral,0.440865598575879,1,0.48731642189586116,"Периферийный профиль: in/out degree 1/1, оборот 13.4 тыс. KZT; выраженной структурной роли нет.",1,1,8395.0,5000.0,1,1,0.0002849339620817755,0.5955926146515783,1,False,False,1.0,1,1.2329987153650274e-05,0.0,False
100000006734554100,coordinator,0.5299999999999999,25,0.6791277258566978,"Связующий профиль: seed-ветвей 1, соседних кластеров 0; in/out degree 1/1, bridge pctl 39%.",1,1,16500.0,25000.0,1,1,0.00031018136101808536,1.5151515151515151,1,False,False,1.0,1,0.0,0.0,False
100000008003034100,distributor,0.8421436519840811,1,0.9537160658655985,"Признаки распределения: 4 получ., 4 tx, 135.0 тыс. KZT; вход: 1 плательщ., 12.2 тыс. KZT.",1,4,12201.0,135000.0,1,4,0.00028534048407450116,11.064666830587656,1,False,False,1.0,1,0.0005165983153922496,1.0,True
100000003970394100,peripheral,0.8099354695149088,8,0.3515798842901647,"Периферийный профиль: in/out degree 1/0, оборот 85.0 тыс. KZT; выраженной структурной роли нет.",1,0,85000.0,0.0,1,0,0.00029805144700053275,0.0,1,False,False,1.0,1,0.0,0.0,False
100000003205210100,peripheral,0.8099354695149088,6,0.4517133956386293,"Периферийный профиль: in/out degree 1/0, оборот 137.6 тыс. KZT; выраженной структурной роли нет.",1,0,137563.0,0.0,1,0,0.00031135949163572176,0.0,1,False,False,1.0,1,0.0,0.0,False
100000004559194100,terminal,0.890246906987094,1,0.6644414775255897,"Получатель-кандидат: 1 плательщ., 6 tx, 282.1 тыс. KZT; исходящих рёбер 0.",1,0,282145.0,0.0,6,0,0.00031417342490590864,0.0,1,False,False,1.0,1,0.0,0.0,False
100000008173359100,peripheral,0.8099354695149088,1,0.09635068980863373,"Периферийный профиль: in/out degree 1/0, оборот 6.1 тыс. KZT; выраженной структурной роли нет.",1,0,6110.0,0.0,1,0,0.00028468989935098775,0.0,1,False,False,1.0,1,0.0,0.0,False
100000007953156100,coordinator,0.6904005340453938,8,0.7676902536715621,"Связующий профиль: seed-ветвей 1, соседних кластеров 0; in/out degree 1/1, bridge pctl 86%.",1,1,18000.0,10000.0,1,1,0.00047458406310733165,0.5555555555555556,2,False,False,1.0,1,1.4841199168892845e-05,0.0,False
100000002224132100,distributor,0.8700034197310544,20,0.9501557632398754,"Признаки распределения: 4 получ., 25 tx, 12.12 млн KZT; вход: 5 плательщ., 3.95 млн KZT.",5,4,3951020.0,12115000.0,10,25,0.006338446920393019,3.0662968043695047,2,False,False,1.0,1,8.904719501335708e-06,0.35169272744759583,True
100000008547844100,distributor,0.9205762746774928,2,0.9528259902091678,"Признаки распределения: 19 получ., 21 tx, 2.04 млн KZT; вход: 3 плательщ., 177.6 тыс. KZT.",3,19,177600.0,2042199.0,3,21,0.0003424595869826327,11.498868243243244,2,False,False,1.0,1,0.0009872280023660255,0.4369369369369369,True
100000002635780100,peripheral,0.8099354695149088,8,0.5629728526924789,"Периферийный профиль: in/out degree 1/0, оборот 163.0 тыс. KZT; выраженной структурной роли нет.",1,0,163000.02,0.0,1,0,0.0005520442702651657,0.0,2,False,False,1.0,1,0.0,0.0,False
100000001279875100,peripheral,0.8099354695149088,13,0.2612372051624388,"Периферийный профиль: in/out degree 1/0, оборот 49.2 тыс. KZT; выраженной структурной роли нет.",1,0,49235.0,0.0,1,0,0.00030162510608277497,0.0,2,False,False,1.0,1,0.0,0.0,False
100000001961048100,peripheral,0.8099354695149088,13,0.4227859368046284,"Периферийный профиль: in/out degree 1/0, оборот 150.0 тыс. KZT; выраженной структурной роли нет.",1,0,150000.0,0.0,1,0,0.0003026058098434453,0.0,2,False,False,1.0,1,0.0,0.0,False
100000000993112100,peripheral,0.8099354695149088,14,0.5371606586559857,"Периферийный профиль: in/out degree 1/0, оборот 141.0 тыс. KZT; выраженной структурной роли нет.",1,0,141000.0,0.0,1,0,0.00043849609557833195,0.0,2,False,False,1.0,1,0.0,0.0,False
100000005547096100,peripheral,0.3799176680017802,39,0.6239430351579884,"Периферийный профиль: in/out degree 1/2, оборот 234.3 тыс. KZT; выраженной структурной роли нет.",1,2,8000.0,226300.0,1,3,0.0008858731244395908,28.2875,2,False,False,1.0,1,1.4841199168892846e-06,0.0,True
100000000331309100,coordinator,1.0,5,1.0,"Связующий профиль: seed-ветвей 3, соседних кластеров 9; in/out degree 5/99, bridge pctl 100%.",5,99,984635.0,23001375.0,8,126,0.0008697417435809628,23.360306103276848,2,False,False,1.0,3,0.004302949947614655,1.0,True
100000006684930100,peripheral,0.8099354695149088,29,0.09635068980863373,"Периферийный профиль: in/out degree 1/0, оборот 10.0 тыс. KZT; выраженной структурной роли нет.",1,0,10000.0,0.0,1,0,0.000297090198750757,0.0,2,False,False,1.0,1,0.0,0.0,False
100000004479404100,coordinator,0.862254116599911,36,0.9710725411659991,"Связующий профиль: seed-ветвей 1, соседних кластеров 1; in/out degree 2/1, bridge pctl 94%.",2,1,1492000.0,300000.0,8,2,0.0008597380783876828,0.20107238605898123,2,False,False,1.0,1,6.67853962600178e-05,0.0,True
100000004134060100,peripheral,0.8099354695149088,2,0.43569203382287497,"Периферийный профиль: in/out degree 1/0, оборот 88.2 тыс. KZT; выраженной структурной роли нет.",1,0,88179.0,0.0,1,0,0.00032619556204514826,0.0,2,False,False,1.0,1,0.0,0.0,False
100000001083990100,terminal,0.7506383622607922,8,0.655985758789497,"Получатель-кандидат: 1 плательщ., 2 tx, 49.9 тыс. KZT; исходящих рёбер 0.",1,0,49900.0,0.0,2,0,0.0004991464947089623,0.0,2,False,False,1.0,1,0.0,0.0,False
100000004573782100,peripheral,0.8099354695149088,26,0.19047619047619047,"Периферийный профиль: in/out degree 1/0, оборот 15.0 тыс. KZT; выраженной структурной роли нет.",1,0,15000.0,0.0,1,0,0.00030817642660609844,0.0,2,False,False,1.0,1,0.0,0.0,False
100000005660203100,coordinator,0.7230529595015576,1,0.9448153093012907,"Связующий профиль: seed-ветвей 1, соседних кластеров 0; in/out degree 1/2, bridge pctl 86%.",1,2,572899.0,41000.0,12,5,0.0009413495993554555,0.07156584319400104,2,False,False,1.0,1,1.4841199168892845e-05,0.020946100447024694,True
100000008771627100,peripheral,0.8099354695149088,4,0.09635068980863373,"Периферийный профиль: in/out degree 1/0, оборот 16.5 тыс. KZT; выраженной структурной роли нет.",1,0,16500.0,0.0,1,0,0.0002895989922584343,0.0,2,False,False,1.0,1,0.0,0.0,False
100000000031787100,coordinator,0.6754161103693813,26,0.8758344459279038,"Связующий профиль: seed-ветвей 1, соседних кластеров 0; in/out degree 1/2, bridge pctl 78%.",1,2,90000.0,90000.0,2,4,0.0004288721335274135,1.0,2,False,False,1.0,1,1.4841199168892846e-06,0.0,True
100000001346560100,coordinator,0.8606675567423232,6,0.8086337338673787,"Связующий профиль: seed-ветвей 2, соседних кластеров 0; in/out degree 2/1, bridge pctl 88%.",2,1,10000.0,22200.0,2,1,0.0005829775428412676,2.22,2,False,False,1.0,2,1.92935589195607e-05,0.0,False
100000001703168100,coordinator,0.6263885180240321,0,0.7837116154873164,"Связующий профиль: seed-ветвей 1, соседних кластеров 0; in/out degree 1/1, bridge pctl 85%.",1,1,45000.0,90000.0,1,1,0.0002910836615882805,2.0,2,False,False,1.0,1,1.3401751757863106e-05,0.0,False
100000004904960100,terminal,0.8038949710725412,3,0.6942590120160214,"Получатель-кандидат: 2 плательщ., 2 tx, 32.0 тыс. KZT; исходящих рёбер 0.",2,0,32000.0,0.0,2,0,0.0007730557273001859,0.0,2,False,False,1.0,1,0.0,0.0,False
100000004467157100,peripheral,0.38199821984868715,18,0.5580774365821095,"Периферийный профиль: in/out degree 1/1, оборот 27.0 тыс. KZT; выраженной структурной роли нет.",1,1,20000.0,7000.0,3,1,0.00038418209359371335,0.35,2,False,False,1.0,1,0.0,0.0,True
100000008346837100,coordinator,1.0,0,0.995549621717846,"Связующий профиль: seed-ветвей 2, соседних кластеров 7; in/out degree 9/25, bridge pctl 100%.",9,25,254359.0,1258643.0,12,26,0.0005440589932800391,4.948293553599441,2,False,False,1.0,2,0.005439245936776404,0.4532963252725479,True
100000006385877100,transit,0.5143777430255413,8,0.8202047174009791,"Признаки транзита: вход 53.7 тыс., выход 36.6 тыс. KZT; совпадение в тот же день 21%, двусторонних дней 2.",1,1,53706.62,36602.93,5,5,0.0021948714129023683,0.6815347903107661,2,False,False,1.0,1,0.0,0.20673298747901095,True
100000002459093100,coordinator,0.5541388518024032,9,0.7543391188251002,"Связующий профиль: seed-ветвей 1, соседних кластеров 0; in/out degree 1/1, bridge pctl 39%.",1,1,500000.0,55000.0,2,3,0.0003870346817072203,0.11,2,False,False,1.0,1,0.0,0.0,False
100000005053653100,coordinator,0.6936226079216733,0,0.7641299510458389,"Связующий профиль: seed-ветвей 1, соседних кластеров 0; in/out degree 2/1, bridge pctl 82%.",2,1,63073.0,25000.0,2,1,0.00031187180929428233,0.3963661154535221,2,False,False,1.0,1,1.3357079252003561e-05,0.0,False
100000001557930100,peripheral,0.8099354695149088,14,0.19181130396083668,"Периферийный профиль: in/out degree 1/0, оборот 34.6 тыс. KZT; выраженной структурной роли нет.",1,0,34610.0,0.0,1,0,0.00029055279976553523,0.0,2,False,False,1.0,1,0.0,0.0,False
100000002820010100,peripheral,0.8099354695149088,14,0.17378727191811305,"Периферийный профиль: in/out degree 1/0, оборот 30.0 тыс. KZT; выраженной структурной роли нет.",1,0,30000.0,0.0,1,0,0.0002896849430175879,0.0,2,False,False,1.0,1,0.0,0.0,False
100000000769919100,peripheral,0.8099354695149088,45,0.5985758789497108,"Периферийный профиль: in/out degree 1/0, оборот 250.0 тыс. KZT; выраженной структурной роли нет.",1,0,250000.0,0.0,1,0,0.0007306859162333377,0.0,2,False,False,1.0,1,0.0,0.0,False
100000003188607100,peripheral,0.440865598575879,26,0.4735202492211838,"Периферийный профиль: in/out degree 1/1, оборот 23.0 тыс. KZT; выраженной структурной роли нет.",1,1,18000.0,5000.0,1,1,0.00031300425488295104,0.2777777777777778,2,False,False,1.0,1,1.4841199168892846e-06,0.0,False
100000002836052100,peripheral,0.8099354695149088,6,0.43079661771250555,"Периферийный профиль: in/out degree 1/0, оборот 15.0 тыс. KZT; выраженной структурной роли нет.",1,0,15000.0,0.0,1,0,0.00030398245233656263,0.0,2,False,False,1.0,2,0.0,0.0,False
100000001102676100,transit,0.7216688918558078,0,0.7387627948375612,"Признаки транзита: вход 50.0 тыс., выход 50.0 тыс. KZT; совпадение в тот же день 100%, двусторонних дней 1.",1,1,50000.0,50000.0,1,1,0.0003113145269804513,1.0,2,False,False,1.0,1,0.0,1.0,False
100000003390036100,coordinator,0.897051624388073,6,0.9639519359145527,"Связующий профиль: seed-ветвей 2, соседних кластеров 0; in/out degree 2/2, bridge pctl 93%.",2,2,231300.0,62000.0,4,2,0.0013117547373414393,0.2680501513186338,2,False,False,1.0,2,5.7880676758682096e-05,0.043233895373973194,True
100000008335401100,terminal,0.8130846461949266,12,0.7036048064085447,"Получатель-кандидат: 1 плательщ., 3 tx, 150.0 тыс. KZT; исходящих рёбер 0.",1,0,150000.0,0.0,3,0,0.000547880691761722,0.0,2,False,False,1.0,1,0.0,0.0,False
100000006994985100,coordinator,0.6818291054739652,3,0.7770360480640854,"Связующий профиль: seed-ветвей 1, соседних кластеров 0; in/out degree 1/1, bridge pctl 82%.",1,1,48500.0,10200.0,2,2,0.0004983232677151284,0.21030927835051547,2,False,False,1.0,1,1.3357079252003561e-05,0.0,False
100000008356606100,terminal,0.8750380062305296,1,0.6995994659546061,"Получатель-кандидат: 2 плательщ., 2 tx, 168.5 тыс. KZT; исходящих рёбер 0.",2,0,168500.0,0.0,2,0,0.0006230027333827205,0.0,2,False,False,1.0,1,0.0,0.0,False
100000007930878100,peripheral,0.8099354695149088,35,0.38006230529595014,"Периферийный профиль: in/out degree 1/0, оборот 5.0 тыс. KZT; выраженной структурной роли нет.",1,0,5000.0,0.0,1,0,0.00048033307168212356,0.0,2,False,False,1.0,1,0.0,0.0,False
100000008389800100,distributor,0.8783551917841379,1,0.9158878504672897,"Признаки распределения: 7 получ., 8 tx, 401.6 тыс. KZT; вход: 3 плательщ., 189.0 тыс. KZT.",3,7,189000.0,401620.0,3,8,0.000502011261882765,2.124973544973545,2,False,False,1.0,1,9.349955476402493e-05,0.25925925925925924,True
100000005474472100,peripheral,0.8099354695149088,20,0.5433911882510013,"Периферийный профиль: in/out degree 1/0, оборот 100.0 тыс. KZT; выраженной структурной роли нет.",1,0,100000.0,0.0,1,0,0.0005417066815542678,0.0,2,False,False,1.0,1,0.0,0.0,False
100000004486525100,consolidator,0.7855006675567423,0,0.8655985758789497,"Признаки сбора: 8 плательщ., 21 tx, 360.9 тыс. KZT; выход: 2 получ., 271.0 тыс. KZT; seed-ветвей 1.",8,2,360924.0,271045.0,21,3,0.0008008088339781446,0.7509752745730403,2,False,False,1.0,1,1.0388839418224992e-05,0.06120402079108067,False
100000003031890100,terminal,0.8925217623497997,21,0.7098353360035603,"Получатель-кандидат: 1 плательщ., 10 tx, 215.0 тыс. KZT; исходящих рёбер 0.",1,0,215000.0,0.0,10,0,0.00038978870683589566,0.0,2,False,False,1.0,1,0.0,0.0,False
100000008624978100,peripheral,0.8099354695149088,2,0.4779706275033378,"Периферийный профиль: in/out degree 1/0, оборот 109.0 тыс. KZT; выраженной структурной роли нет.",1,0,109000.0,0.0,1,0,0.0003361500578064769,0.0,2,False,False,1.0,1,0.0,0.0,False
100000000790311100,peripheral,0.8099354695149088,1,0.2349799732977303,"Периферийный профиль: in/out degree 1/0, оборот 46.3 тыс. KZT; выраженной структурной роли нет.",1,0,46300.0,0.0,1,0,0.00029865351068281344,0.0,2,False,False,1.0,1,0.0,0.0,False
100000008546855100,coordinator,0.8836626613262126,3,0.9750778816199377,"Связующий профиль: seed-ветвей 1, соседних кластеров 1; in/out degree 6/2, bridge pctl 92%.",6,2,71790.0,10000.0,8,2,0.0014140985257297884,0.1392951664577239,2,False,False,1.0,1,4.007123775601068e-05,0.06964758322886196,True
100000002863356100,coordinator,0.6267556742323097,4,0.7400979083222073,"Связующий профиль: seed-ветвей 1, соседних кластеров 0; in/out degree 1/1, bridge pctl 79%.",1,1,45000.0,20000.0,1,1,0.0002992055771398323,0.4444444444444444,2,False,False,1.0,1,2.968239833778569e-06,0.0,False
100000000332284100,coordinator,0.9047218513573653,0,0.9078771695594126,"Связующий профиль: seed-ветвей 1, соседних кластеров 4; in/out degree 10/3, bridge pctl 94%.",10,3,107426.0,289500.0,12,3,0.0007127196191883484,2.69487833485376,2,False,False,1.0,1,7.044269176949497e-05,0.1535941019864837,False
100000002605308100,terminal,0.9686241210502893,9,0.7716955941255007,"Получатель-кандидат: 3 плательщ., 7 tx, 2.57 млн KZT; исходящих рёбер 0.",3,0,2569521.84,0.0,7,0,0.0008781271867900443,0.0,2,False,False,1.0,2,0.0,0.0,False
100000005931985100,peripheral,0.8099354695149088,13,0.38540275923453493,"Периферийный профиль: in/out degree 1/0, оборот 76.0 тыс. KZT; выраженной структурной роли нет.",1,0,76000.0,0.0,1,0,0.000311186150570295,0.0,2,False,False,1.0,1,0.0,0.0,False
100000001166289100,peripheral,0.31444147752558965,4,0.6399643969737427,"Периферийный профиль: in/out degree 2/1, оборот 746.0 тыс. KZT; выраженной структурной роли нет.",2,1,721039.0,25000.0,10,1,0.0021162375990748895,0.0346721883282319,2,False,False,1.0,1,0.0,0.0,True
100000008477350100,coordinator,1.0,3,0.9959946595460614,"Связующий профиль: seed-ветвей 2, соседних кластеров 6; in/out degree 11/39, bridge pctl 99%.",11,39,610100.0,3374866.0,14,44,0.0010272821770227313,5.531660383543682,2,False,False,1.0,2,0.001045014629642875,0.5092607769218161,True
100000003824464100,peripheral,0.8099354695149088,19,0.5082331998219849,"Периферийный профиль: in/out degree 1/0, оборот 200.0 тыс. KZT; выраженной структурной роли нет.",1,0,200000.0,0.0,1,0,0.00032146089914074024,0.0,2,False,False,1.0,1,0.0,0.0,False
100000002738256100,peripheral,0.440865598575879,40,0.5959056519804183,"Периферийный профиль: in/out degree 1/1, оборот 325.2 тыс. KZT; выраженной структурной роли нет.",1,1,150200.0,175000.0,1,1,0.0005062533988089602,1.1651131824234353,2,False,False,1.0,1,0.0,0.0,True
100000001857829100,coordinator,0.9230707610146863,11,0.9951045838896306,"Связующий профиль: seed-ветвей 1, соседних кластеров 5; in/out degree 6/16, bridge pctl 99%.",6,16,888535.0,2390993.0,9,16,0.000616547377723506,2.690938454872346,2,False,False,1.0,1,0.0013393512560154592,0.7647813535763927,True
100000008672762100,peripheral,0.8099354695149088,4,0.09635068980863373,"Периферийный профиль: in/out degree 1/0, оборот 13.0 тыс. KZT; выраженной структурной роли нет.",1,0,13000.0,0.0,1,0,0.00028841923622036786,0.0,2,False,False,1.0,1,0.0,0.0,False
100000001737722100,peripheral,0.8099354695149088,0,0.38050734312416556,"Периферийный профиль: in/out degree 1/0, оборот 60.5 тыс. KZT; выраженной структурной роли нет.",1,0,60460.0,0.0,1,0,0.0003170209259563537,0.0,2,False,False,1.0,1,0.0,0.0,False
100000005572303100,coordinator,0.6667489986648865,1,0.774365821094793,"Связующий профиль: seed-ветвей 1, соседних кластеров 0; in/out degree 1/1, bridge pctl 89%.",1,1,75000.0,20000.0,1,1,0.00031156111429583643,0.26666666666666666,2,False,False,1.0,1,2.6714158504007122e-05,0.0,False
100000008733049100,peripheral,0.8099354695149088,1,0.09635068980863373,"Периферийный профиль: in/out degree 1/0, оборот 10.0 тыс. KZT; выраженной структурной роли нет.",1,0,10000.0,0.0,1,0,0.00028719413737323453,0.0,2,False,False,1.0,1,0.0,0.0,False
100000000850297100,transit,0.7216688918558078,8,0.7160658655985759,"Признаки транзита: вход 17.5 тыс., выход 17.5 тыс. KZT; совпадение в тот же день 100%, двусторонних дней 1.",1,1,17520.0,17520.0,1,1,0.0002923244824112866,1.0,2,False,False,1.0,1,0.0,1.0,True
100000005140601100,coordinator,0.7709612817089452,3,0.9434801958166444,"Связующий профиль: seed-ветвей 1, соседних кластеров 0; in/out degree 3/2, bridge pctl 82%.",3,2,52685.0,195300.0,4,5,0.0028369301209803387,3.706937458479643,2,False,False,1.0,1,1.3357079252003561e-05,0.4745183638606814,True
100000004410489100,peripheral,0.8099354695149088,0,0.35447263017356473,"Периферийный профиль: in/out degree 1/0, оборот 54.0 тыс. KZT; выраженной структурной роли нет.",1,0,54000.0,0.0,1,0,0.0003124962449689375,0.0,2,False,False,1.0,1,0.0,0.0,False
100000006852430100,peripheral,0.8099354695149088,6,0.4730752113929684,"Периферийный профиль: in/out degree 1/0, оборот 37.0 тыс. KZT; выраженной структурной роли нет.",1,0,37000.0,0.0,1,0,0.0005330214736208844,0.0,2,False,False,1.0,2,0.0,0.0,False
100000003166755100,peripheral,0.8099354695149088,0,0.09635068980863373,"Периферийный профиль: in/out degree 1/0, оборот 24.0 тыс. KZT; выраженной структурной роли нет.",1,0,24010.0,0.0,1,0,0.0002877969184786876,0.0,2,False,False,1.0,1,0.0,0.0,False
100000008258083100,transit,0.6067304732499342,13,0.8522474410324877,"Признаки транзита: вход 3.15 млн, выход 2.05 млн KZT; совпадение в тот же день 1%, двусторонних дней 3.",2,2,3149500.0,2045650.0,13,6,0.0010411089006341612,0.6495157961581204,2,False,False,1.0,1,5.3428317008014244e-05,0.01397047150341324,True
100000003054328100,transit,0.6831836387075764,13,0.7814864263462394,"Признаки транзита: вход 140.0 тыс., выход 193.7 тыс. KZT; совпадение в тот же день 100%, двусторонних дней 1.",1,2,140000.0,193720.0,1,2,0.0003340483529689977,1.3837142857142857,2,False,False,1.0,1,0.0,1.0,False
100000008473207100,terminal,0.8713468624833112,6,0.7214063195371606,"Получатель-кандидат: 1 плательщ., 4 tx, 202.0 тыс. KZT; исходящих рёбер 0.",1,0,202000.0,0.0,4,0,0.0005526322023668285,0.0,2,False,False,1.0,2,0.0,0.0,False
100000008104567100,coordinator,0.8827859368046284,9,0.9586114819759679,"Связующий профиль: seed-ветвей 1, соседних кластеров 1; in/out degree 3/3, bridge pctl 98%.",3,3,53550.0,40000.0,3,4,0.0005348805817054214,0.7469654528478058,2,False,False,1.0,1,0.00036803700405659446,0.22408963585434175,True
100000002721825100,peripheral,0.8099354695149088,0,0.4014241210502893,"Периферийный профиль: in/out degree 1/0, оборот 11.0 тыс. KZT; выраженной структурной роли нет.",1,0,11000.0,0.0,1,0,0.0005282701780069269,0.0,2,False,False,1.0,1,0.0,0.0,False
100000003509750100,distributor,0.7523005958057456,14,0.890520694259012,"Признаки распределения: 3 получ., 5 tx, 78.4 тыс. KZT; вход: 3 плательщ., 82.3 тыс. KZT.",3,3,82290.0,78400.0,4,5,0.0016747371621230584,0.9527281565196257,2,False,False,1.0,1,0.0,0.6076072426783328,True
100000007322059100,coordinator,0.7603048509123276,14,0.892745883400089,"Связующий профиль: seed-ветвей 1, соседних кластеров 0; in/out degree 2/1, bridge pctl 89%.",2,1,29000.0,22500.0,2,2,0.0006748242548392965,0.7758620689655172,2,False,False,1.0,1,2.6714158504007122e-05,0.5344827586206896,True
100000004441291100,peripheral,0.8099354695149088,6,0.4192256341789052,"Периферийный профиль: in/out degree 1/0, оборот 20.0 тыс. KZT; выраженной структурной роли нет.",1,0,20000.0,0.0,1,0,0.0005455337009450155,0.0,2,False,False,1.0,1,0.0,0.0,False
100000006122699100,terminal,0.7921365376056966,1,0.6470850022251892,"Получатель-кандидат: 2 плательщ., 2 tx, 45.9 тыс. KZT; исходящих рёбер 0.",2,0,45865.0,0.0,2,0,0.00040235541941941935,0.0,2,False,False,1.0,1,0.0,0.0,False
100000008254069100,distributor,0.8348183814823827,6,0.9399198931909212,"Признаки распределения: 5 получ., 6 tx, 107.5 тыс. KZT; вход: 1 плательщ., 10.2 тыс. KZT.",1,5,10200.0,107500.0,2,6,0.00034056856631632,10.53921568627451,2,False,False,1.0,1,5.6891263480755905e-05,0.9803921568627451,True
100000003336565100,peripheral,0.8099354695149088,4,0.09635068980863373,"Периферийный профиль: in/out degree 1/0, оборот 16.6 тыс. KZT; выраженной структурной роли нет.",1,0,16550.0,0.0,1,0,0.00028961584591612096,0.0,2,False,False,1.0,1,0.0,0.0,False
100000002492277100,peripheral,0.8099354695149088,0,0.4241210502892746,"Периферийный профиль: in/out degree 1/0, оборот 138.5 тыс. KZT; выраженной структурной роли нет.",1,0,138500.0,0.0,1,0,0.00030572446581633863,0.0,2,False,False,1.0,1,0.0,0.0,False
100000001339466100,peripheral,0.8099354695149088,0,0.1838006230529595,"Периферийный профиль: in/out degree 1/0, оборот 30.0 тыс. KZT; выраженной структурной роли нет.",1,0,30000.0,0.0,1,0,0.00030223005399636365,0.0,2,False,False,1.0,1,0.0,0.0,False
100000005022964100,peripheral,0.8099354695149088,6,0.24788607031597687,"Периферийный профиль: in/out degree 1/0, оборот 20.0 тыс. KZT; выраженной структурной роли нет.",1,0,20000.0,0.0,1,0,0.00032555357074199643,0.0,2,False,False,1.0,1,0.0,0.0,False
100000003112436100,peripheral,0.8099354695149088,15,0.5482866043613707,"Периферийный профиль: in/out degree 1/0, оборот 100.0 тыс. KZT; выраженной структурной роли нет.",1,0,100000.0,0.0,1,0,0.00030048750651478936,0.0,2,False,False,1.0,2,0.0,0.0,False
100000000489417100,consolidator,0.6916866933689363,0,0.8072986203827325,"Признаки сбора: 3 плательщ., 3 tx, 73.5 тыс. KZT; выход: 1 получ., 80.0 тыс. KZT; seed-ветвей 1.",3,1,73504.0,80000.0,3,1,0.0005484753131357841,1.0883761427949499,2,False,False,1.0,1,6.65412975894768e-06,0.27209403569873747,False
100000002217161100,distributor,0.8661581390067422,17,0.9327992879394749,"Признаки распределения: 7 получ., 19 tx, 995.1 тыс. KZT; вход: 2 плательщ., 404.8 тыс. KZT.",2,7,404750.0,995132.0,15,19,0.0008841209654857315,2.4586337245213095,2,False,False,1.0,1,0.00010685663401602849,0.24212476837554045,True
100000002469065100,peripheral,0.8099354695149088,15,0.5745438362260792,"Периферийный профиль: in/out degree 1/0, оборот 200.0 тыс. KZT; выраженной структурной роли нет.",1,0,200000.0,0.0,1,0,0.0003169377278077433,0.0,2,False,False,1.0,2,0.0,0.0,False
100000007337374100,terminal,0.7302549176680018,4,0.5727636849132176,"Получатель-кандидат: 1 плательщ., 2 tx, 20.0 тыс. KZT; исходящих рёбер 0.",1,0,20000.0,0.0,2,0,0.0002907787482965007,0.0,2,False,False,1.0,1,0.0,0.0,False
100000003249054100,coordinator,0.7563684913217624,0,0.8651535380507344,"Связующий профиль: seed-ветвей 1, соседних кластеров 0; in/out degree 7/1, bridge pctl 90%.",7,1,99700.0,15000.0,11,1,0.0004289384646092229,0.15045135406218657,2,False,False,1.0,1,2.968239833778569e-05,0.0,False
100000003024542100,peripheral,0.8099354695149088,6,0.22429906542056074,"Периферийный профиль: in/out degree 1/0, оборот 8.5 тыс. KZT; выраженной структурной роли нет.",1,0,8500.0,0.0,1,0,0.0003161850671779268,0.0,2,False,False,1.0,1,0.0,0.0,False
100000002718366100,terminal,0.984425456163774,2,0.7654650645304851,"Получатель-кандидат: 6 плательщ., 10 tx, 2.52 млн KZT; исходящих рёбер 0.",6,0,2525000.0,0.0,10,0,0.0006774848913508325,0.0,2,False,False,1.0,1,0.0,0.0,False
100000005059998100,peripheral,0.8099354695149088,0,0.09635068980863373,"Периферийный профиль: in/out degree 1/0, оборот 18.0 тыс. KZT; выраженной структурной роли нет.",1,0,18000.0,0.0,1,0,0.0002943175607731388,0.0,2,False,False,1.0,1,0.0,0.0,False
100000004071070100,peripheral,0.3429572763684913,0,0.630173564753004,"Периферийный профиль: in/out degree 2/1, оборот 47.0 тыс. KZT; выраженной структурной роли нет.",2,1,41000.0,6000.0,5,1,0.0011824104707020525,0.14634146341463414,2,False,False,1.0,1,0.0,0.0,True
100000001584286100,terminal,0.9304491321762351,13,0.6871384067645749,"Получатель-кандидат: 2 плательщ., 3 tx, 738.7 тыс. KZT; исходящих рёбер 0.",2,0,738699.0,0.0,3,0,0.0003266208387651934,0.0,2,False,False,1.0,1,0.0,0.0,False
100000008701256100,peripheral,0.8099354695149088,3,0.3146417445482866,"Периферийный профиль: in/out degree 1/0, оборот 58.2 тыс. KZT; выраженной структурной роли нет.",1,0,58250.0,0.0,1,0,0.00030208908905188676,0.0,2,False,False,1.0,1,0.0,0.0,False
100000001490461100,coordinator,0.6648731642189586,12,0.7632398753894081,"Связующий профиль: seed-ветвей 1, соседних кластеров 0; in/out degree 1/1, bridge pctl 86%.",1,1,20000.0,5000.0,1,1,0.0003192164060938203,0.25,2,False,False,1.0,1,1.4841199168892845e-05,0.0,False
100000008531186100,peripheral,0.8099354695149088,0,0.5060080106809078,"Периферийный профиль: in/out degree 1/0, оборот 125.0 тыс. KZT; выраженной структурной роли нет.",1,0,125000.0,0.0,1,0,0.00035984048844903637,0.0,2,False,False,1.0,1,0.0,0.0,False
100000004765639100,transit,0.618828336772262,15,0.7636849132176236,"Признаки транзита: вход 5.0 тыс., выход 11.0 тыс. KZT; совпадение в тот же день 100%, двусторонних дней 1.",1,2,5000.0,11000.0,1,2,0.0003595954286633791,2.2,2,False,False,1.0,1,0.0,1.0,True
100000002983879100,terminal,0.8826008010680908,0,0.6591010235870048,"Получатель-кандидат: 2 плательщ., 2 tx, 200.1 тыс. KZT; исходящих рёбер 0.",2,0,200050.0,0.0,2,0,0.00035599294299730336,0.0,2,False,False,1.0,1,0.0,0.0,False
100000008734364100,peripheral,0.8099354695149088,4,0.15331553182020471,"Периферийный профиль: in/out degree 1/0, оборот 26.2 тыс. KZT; выраженной структурной роли нет.",1,0,26200.0,0.0,1,0,0.00029286860184964694,0.0,2,False,False,1.0,1,0.0,0.0,False
100000003192220100,terminal,0.7879432131731197,1,0.6617712505562973,"Получатель-кандидат: 1 плательщ., 2 tx, 60.0 тыс. KZT; исходящих рёбер 0.",1,0,60000.0,0.0,2,0,0.0004998740252561194,0.0,2,False,False,1.0,1,0.0,0.0,False
100000008060273100,terminal,0.7015426791277258,6,0.6657765910102359,"Получатель-кандидат: 1 плательщ., 2 tx, 10.0 тыс. KZT; исходящих рёбер 0.",1,0,10000.0,0.0,2,0,0.0002973340632983202,0.0,2,False,False,1.0,2,0.0,0.0,False
100000008205937100,terminal,0.7844094348019581,29,0.6435246995994659,"Получатель-кандидат: 1 плательщ., 3 tx, 35.0 тыс. KZT; исходящих рёбер 0.",1,0,35000.0,0.0,3,0,0.000329722482573061,0.0,2,False,False,1.0,1,0.0,0.0,False
100000005507142100,distributor,0.7648673787271918,31,0.8691588785046729,"Признаки распределения: 3 получ., 4 tx, 100.0 тыс. KZT; вход: 3 плательщ., 51.0 тыс. KZT.",3,3,51000.0,100000.0,3,4,0.0005555330659664608,1.9607843137254901,2,False,False,1.0,1,0.0,0.0,True
100000005539910100,coordinator,0.7159234534935468,6,0.8068535825545171,"Связующий профиль: seed-ветвей 1, соседних кластеров 0; in/out degree 1/2, bridge pctl 91%.",1,2,102000.0,22000.0,1,2,0.0004957703413746566,0.21568627450980393,2,False,False,1.0,1,3.85871178391214e-05,0.0,False
100000002459163100,peripheral,0.8099354695149088,42,0.3182020471740098,"Периферийный профиль: in/out degree 1/0, оборот 20.2 тыс. KZT; выраженной структурной роли нет.",1,0,20180.0,0.0,1,0,0.0003626489181437228,0.0,2,False,False,1.0,1,0.0,0.0,False
100000004666651100,peripheral,0.8099354695149088,6,0.5758789497107254,"Периферийный профиль: in/out degree 1/0, оборот 429.2 тыс. KZT; выраженной структурной роли нет.",1,0,429250.0,0.0,1,0,0.0004548655293588592,0.0,2,False,False,1.0,1,0.0,0.0,False
100000003927792100,peripheral,0.8099354695149088,1,0.09635068980863373,"Периферийный профиль: in/out degree 1/0, оборот 13.1 тыс. KZT; выраженной структурной роли нет.",1,0,13067.0,0.0,1,0,0.00028816234392806865,0.0,2,False,False,1.0,1,0.0,0.0,False
100000000607941100,coordinator,0.764971072541166,1,0.914997774810859,"Связующий профиль: seed-ветвей 1, соседних кластеров 0; in/out degree 2/1, bridge pctl 92%.",2,1,50000.0,70000.0,3,4,0.0005743727877356534,1.4,2,False,False,1.0,1,4.020525527358932e-05,0.2,True
100000004158362100,peripheral,0.8099354695149088,0,0.09635068980863373,"Периферийный профиль: in/out degree 1/0, оборот 12.0 тыс. KZT; выраженной структурной роли нет.",1,0,12000.0,0.0,1,0,0.0002898109212314577,0.0,2,False,False,1.0,1,0.0,0.0,False
100000005664922100,coordinator,0.7272986203827324,20,0.9287939474855362,"Связующий профиль: seed-ветвей 1, соседних кластеров 1; in/out degree 2/3, bridge pctl 39%.",2,3,22000.0,537000.0,2,4,0.0008009596369330641,24.40909090909091,2,False,False,1.0,1,0.0,0.0,True
100000007594394100,coordinator,0.7713440142412106,16,0.9848687138406764,"Связующий профиль: seed-ветвей 1, соседних кластеров 3; in/out degree 6/1, bridge pctl 90%.",6,1,395385.0,3376312.0,6,40,0.00040315275734034044,8.539302199122375,2,False,False,1.0,1,2.7555159790244383e-05,0.9863803634432262,True
100000000979567100,peripheral,0.8099354695149088,4,0.3987538940809969,"Периферийный профиль: in/out degree 1/0, оборот 10.0 тыс. KZT; выраженной структурной роли нет.",1,0,10000.0,0.0,1,0,0.0005275937189834469,0.0,2,False,False,1.0,1,0.0,0.0,False
100000002831727100,coordinator,0.6120827770360481,16,0.7752558967512239,"Связующий профиль: seed-ветвей 1, соседних кластеров 0; in/out degree 1/1, bridge pctl 82%.",1,1,6000.0,77000.0,1,3,0.00028918020275874967,12.833333333333334,2,False,False,1.0,1,1.3357079252003561e-05,0.0,False
100000003062895100,terminal,0.897198753894081,8,0.6924788607031598,"Получатель-кандидат: 2 плательщ., 2 tx, 328.4 тыс. KZT; исходящих рёбер 0.",2,0,328444.0,0.0,2,0,0.0004053088826305033,0.0,2,False,False,1.0,1,0.0,0.0,False
100000008376089100,peripheral,0.8099354695149088,13,0.40587449933244324,"Периферийный профиль: in/out degree 1/0, оборот 135.0 тыс. KZT; выраженной структурной роли нет.",1,0,135000.0,0.0,1,0,0.00030074895738128426,0.0,2,False,False,1.0,1,0.0,0.0,False
100000003219438100,peripheral,0.8099354695149088,18,0.3991989319092123,"Периферийный профиль: in/out degree 1/0, оборот 32.0 тыс. KZT; выраженной структурной роли нет.",1,0,32000.0,0.0,1,0,0.00044426897861684007,0.0,2,False,False,1.0,1,0.0,0.0,False
100000000967918100,terminal,0.7582474410324878,10,0.67601246105919,"Получатель-кандидат: 1 плательщ., 3 tx, 21.2 тыс. KZT; исходящих рёбер 0.",1,0,21200.0,0.0,3,0,0.0004764349320145961,0.0,2,False,False,1.0,1,0.0,0.0,False
100000003254723100,terminal,0.8906634623943035,11,0.7178460169114375,"Получатель-кандидат: 1 плательщ., 6 tx, 269.9 тыс. KZT; исходящих рёбер 0.",1,0,269850.0,0.0,6,0,0.0005268403486234589,0.0,2,False,False,1.0,1,0.0,0.0,False
100000003823811100,distributor,0.8564716284560097,16,0.812194036493102,"Признаки распределения: 3 получ., 3 tx, 66.1 тыс. KZT; вход: 1 плательщ., 30.0 тыс. KZT.",1,3,30000.0,66130.0,1,3,0.0003548314368487893,2.2043333333333335,2,False,False,1.0,2,8.969031364400911e-05,0.0,False
100000008587459100,peripheral,0.3644971072541166,0,0.516243880729862,"Периферийный профиль: in/out degree 2/2, оборот 868.0 тыс. KZT; выраженной структурной роли нет.",2,2,181507.0,686500.0,2,4,0.0002991207023498515,3.782223275135394,2,False,False,1.0,1,0.0,0.0,True
100000008603331100,distributor,0.8659089335231721,28,0.9554962171784601,"Признаки распределения: 6 получ., 6 tx, 741.8 тыс. KZT; вход: 2 плательщ., 39.5 тыс. KZT.",2,6,39500.0,741774.0,3,6,0.00034231903171313765,18.779088607594936,2,False,False,1.0,1,0.00013550660110728252,0.8734177215189873,True
100000008758168100,distributor,0.8642890494953948,2,0.9403649310191367,"Признаки распределения: 5 получ., 5 tx, 1.53 млн KZT; вход: 2 плательщ., 75.4 тыс. KZT.",2,5,75410.0,1533600.0,2,5,0.0003166162094054839,20.33682535472749,2,False,False,1.0,1,3.2360367846623985e-05,0.8673915926269725,False
100000003724440100,terminal,0.8250883845126835,0,0.6025812194036493,"Получатель-кандидат: 2 плательщ., 2 tx, 50.0 тыс. KZT; исходящих рёбер 0.",2,0,50000.0,0.0,2,0,0.0003063982202778663,0.0,2,False,False,1.0,1,0.0,0.0,False
100000000291906100,coordinator,0.7850133511348464,33,0.9376947040498442,"Связующий профиль: seed-ветвей 1, соседних кластеров 0; in/out degree 2/2, bridge pctl 93%.",2,2,388000.0,455854.0,3,6,0.0007579521499883704,1.1748814432989692,2,False,False,1.0,1,5.9563341146058246e-05,0.4132835051546392,True
100000005077484100,coordinator,0.5811838006230529,25,0.8495772140631954,"Связующий профиль: seed-ветвей 1, соседних кластеров 0; in/out degree 1/2, bridge pctl 39%.",1,2,150000.0,13550.0,1,2,0.0005359153298976039,0.09033333333333333,2,False,False,1.0,1,0.0,0.047,True
100000004192107100,peripheral,0.8099354695149088,0,0.09635068980863373,"Периферийный профиль: in/out degree 1/0, оборот 25.0 тыс. KZT; выраженной структурной роли нет.",1,0,25000.0,0.0,1,0,0.00029767590610114335,0.0,2,False,False,1.0,1,0.0,0.0,False
100000002193259100,coordinator,0.7868847352024922,22,0.9412550066755674,"Связующий профиль: seed-ветвей 1, соседних кластеров 0; in/out degree 2/3, bridge pctl 92%.",2,3,48000.0,58000.0,2,3,0.0008834378880221521,1.2083333333333333,2,False,False,1.0,1,4.007123775601068e-05,0.8333333333333334,True
100000005481280100,distributor,0.8021161904761905,1,0.7881619937694704,"Признаки распределения: 3 получ., 3 tx, 50.0 тыс. KZT; вход: 1 плательщ., 32.7 тыс. KZT.",1,3,32700.0,50000.0,1,3,0.0002943601917569106,1.529051987767584,2,False,False,1.0,1,3.0424458296230334e-05,0.0,False
100000004527381100,transit,0.5862453975066895,1,0.787716955941255,"Признаки транзита: вход 119.3 тыс., выход 273.9 тыс. KZT; совпадение в тот же день 100%, двусторонних дней 1.",1,1,119333.17,273866.11,1,1,0.00037337523984185645,2.2949705433954364,2,False,False,1.0,1,0.0,1.0,True
100000001578517100,peripheral,0.8099354695149088,15,0.45260347129506007,"Периферийный профиль: in/out degree 1/0, оборот 30.0 тыс. KZT; выраженной структурной роли нет.",1,0,30000.0,0.0,1,0,0.0002889723516097216,0.0,2,False,False,1.0,2,0.0,0.0,False
100000003741418100,coordinator,0.8869915442812638,0,0.9684023141967067,"Связующий профиль: seed-ветвей 1, соседних кластеров 2; in/out degree 9/3, bridge pctl 90%.",9,3,151900.0,39920.0,13,3,0.0006286085241842012,0.2628044766293614,2,False,False,1.0,1,3.0114941648489218e-05,0.0,True
100000008737514100,peripheral,0.8099354695149088,1,0.3929684023141967,"Периферийный профиль: in/out degree 1/0, оборот 85.0 тыс. KZT; выраженной структурной роли нет.",1,0,85000.0,0.0,1,0,0.00031087052850872814,0.0,2,False,False,1.0,1,0.0,0.0,False
100000002870463100,coordinator,0.844597240765465,14,0.9577214063195372,"Связующий профиль: seed-ветвей 1, соседних кластеров 1; in/out degree 3/1, bridge pctl 82%.",3,1,207000.0,10000.0,4,1,0.0020283560585509217,0.04830917874396135,2,False,False,1.0,1,1.3357079252003561e-05,0.04830917874396135,True
100000008545727100,distributor,0.8689311081576118,12,0.9746328437917223,"Признаки распределения: 6 получ., 7 tx, 1.87 млн KZT; вход: 1 плательщ., 30.0 тыс. KZT.",1,6,30000.0,1866500.0,1,7,0.0003368059665298127,62.21666666666667,2,False,False,1.0,1,9.201543484713564e-05,1.0,True
100000000425407100,peripheral,0.8099354695149088,0,0.17267467734757455,"Периферийный профиль: in/out degree 1/0, оборот 20.0 тыс. KZT; выраженной структурной роли нет.",1,0,20000.0,0.0,1,0,0.0003034325275954253,0.0,2,False,False,1.0,1,0.0,0.0,False
100000001418900100,terminal,0.767057587894971,4,0.5789942145082332,"Получатель-кандидат: 1 плательщ., 2 tx, 40.1 тыс. KZT; исходящих рёбер 0.",1,0,40140.0,0.0,2,0,0.0002975674016126887,0.0,2,False,False,1.0,1,0.0,0.0,False
100000001677929100,coordinator,0.7622429906542055,8,0.9421450823319982,"Связующий профиль: seed-ветвей 1, соседних кластеров 0; in/out degree 3/2, bridge pctl 79%.",3,2,126777.0,286098.0,3,4,0.003489720970493499,2.2567027142147236,2,False,False,1.0,1,2.968239833778569e-06,0.605606695220742,True
100000002539625100,peripheral,0.8099354695149088,8,0.46773475745438364,"Периферийный профиль: in/out degree 1/0, оборот 94.7 тыс. KZT; выраженной структурной роли нет.",1,0,94700.0,0.0,1,0,0.00034309437914363565,0.0,2,False,False,1.0,1,0.0,0.0,False
100000001965374100,distributor,0.7829725970140777,20,0.9185580774365821,"Признаки распределения: 3 получ., 5 tx, 3.08 млн KZT; вход: 2 плательщ., 1.76 млн KZT.",2,3,1759720.0,3082100.0,8,5,0.0012704821488184728,1.7514718250630783,2,False,False,1.0,1,0.0,0.010251630941286114,True
100000001287955100,distributor,0.7772922664095543,9,0.6960391633288829,"Признаки распределения: 4 получ., 5 tx, 310.0 тыс. KZT; вход: 1 плательщ., 17.5 тыс. KZT.",1,4,17520.0,310000.0,1,5,0.0002923244824112866,17.69406392694064,2,False,False,1.0,1,0.0,0.0,False
100000005402643100,coordinator,0.5128571428571428,2,0.6769025367156208,"Связующий профиль: seed-ветвей 1, соседних кластеров 0; in/out degree 1/1, bridge pctl 39%.",1,1,127800.0,90000.0,1,1,0.00029598287590328954,0.704225352112676,2,False,False,1.0,1,0.0,0.0,False
100000008752616100,distributor,0.8872608079500502,2,0.956386292834891,"Признаки распределения: 7 получ., 7 tx, 1.26 млн KZT; вход: 2 плательщ., 64.5 тыс. KZT.",2,7,64510.0,1265000.0,2,7,0.0003113454938109847,19.6093628894745,2,False,False,1.0,1,9.280278937447236e-05,0.8449852736009921,False
100000000733373100,peripheral,0.8099354695149088,1,0.17489986648865152,"Периферийный профиль: in/out degree 1/0, оборот 10.7 тыс. KZT; выраженной структурной роли нет.",1,0,10710.0,0.0,1,0,0.00030411647356747104,0.0,2,False,False,1.0,1,0.0,0.0,False
100000008531133100,distributor,0.8027167940345865,1,0.9065420560747663,"Признаки распределения: 3 получ., 3 tx, 158.3 тыс. KZT; вход: 1 плательщ., 25.0 тыс. KZT.",1,3,25000.0,158271.68,1,3,0.0005296002494007183,6.3308672,2,False,False,1.0,1,1.5088552488374393e-05,1.0,False
100000005933757100,coordinator,0.930373831775701,9,0.9919893190921228,"Связующий профиль: seed-ветвей 1, соседних кластеров 7; in/out degree 4/34, bridge pctl 99%.",4,34,1246000.0,3002628.0,6,46,0.0009950508620422994,2.409813804173355,2,False,False,1.0,1,0.0011514058745096928,0.4399357945425361,True
100000006490557100,peripheral,0.8099354695149088,8,0.09635068980863373,"Периферийный профиль: in/out degree 1/0, оборот 5.0 тыс. KZT; выраженной структурной роли нет.",1,0,5000.0,0.0,1,0,0.0002846258628376909,0.0,2,False,False,1.0,1,0.0,0.0,False
100000008497298100,peripheral,0.8099354695149088,2,0.5594125500667557,"Периферийный профиль: in/out degree 1/0, оборот 600.0 тыс. KZT; выраженной структурной роли нет.",1,0,600000.0,0.0,1,0,0.00034011987058077506,0.0,2,False,False,1.0,1,0.0,0.0,False
100000005168487100,peripheral,0.3192145082331998,6,0.6381842456608812,"Периферийный профиль: in/out degree 1/1, оборот 118.5 тыс. KZT; выраженной структурной роли нет.",1,1,15000.0,103510.0,1,14,0.001905131412677813,6.900666666666667,2,False,False,1.0,1,0.0,0.0,True
100000005799271100,terminal,0.7710588340008901,6,0.6671117044948821,"Получатель-кандидат: 1 плательщ., 2 tx, 45.0 тыс. KZT; исходящих рёбер 0.",1,0,45000.0,0.0,2,0,0.0005334399959327969,0.0,2,False,False,1.0,1,0.0,0.0,False
100000000912487100,peripheral,0.8099354695149088,0,0.09635068980863373,"Периферийный профиль: in/out degree 1/0, оборот 10.0 тыс. KZT; выраженной структурной роли нет.",1,0,10000.0,0.0,1,0,0.0002901015414800115,0.0,2,False,False,1.0,1,0.0,0.0,False
100000007982908100,peripheral,0.8099354695149088,4,0.17846016911437473,"Периферийный профиль: in/out degree 1/0, оборот 31.1 тыс. KZT; выраженной структурной роли нет.",1,0,31080.0,0.0,1,0,0.00029451351883986527,0.0,2,False,False,1.0,1,0.0,0.0,False
100000005413948100,coordinator,0.761793502447708,8,0.8923008455718736,"Связующий профиль: seed-ветвей 1, соседних кластеров 0; in/out degree 2/1, bridge pctl 86%.",2,1,28215.0,5000.0,2,1,0.0019457527371884171,0.177210703526493,2,False,False,1.0,1,1.4841199168892845e-05,0.0,True
100000000724540100,coordinator,0.6555273698264352,2,0.7926123720516244,"Связующий профиль: seed-ветвей 1, соседних кластеров 0; in/out degree 1/1, bridge pctl 86%.",1,1,50000.0,100000.0,1,1,0.00030794222677442326,2.0,2,False,False,1.0,1,1.4841199168892845e-05,0.0,False
100000005730108100,peripheral,0.8099354695149088,10,0.31241655540720964,"Периферийный профиль: in/out degree 1/0, оборот 8.0 тыс. KZT; выраженной структурной роли нет.",1,0,8000.0,0.0,1,0,0.00035664017080400926,0.0,2,False,False,1.0,1,0.0,0.0,False
100000002566204100,peripheral,0.8099354695149088,8,0.420115709835336,"Периферийный профиль: in/out degree 1/0, оборот 80.8 тыс. KZT; выраженной структурной роли нет.",1,0,80805.0,0.0,1,0,0.00032225914417694976,0.0,2,False,False,1.0,1,0.0,0.0,False
100000000625169100,peripheral,0.8099354695149088,4,0.09635068980863373,"Периферийный профиль: in/out degree 1/0, оборот 10.0 тыс. KZT; выраженной структурной роли нет.",1,0,10000.0,0.0,1,0,0.00028740801675916807,0.0,2,False,False,1.0,1,0.0,0.0,False
100000001114385100,peripheral,0.8099354695149088,0,0.17044948820649755,"Периферийный профиль: in/out degree 1/0, оборот 29.5 тыс. KZT; выраженной структурной роли нет.",1,0,29500.0,0.0,1,0,0.00028865657639539385,0.0,2,False,False,1.0,1,0.0,0.0,False
100000002964966100,peripheral,0.8099354695149088,0,0.5456163773920784,"Периферийный профиль: in/out degree 1/0, оборот 200.0 тыс. KZT; выраженной структурной роли нет.",1,0,200000.0,0.0,1,0,0.00039314625225629884,0.0,2,False,False,1.0,1,0.0,0.0,False
100000008771814100,peripheral,0.8099354695149088,4,0.09635068980863373,"Периферийный профиль: in/out degree 1/0, оборот 23.7 тыс. KZT; выраженной структурной роли нет.",1,0,23700.0,0.0,1,0,0.0002920259189653138,0.0,2,False,False,1.0,1,0.0,0.0,False
100000001241318100,peripheral,0.8099354695149088,0,0.49354695149087674,"Периферийный профиль: in/out degree 1/0, оборот 53.0 тыс. KZT; выраженной структурной роли нет.",1,0,53000.0,0.0,1,0,0.0005276996510437045,0.0,2,False,False,1.0,1,0.0,0.0,False
100000001250022100,peripheral,0.8099354695149088,14,0.25500667556742324,"Периферийный профиль: in/out degree 1/0, оборот 50.0 тыс. KZT; выраженной структурной роли нет.",1,0,50000.0,0.0,1,0,0.00029345004821475625,0.0,2,False,False,1.0,1,0.0,0.0,False
100000006534886100,transit,0.5372050964488104,1,0.8197596795727636,"Признаки транзита: вход 71.7 тыс., выход 167.5 тыс. KZT; совпадение в тот же день 63%, двусторонних дней 1.",1,1,71700.0,167500.0,5,8,0.0011239520177996885,2.336122733612273,2,False,False,1.0,1,0.0,0.6317991631799164,True
100000008655035100,peripheral,0.8099354695149088,8,0.45260347129506007,"Периферийный профиль: in/out degree 1/0, оборот 30.0 тыс. KZT; выраженной структурной роли нет.",1,0,30000.0,0.0,1,0,0.0005369336193328234,0.0,2,False,False,1.0,2,0.0,0.0,False
100000005932987100,terminal,0.7668655095683132,18,0.669336893635959,"Получатель-кандидат: 1 плательщ., 3 tx, 25.0 тыс. KZT; исходящих рёбер 0.",1,0,25000.0,0.0,3,0,0.0004092182956866828,0.0,2,False,False,1.0,1,0.0,0.0,False
100000008636603100,distributor,0.8651749600852912,1,0.9715175789942145,"Признаки распределения: 6 получ., 7 tx, 159.4 тыс. KZT; вход: 2 плательщ., 35.5 тыс. KZT.",2,6,35460.0,159375.0,2,7,0.00033680741173837696,4.494500846023689,2,False,False,1.0,1,0.0022022506870892303,1.0,True
100000008710843100,distributor,0.9080812411291734,2,0.9457053849577214,"Признаки распределения: 13 получ., 14 tx, 1.99 млн KZT; вход: 2 плательщ., 33.9 тыс. KZT.",2,13,33944.0,1985500.0,3,14,0.00029129417859552855,58.49340089559274,2,False,False,1.0,1,0.0006774237083657106,0.4419043129860947,True
100000000917179100,terminal,0.7791307521139297,9,0.6497552291944815,"Получатель-кандидат: 1 плательщ., 2 tx, 94.5 тыс. KZT; исходящих рёбер 0.",1,0,94465.0,0.0,2,0,0.000423415084261278,0.0,2,False,False,1.0,1,0.0,0.0,False
100000004209339100,coordinator,0.7210769915442812,30,0.9332443257676902,"Связующий профиль: seed-ветвей 1, соседних кластеров 0; in/out degree 1/2, bridge pctl 86%.",1,2,138500.0,238500.0,6,11,0.0008126845217523013,1.7220216606498195,2,False,False,1.0,1,1.4841199168892845e-05,0.18411552346570398,True
100000008765627100,peripheral,0.8099354695149088,14,0.30574098798397864,"Периферийный профиль: in/out degree 1/0, оборот 60.0 тыс. KZT; выраженной структурной роли нет.",1,0,60000.0,0.0,1,0,0.0002953326008133404,0.0,2,False,False,1.0,1,0.0,0.0,False
100000002443664100,terminal,0.9084850912327549,2,0.6858032932799288,"Получатель-кандидат: 3 плательщ., 3 tx, 556.9 тыс. KZT; исходящих рёбер 0.",3,0,556880.0,0.0,3,0,0.0003368888799295711,0.0,2,False,False,1.0,1,0.0,0.0,False
100000008144528100,terminal,0.9785427681352915,1,0.7748108589230085,"Получатель-кандидат: 5 плательщ., 13 tx, 1.07 млн KZT; исходящих рёбер 0.",5,0,1068202.6,0.0,13,0,0.0010494062386445537,0.0,2,False,False,1.0,1,0.0,0.0,False
100000003988112100,coordinator,0.5920449488206498,16,0.8825100133511349,"Связующий профиль: seed-ветвей 2, соседних кластеров 0; in/out degree 1/1, bridge pctl 39%.",1,1,92000.0,64000.0,2,5,0.0005011393502111607,0.6956521739130435,2,False,False,1.0,2,0.0,0.10869565217391304,True
100000008008463100,peripheral,0.8099354695149088,14,0.2946150422785937,"Периферийный профиль: in/out degree 1/0, оборот 54.2 тыс. KZT; выраженной структурной роли нет.",1,0,54180.0,0.0,1,0,0.0002942369552009644,0.0,2,False,False,1.0,1,0.0,0.0,False
100000006679055100,peripheral,0.8099354695149088,0,0.09635068980863373,"Периферийный профиль: in/out degree 1/0, оборот 25.0 тыс. KZT; выраженной структурной роли нет.",1,0,25000.0,0.0,1,0,0.0002991979258672756,0.0,2,False,False,1.0,1,0.0,0.0,False
100000007382543100,distributor,0.8506141801384711,18,0.9118825100133512,"Признаки распределения: 5 получ., 8 tx, 427.0 тыс. KZT; вход: 3 плательщ., 218.0 тыс. KZT.",3,5,218000.0,427000.0,3,8,0.0011801388092516842,1.9587155963302751,2,False,False,1.0,1,0.00015731671119026416,0.45871559633027525,True
100000007749092100,peripheral,0.3539719626168224,1,0.6306186025812194,"Периферийный профиль: in/out degree 1/1, оборот 78.0 тыс. KZT; выраженной структурной роли нет.",1,1,7650.0,70375.0,1,5,0.0018961315238985401,9.199346405228757,2,False,False,1.0,1,0.0,0.0,True
100000004221668100,consolidator,0.7935135736537605,9,0.9465954606141522,"Признаки сбора: 4 плательщ., 8 tx, 1.13 млн KZT; выход: 3 получ., 731.4 тыс. KZT; seed-ветвей 1.",4,3,1128300.0,731440.0,8,10,0.0032208959687163715,0.6482673047948241,2,False,False,1.0,1,0.0,0.5828237170965169,True
100000008174521100,peripheral,0.8099354695149088,1,0.5024477080551847,"Периферийный профиль: in/out degree 1/0, оборот 82.1 тыс. KZT; выраженной структурной роли нет.",1,0,82110.0,0.0,1,0,0.0004379777292050418,0.0,2,False,False,1.0,1,0.0,0.0,False
100000002692750100,coordinator,0.8448108589230084,14,0.9679572763684913,"Связующий профиль: seed-ветвей 1, соседних кластеров 1; in/out degree 3/1, bridge pctl 82%.",3,1,112830.0,77000.0,3,8,0.0021157743791858225,0.682442612780289,2,False,False,1.0,1,1.3357079252003561e-05,0.04431445537534344,True
100000002173070100,peripheral,0.8099354695149088,15,0.45260347129506007,"Периферийный профиль: in/out degree 1/0, оборот 30.0 тыс. KZT; выраженной структурной роли нет.",1,0,30000.0,0.0,1,0,0.0002889723516097216,0.0,2,False,False,1.0,2,0.0,0.0,False
100000005911352100,distributor,0.794990821094793,1,0.881619937694704,"Признаки распределения: 3 получ., 3 tx, 24.0 тыс. KZT; вход: 2 плательщ., 15.0 тыс. KZT.",2,3,15000.0,24000.0,2,3,0.0005484487901996336,1.6,2,False,False,1.0,1,7.71742356782428e-05,0.0,True
100000003068941100,coordinator,0.791299510458389,14,0.840231419670672,"Связующий профиль: seed-ветвей 1, соседних кластеров 1; in/out degree 3/1, bridge pctl 82%.",3,1,94000.0,25000.0,3,2,0.00031840238671843155,0.26595744680851063,2,False,False,1.0,1,1.3357079252003561e-05,0.2127659574468085,False
100000001420847100,terminal,0.7302549176680018,16,0.57543391188251,"Получатель-кандидат: 1 плательщ., 2 tx, 20.0 тыс. KZT; исходящих рёбер 0.",1,0,20000.0,0.0,2,0,0.0003011803436782163,0.0,2,False,False,1.0,1,0.0,0.0,False
100000005602999100,coordinator,0.6725055629728527,30,0.8874054294615042,"Связующий профиль: seed-ветвей 1, соседних кластеров 0; in/out degree 1/2, bridge pctl 90%.",1,2,5000.0,16000.0,1,3,0.00030312202300271867,3.2,2,False,False,1.0,1,2.968239833778569e-05,0.0,True
100000000723383100,coordinator,0.720349354695149,15,0.831330663106364,"Связующий профиль: seed-ветвей 1, соседних кластеров 0; in/out degree 1/2, bridge pctl 97%.",1,2,6800.0,75000.0,1,2,0.0003867963603023348,11.029411764705882,2,False,False,1.0,1,0.00016028495102404273,0.0,False
100000006977207100,distributor,0.8571193265594297,11,0.7645749888740543,"Признаки распределения: 15 получ., 15 tx, 4.16 млн KZT; вход: 1 плательщ., 414.0 тыс. KZT.",1,15,414000.0,4157018.0,1,15,0.00034588536074699997,10.041106280193237,2,False,False,1.0,1,0.0,0.0,False
100000001273783100,peripheral,0.8099354695149088,8,0.09635068980863373,"Периферийный профиль: in/out degree 1/0, оборот 23.2 тыс. KZT; выраженной структурной роли нет.",1,0,23200.0,0.0,1,0,0.0002950111993083233,0.0,2,False,False,1.0,1,0.0,0.0,False
100000000201868100,peripheral,0.440865598575879,1,0.6319537160658656,"Периферийный профиль: in/out degree 1/1, оборот 380.0 тыс. KZT; выраженной структурной роли нет.",1,1,190000.0,190000.0,1,1,0.0009675202953304014,1.0,2,False,False,1.0,1,0.0,0.0,True
100000007777377100,coordinator,0.7396439697374277,15,0.8704939919893191,"Связующий профиль: seed-ветвей 2, соседних кластеров 0; in/out degree 1/2, bridge pctl 95%.",1,2,456290.0,10000.0,7,2,0.00035909799995945504,0.021915886826360427,2,False,False,1.0,2,9.349955476402493e-05,0.021915886826360427,False
100000004192865100,peripheral,0.8099354695149088,25,0.52514463729417,"Периферийный профиль: in/out degree 1/0, оборот 66.7 тыс. KZT; выраженной структурной роли нет.",1,0,66666.0,0.0,1,0,0.0005524052981778118,0.0,2,False,False,1.0,1,0.0,0.0,False
100000006901046100,peripheral,0.38199821984868715,1,0.6261682242990654,"Периферийный профиль: in/out degree 1/1, оборот 81.3 тыс. KZT; выраженной структурной роли нет.",1,1,75800.0,5500.0,3,1,0.0031855614914209334,0.07255936675461741,2,False,False,1.0,1,0.0,0.0,True
100000000437046100,distributor,0.9313883673881794,3,0.9621717846016912,"Признаки распределения: 42 получ., 73 tx, 7.61 млн KZT; вход: 9 плательщ., 1.11 млн KZT.",9,42,1107200.0,7606224.0,20,73,0.000787535926341718,6.86978323699422,2,False,False,1.0,1,0.0017383750368593612,0.5062879335260115,True
100000008765494100,peripheral,0.8099354695149088,4,0.09635068980863373,"Периферийный профиль: in/out degree 1/0, оборот 24.0 тыс. KZT; выраженной структурной роли нет.",1,0,24000.0,0.0,1,0,0.0002921270409114338,0.0,2,False,False,1.0,1,0.0,0.0,False
100000008713270100,distributor,0.762483884329614,14,0.6889185580774366,"Признаки распределения: 3 получ., 3 tx, 190.0 тыс. KZT; вход: 1 плательщ., 30.0 тыс. KZT.",1,3,30000.0,190000.0,1,3,0.0002896849430175879,6.333333333333333,2,False,False,1.0,1,0.0,0.0,False
100000003603979100,terminal,0.8511994659546062,21,0.7133956386292835,"Получатель-кандидат: 1 плательщ., 3 tx, 165.0 тыс. KZT; исходящих рёбер 0.",1,0,165000.0,0.0,3,0,0.0005818108038345316,0.0,2,False,False,1.0,1,0.0,0.0,False
100000000943371100,peripheral,0.8099354695149088,29,0.17578994214508234,"Периферийный профиль: in/out degree 1/0, оборот 15.5 тыс. KZT; выраженной структурной роли нет.",1,0,15500.0,0.0,1,0,0.0003042693011916639,0.0,2,False,False,1.0,1,0.0,0.0,False
100000008672480100,peripheral,0.8099354695149088,4,0.09635068980863373,"Периферийный профиль: in/out degree 1/0, оборот 13.0 тыс. KZT; выраженной структурной роли нет.",1,0,13000.0,0.0,1,0,0.00028841923622036786,0.0,2,False,False,1.0,1,0.0,0.0,False
100000008691168100,peripheral,0.8099354695149088,4,0.09635068980863373,"Периферийный профиль: in/out degree 1/0, оборот 24.0 тыс. KZT; выраженной структурной роли нет.",1,0,24000.0,0.0,1,0,0.0002921270409114338,0.0,2,False,False,1.0,1,0.0,0.0,False
100000003237045100,peripheral,0.4404984423676013,1,0.5714285714285714,"Периферийный профиль: in/out degree 1/1, оборот 490.2 тыс. KZT; выраженной структурной роли нет.",1,1,340200.0,150000.0,2,1,0.00039175002498421636,0.4409171075837742,2,False,False,1.0,1,0.0,0.0,True
100000008736394100,peripheral,0.8099354695149088,4,0.09635068980863373,"Периферийный профиль: in/out degree 1/0, оборот 16.0 тыс. KZT; выраженной структурной роли нет.",1,0,16000.0,0.0,1,0,0.00028943045568156765,0.0,2,False,False,1.0,1,0.0,0.0,False
100000004160650100,distributor,0.8346544091190276,21,0.8607031597685804,"Признаки распределения: 10 получ., 40 tx, 1.49 млн KZT; вход: 2 плательщ., 75.1 тыс. KZT.",2,10,75100.0,1489827.0,4,40,0.000367056516817706,19.83790945406125,2,False,False,1.0,1,0.0,0.6271637816245007,True
100000000629812100,terminal,0.7819101023587005,15,0.6777926123720516,"Получатель-кандидат: 2 плательщ., 2 tx, 22.0 тыс. KZT; исходящих рёбер 0.",2,0,22000.0,0.0,2,0,0.0002963618123778467,0.0,2,False,False,1.0,2,0.0,0.0,False
100000000955444100,peripheral,0.8099354695149088,35,0.30663106364040943,"Периферийный профиль: in/out degree 1/0, оборот 6.9 тыс. KZT; выраженной структурной роли нет.",1,0,6910.0,0.0,1,0,0.00035055386117982946,0.0,2,False,False,1.0,1,0.0,0.0,False
100000008731444100,distributor,0.887513605858746,3,0.9092122830440588,"Признаки распределения: 9 получ., 9 tx, 879.8 тыс. KZT; вход: 3 плательщ., 439.0 тыс. KZT.",3,9,439000.0,879767.8,5,9,0.0003513721308135798,2.0040268792710707,2,False,False,1.0,1,9.734445123811164e-05,0.55125284738041,False
100000008413748100,distributor,0.9042113413692306,5,0.9381397418780596,"Признаки распределения: 18 получ., 21 tx, 1.38 млн KZT; вход: 2 плательщ., 26.5 тыс. KZT.",2,18,26480.0,1377320.22,2,21,0.0003886634499091683,52.01360347432024,2,False,False,1.0,1,0.00017161737375450645,0.0,True
100000006787636100,peripheral,0.8099354695149088,1,0.3097463284379172,"Периферийный профиль: in/out degree 1/0, оборот 20.0 тыс. KZT; выраженной структурной роли нет.",1,0,20000.0,0.0,1,0,0.0003559828652332634,0.0,2,False,False,1.0,1,0.0,0.0,False
100000005942793100,terminal,0.8655729417000446,0,0.664886515353805,"Получатель-кандидат: 4 плательщ., 4 tx, 55.0 тыс. KZT; исходящих рёбер 0.",4,0,55000.0,0.0,4,0,0.00033038693111997106,0.0,2,False,False,1.0,1,0.0,0.0,False
100000008730846100,coordinator,0.8896306186025812,0,0.9835336003560302,"Связующий профиль: seed-ветвей 1, соседних кластеров 2; in/out degree 7/3, bridge pctl 95%.",7,3,155042.0,363370.0,11,4,0.0005328452525785135,2.343687516930896,2,False,False,1.0,1,8.438281813170503e-05,0.7432953651268689,False
100000002570206100,terminal,0.8745103693813975,5,0.6292834890965732,"Получатель-кандидат: 2 плательщ., 2 tx, 167.0 тыс. KZT; исходящих рёбер 0.",2,0,166959.6,0.0,2,0,0.00031674296048230704,0.0,2,False,False,1.0,1,0.0,0.0,False
100000000785800100,transit,0.7216688918558078,42,0.7614597240765465,"Признаки транзита: вход 19.0 тыс., выход 19.0 тыс. KZT; совпадение в тот же день 100%, двусторонних дней 1.",1,1,19000.0,19000.0,1,1,0.0003580522022444251,1.0,2,False,False,1.0,1,0.0,1.0,True
100000007382152100,peripheral,0.8099354695149088,17,0.09635068980863373,"Периферийный профиль: in/out degree 1/0, оборот 5.9 тыс. KZT; выраженной структурной роли нет.",1,0,5860.0,0.0,1,0,0.00028494269388065286,0.0,2,False,False,1.0,1,0.0,0.0,False
100000000910216100,transit,0.4369967017055605,0,0.7147307521139297,"Признаки транзита: вход 71.0 тыс., выход 52.0 тыс. KZT; совпадение в тот же день 0%, двусторонних дней 0.",1,1,71000.0,52010.0,3,1,0.0003214555471115437,0.7325352112676057,2,False,False,1.0,1,0.00023196052080356393,0.0,False
100000003131016100,transit,0.33998549376327253,3,0.7917222963951935,"Признаки транзита: вход 405.7 тыс., выход 126.0 тыс. KZT; совпадение в тот же день 6%, двусторонних дней 1.",1,1,405700.0,126000.0,7,4,0.0017197373382304873,0.31057431599704216,2,False,False,1.0,1,0.0,0.06408676361843726,True
100000003221384100,peripheral,0.8099354695149088,1,0.584334668446818,"Периферийный профиль: in/out degree 1/0, оборот 511.2 тыс. KZT; выраженной структурной роли нет.",1,0,511200.0,0.0,1,0,0.0004454155672013598,0.0,2,False,False,1.0,1,0.0,0.0,False
100000002156381100,coordinator,0.7697774810858924,30,0.94971072541166,"Связующий профиль: seed-ветвей 1, соседних кластеров 0; in/out degree 2/1, bridge pctl 90%.",2,1,61000.0,21800.0,7,3,0.0010744198058777223,0.35737704918032787,2,False,False,1.0,1,2.968239833778569e-05,0.0,True
100000002779485100,terminal,0.8041240765465065,11,0.673787271918113,"Получатель-кандидат: 1 плательщ., 2 tx, 91.0 тыс. KZT; исходящих рёбер 0.",1,0,91000.0,0.0,2,0,0.000543631088378871,0.0,2,False,False,1.0,1,0.0,0.0,False
100000008774237100,peripheral,0.440865598575879,21,0.317311971517579,"Периферийный профиль: in/out degree 1/1, оборот 60.0 тыс. KZT; выраженной структурной роли нет.",1,1,50000.0,10000.0,1,1,0.00030863063908557033,0.2,2,False,False,1.0,1,0.0,0.0,False
100000002628146100,terminal,0.7291811303960837,14,0.6039163328882955,"Получатель-кандидат: 1 плательщ., 2 tx, 30.5 тыс. KZT; исходящих рёбер 0.",1,0,30500.0,0.0,2,0,0.00031744858817129033,0.0,2,False,False,1.0,1,0.0,0.0,False
100000002852402100,peripheral,0.8099354695149088,1,0.38762794837561193,"Периферийный профиль: in/out degree 1/0, оборот 55.0 тыс. KZT; выраженной структурной роли нет.",1,0,55000.0,0.0,1,0,0.0003252126558593636,0.0,2,False,False,1.0,1,0.0,0.0,False
100000006989106100,terminal,0.7900537605696485,8,0.660436137071651,"Получатель-кандидат: 1 плательщ., 2 tx, 64.0 тыс. KZT; исходящих рёбер 0.",1,0,64000.0,0.0,2,0,0.0004927307778550601,0.0,2,False,False,1.0,1,0.0,0.0,False
100000002958343100,coordinator,0.6968980863373386,8,0.9310191366266133,"Связующий профиль: seed-ветвей 1, соседних кластеров 0; in/out degree 1/2, bridge pctl 79%.",1,2,2900000.0,1390000.0,4,17,0.0006254123024179998,0.4793103448275862,2,False,False,1.0,1,2.968239833778569e-06,0.0,True
100000008461532100,coordinator,0.8895126835781041,24,0.9977748108589231,"Связующий профиль: seed-ветвей 1, соседних кластеров 1; in/out degree 2/8, bridge pctl 97%.",2,8,565300.0,2530090.0,2,9,0.0007397967014605664,4.475658942154608,2,False,False,1.0,1,0.00018699910952804985,1.0,True
100000004400305100,coordinator,1.0,10,0.9995549621717846,"Связующий профиль: seed-ветвей 2, соседних кластеров 10; in/out degree 7/82, bridge pctl 99%.",7,82,222800.0,5830181.0,9,101,0.0003836041528258962,26.167778276481148,2,False,False,1.0,2,0.0017361976447014045,1.0,True
100000000297649100,peripheral,0.40060080106809076,22,0.6088117489986649,"Периферийный профиль: in/out degree 1/1, оборот 110.6 тыс. KZT; выраженной структурной роли нет.",1,1,40000.0,70600.0,1,2,0.0008023949622138896,1.765,2,False,False,1.0,1,0.0,0.0,True
100000003191430100,peripheral,0.8099354695149088,1,0.5567423230974633,"Периферийный профиль: in/out degree 1/0, оборот 180.0 тыс. KZT; выраженной структурной роли нет.",1,0,180000.0,0.0,1,0,0.000527604339635907,0.0,2,False,False,1.0,1,0.0,0.0,False
100000003275398100,peripheral,0.440865598575879,21,0.5064530485091233,"Периферийный профиль: in/out degree 1/1, оборот 320.0 тыс. KZT; выраженной структурной роли нет.",1,1,300000.0,20000.0,1,1,0.00043159740840424503,0.06666666666666667,2,False,False,1.0,1,0.0,0.0,False
100000005203590100,peripheral,0.8099354695149088,14,0.3635959056519804,"Периферийный профиль: in/out degree 1/0, оборот 90.0 тыс. KZT; выраженной структурной роли нет.",1,0,90000.0,0.0,1,0,0.0003009802586090929,0.0,2,False,False,1.0,1,0.0,0.0,False
100000008672603100,peripheral,0.8099354695149088,0,0.09635068980863373,"Периферийный профиль: in/out degree 1/0, оборот 21.2 тыс. KZT; выраженной структурной роли нет.",1,0,21200.0,0.0,1,0,0.0002956028357274885,0.0,2,False,False,1.0,1,0.0,0.0,False
100000000718427100,peripheral,0.8099354695149088,4,0.09635068980863373,"Периферийный профиль: in/out degree 1/0, оборот 6.0 тыс. KZT; выраженной структурной роли нет.",1,0,6000.0,0.0,1,0,0.000286059724144235,0.0,2,False,False,1.0,1,0.0,0.0,False
100000003104347100,coordinator,0.6674098798397864,19,0.7975077881619937,"Связующий профиль: seed-ветвей 1, соседних кластеров 0; in/out degree 1/1, bridge pctl 82%.",1,1,418000.0,32000.0,1,1,0.0003622526383123465,0.07655502392344497,2,False,False,1.0,1,1.3357079252003561e-05,0.0,False
100000002974256100,peripheral,0.8099354695149088,8,0.4023141967067201,"Периферийный профиль: in/out degree 1/0, оборот 7.2 тыс. KZT; выраженной структурной роли нет.",1,0,7200.0,0.0,1,0,0.0005287623056784485,0.0,2,False,False,1.0,1,0.0,0.0,False
100000007173936100,peripheral,0.8099354695149088,13,0.09635068980863373,"Периферийный профиль: in/out degree 1/0, оборот 10.0 тыс. KZT; выраженной структурной роли нет.",1,0,10000.0,0.0,1,0,0.0002852751868632761,0.0,2,False,False,1.0,1,0.0,0.0,False
100000002744581100,peripheral,0.8099354695149088,8,0.24477080551846908,"Периферийный профиль: in/out degree 1/0, оборот 12.0 тыс. KZT; выраженной структурной роли нет.",1,0,12000.0,0.0,1,0,0.00032316731509056504,0.0,2,False,False,1.0,1,0.0,0.0,False
100000000596954100,coordinator,0.7173253226524253,6,0.8081886960391633,"Связующий профиль: seed-ветвей 1, соседних кластеров 0; in/out degree 1/2, bridge pctl 91%.",1,2,120000.0,48100.0,1,2,0.0005125060532103234,0.4008333333333333,2,False,False,1.0,1,3.8716171744937865e-05,0.0,False
100000004950490100,peripheral,0.8099354695149088,8,0.25278148642634624,"Периферийный профиль: in/out degree 1/0, оборот 10.0 тыс. KZT; выраженной структурной роли нет.",1,0,10000.0,0.0,1,0,0.00032881437393840734,0.0,2,False,False,1.0,1,0.0,0.0,False
100000008772058100,peripheral,0.8099354695149088,4,0.2630173564753004,"Периферийный профиль: in/out degree 1/0, оборот 50.0 тыс. KZT; выраженной структурной роли нет.",1,0,50000.0,0.0,1,0,0.0003008909429084987,0.0,2,False,False,1.0,1,0.0,0.0,False
100000000971908100,peripheral,0.8099354695149088,14,0.3582554517133956,"Периферийный профиль: in/out degree 1/0, оборот 89.0 тыс. KZT; выраженной структурной роли нет.",1,0,89000.0,0.0,1,0,0.0003007920033492345,0.0,2,False,False,1.0,1,0.0,0.0,False
100000008687492100,peripheral,0.8099354695149088,4,0.09635068980863373,"Периферийный профиль: in/out degree 1/0, оборот 15.0 тыс. KZT; выраженной структурной роли нет.",1,0,15000.0,0.0,1,0,0.00028909338252783436,0.0,2,False,False,1.0,1,0.0,0.0,False
100000003159641100,coordinator,0.8188206497552292,1,0.8736092567868269,"Связующий профиль: seed-ветвей 1, соседних кластеров 2; in/out degree 4/1, bridge pctl 92%.",4,1,64000.0,197800.0,7,1,0.0003035378870684927,3.090625,2,False,False,1.0,1,4.020525527358932e-05,0.0,False
100000005326681100,peripheral,0.8099354695149088,1,0.1806853582554517,"Периферийный профиль: in/out degree 1/0, оборот 31.2 тыс. KZT; выраженной структурной роли нет.",1,0,31228.0,0.0,1,0,0.00029389550312022464,0.0,2,False,False,1.0,1,0.0,0.0,False
100000006888238100,coordinator,0.6838317757009346,43,0.7841566533155319,"Связующий профиль: seed-ветвей 1, соседних кластеров 0; in/out degree 1/1, bridge pctl 78%.",1,1,18000.0,30000.0,1,1,0.000605001628723955,1.6666666666666667,2,False,False,1.0,1,1.4841199168892846e-06,0.0,False
100000001290243100,peripheral,0.8099354695149088,1,0.23230974632843793,"Периферийный профиль: in/out degree 1/0, оборот 10.0 тыс. KZT; выраженной структурной роли нет.",1,0,10000.0,0.0,1,0,0.0003181872238800612,0.0,2,False,False,1.0,1,0.0,0.0,False
100000008289539100,peripheral,0.8099354695149088,1,0.09635068980863373,"Периферийный профиль: in/out degree 1/0, оборот 14.9 тыс. KZT; выраженной структурной роли нет.",1,0,14912.0,0.0,1,0,0.00028874478315000184,0.0,2,False,False,1.0,1,0.0,0.0,False
100000000821507100,peripheral,0.8099354695149088,13,0.5465064530485091,"Периферийный профиль: in/out degree 1/0, оборот 400.0 тыс. KZT; выраженной структурной роли нет.",1,0,400000.0,0.0,1,0,0.0003335533508794617,0.0,2,False,False,1.0,1,0.0,0.0,False
100000003086040100,peripheral,0.8099354695149088,0,0.4187805963506898,"Периферийный профиль: in/out degree 1/0, оборот 10.5 тыс. KZT; выраженной структурной роли нет.",1,0,10500.0,0.0,1,0,0.0005454701559842281,0.0,2,False,False,1.0,1,0.0,0.0,False
100000002969048100,peripheral,0.8099354695149088,14,0.4032042723631509,"Периферийный профиль: in/out degree 1/0, оборот 108.5 тыс. KZT; выраженной структурной роли нет.",1,0,108470.0,0.0,1,0,0.00030445733325867787,0.0,2,False,False,1.0,1,0.0,0.0,False
100000002826669100,terminal,0.8609260347129506,3,0.7027147307521139,"Получатель-кандидат: 1 плательщ., 4 tx, 159.9 тыс. KZT; исходящих рёбер 0.",1,0,159900.0,0.0,4,0,0.0004732540588370215,0.0,2,False,False,1.0,1,0.0,0.0,False
100000002293421100,coordinator,0.7575700934579439,15,0.9385847797062751,"Связующий профиль: seed-ветвей 1, соседних кластеров 0; in/out degree 2/2, bridge pctl 82%.",2,2,41000.0,47000.0,6,5,0.0009669905154391116,1.146341463414634,2,False,False,1.0,1,1.3357079252003561e-05,0.24390243902439024,True
100000004732589100,peripheral,0.8099354695149088,8,0.5469514908767246,"Периферийный профиль: in/out degree 1/0, оборот 227.5 тыс. KZT; выраженной структурной роли нет.",1,0,227520.0,0.0,1,0,0.0003916573254355303,0.0,2,False,False,1.0,1,0.0,0.0,False
100000003003821100,peripheral,0.8099354695149088,6,0.417890520694259,"Периферийный профиль: in/out degree 1/0, оборот 40.0 тыс. KZT; выраженной структурной роли нет.",1,0,40000.0,0.0,1,0,0.0004353209650152068,0.0,2,False,False,1.0,1,0.0,0.0,False
100000005237935150,peripheral,0.8099354695149088,13,0.1909212283044059,"Периферийный профиль: in/out degree 1/0, оборот 34.5 тыс. KZT; выраженной структурной роли нет.",1,0,34508.0,0.0,1,0,0.00029636429897768595,0.0,2,False,False,1.0,1,0.0,0.0,False
100000004463277100,peripheral,0.8099354695149088,25,0.48909657320872274,"Периферийный профиль: in/out degree 1/0, оборот 35.0 тыс. KZT; выраженной структурной роли нет.",1,0,35000.0,0.0,1,0,0.0006870869007646028,0.0,2,False,False,1.0,1,0.0,0.0,False
100000006523053100,peripheral,0.8099354695149088,6,0.4121050289274588,"Периферийный профиль: in/out degree 1/0, оборот 5.0 тыс. KZT; выраженной структурной роли нет.",1,0,5000.0,0.0,1,0,0.0005354372635366766,0.0,2,False,False,1.0,1,0.0,0.0,False
100000001954903100,peripheral,0.8099354695149088,8,0.16243880729862037,"Периферийный профиль: in/out degree 1/0, оборот 27.1 тыс. KZT; выраженной структурной роли нет.",1,0,27118.0,0.0,1,0,0.00029686446635103275,0.0,2,False,False,1.0,1,0.0,0.0,False
100000005328215100,peripheral,0.8099354695149088,8,0.1584334668446818,"Периферийный профиль: in/out degree 1/0, оборот 27.0 тыс. KZT; выраженной структурной роли нет.",1,0,27000.0,0.0,1,0,0.0002968086507535239,0.0,2,False,False,1.0,1,0.0,0.0,False
100000004424023100,coordinator,0.7130440587449933,13,0.8317757009345794,"Связующий профиль: seed-ветвей 1, соседних кластеров 0; in/out degree 1/1, bridge pctl 86%.",1,1,50000.0,100000.0,1,1,0.000965042056923741,2.0,2,False,False,1.0,1,1.4841199168892845e-05,0.0,False
100000002299948100,peripheral,0.8099354695149088,14,0.09635068980863373,"Периферийный профиль: in/out degree 1/0, оборот 6.8 тыс. KZT; выраженной структурной роли нет.",1,0,6750.0,0.0,1,0,0.0002914315899729443,0.0,2,False,False,1.0,1,0.0,0.0,False
100000005105153100,peripheral,0.8099354695149088,3,0.3693813974187806,"Периферийный профиль: in/out degree 1/0, оборот 30.0 тыс. KZT; выраженной структурной роли нет.",1,0,30000.0,0.0,1,0,0.0003999117177155668,0.0,2,False,False,1.0,1,0.0,0.0,False
100000001985793100,peripheral,0.8099354695149088,9,0.5611927013796173,"Периферийный профиль: in/out degree 1/0, оборот 420.0 тыс. KZT; выраженной структурной роли нет.",1,0,420000.0,0.0,1,0,0.00037055509826955873,0.0,2,False,False,1.0,1,0.0,0.0,False
100000003134934100,terminal,0.9432420115709836,3,0.7067200712060525,"Получатель-кандидат: 4 плательщ., 4 tx, 379.4 тыс. KZT; исходящих рёбер 0.",4,0,379354.0,0.0,4,0,0.0004219186687117182,0.0,2,False,False,1.0,1,0.0,0.0,False
100000006240939100,distributor,0.8082264897831883,9,0.8553627058299955,"Признаки распределения: 5 получ., 5 tx, 778.0 тыс. KZT; вход: 1 плательщ., 160.0 тыс. KZT.",1,5,160000.0,778015.0,1,5,0.0003169964520971586,4.86259375,2,False,False,1.0,1,0.0,1.0,False
100000008656043100,peripheral,0.8099354695149088,4,0.15331553182020471,"Периферийный профиль: in/out degree 1/0, оборот 26.2 тыс. KZT; выраженной структурной роли нет.",1,0,26200.0,0.0,1,0,0.00029286860184964694,0.0,2,False,False,1.0,1,0.0,0.0,False
100000002605184100,peripheral,0.8099354695149088,1,0.5246995994659546,"Периферийный профиль: in/out degree 1/0, оборот 140.0 тыс. KZT; выраженной структурной роли нет.",1,0,140000.0,0.0,1,0,0.00038884731957190713,0.0,2,False,False,1.0,1,0.0,0.0,False
100000003157333100,peripheral,0.8099354695149088,14,0.17378727191811305,"Периферийный профиль: in/out degree 1/0, оборот 30.0 тыс. KZT; выраженной структурной роли нет.",1,0,30000.0,0.0,1,0,0.0002896849430175879,0.0,2,False,False,1.0,1,0.0,0.0,False
100000007898453100,coordinator,0.684047619047619,6,0.8989764129951046,"Связующий профиль: seed-ветвей 1, соседних кластеров 0; in/out degree 1/2, bridge pctl 88%.",1,2,24750.0,320000.0,1,2,0.0003311589686194611,12.929292929292929,2,False,False,1.0,1,1.92935589195607e-05,0.0,True
100000002710570100,peripheral,0.8099354695149088,27,0.5700934579439252,"Периферийный профиль: in/out degree 1/0, оборот 225.0 тыс. KZT; выраженной структурной роли нет.",1,0,225015.0,0.0,1,0,0.0005357457697869261,0.0,2,False,False,1.0,1,0.0,0.0,False
100000004979498100,peripheral,0.4404984423676013,40,0.6488651535380507,"Периферийный профиль: in/out degree 1/1, оборот 900.0 тыс. KZT; выраженной структурной роли нет.",1,1,700000.0,200000.0,2,1,0.0013196649783708855,0.2857142857142857,2,False,False,1.0,1,0.0,0.2857142857142857,True
100000001541418100,terminal,0.8531410769915444,2,0.5994659546061415,"Получатель-кандидат: 2 плательщ., 2 tx, 96.9 тыс. KZT; исходящих рёбер 0.",2,0,96900.0,0.0,2,0,0.000301921828708829,0.0,2,False,False,1.0,1,0.0,0.0,False
100000007797290100,coordinator,0.6440120160213618,17,0.7583444592790387,"Связующий профиль: seed-ветвей 1, соседних кластеров 0; in/out degree 1/1, bridge pctl 85%.",1,1,100000.0,20000.0,1,1,0.0002994879449286175,0.2,2,False,False,1.0,1,1.3401751757863106e-05,0.0,False
100000008683818100,peripheral,0.8099354695149088,4,0.09635068980863373,"Периферийный профиль: in/out degree 1/0, оборот 17.4 тыс. KZT; выраженной структурной роли нет.",1,0,17400.0,0.0,1,0,0.0002899023580967942,0.0,2,False,False,1.0,1,0.0,0.0,False
100000006567935100,peripheral,0.8099354695149088,13,0.48064085447263016,"Периферийный профиль: in/out degree 1/0, оборот 200.0 тыс. KZT; выраженной структурной роли нет.",1,0,200000.0,0.0,1,0,0.0003087953180506486,0.0,2,False,False,1.0,1,0.0,0.0,False
100000002132479100,peripheral,0.4404984423676013,8,0.5870048954161103,"Периферийный профиль: in/out degree 1/1, оборот 50.0 тыс. KZT; выраженной структурной роли нет.",1,1,30000.0,20000.0,2,1,0.0006016152483643291,0.6666666666666666,2,False,False,1.0,1,0.0,0.0,True
100000002170580100,peripheral,0.8099354695149088,8,0.5131286159323543,"Периферийный профиль: in/out degree 1/0, оборот 150.0 тыс. KZT; выраженной структурной роли нет.",1,0,150000.0,0.0,1,0,0.0003549893159534381,0.0,2,False,False,1.0,1,0.0,0.0,False
100000001232297100,peripheral,0.40060080106809076,29,0.4744103248776146,"Периферийный профиль: in/out degree 1/2, оборот 50.0 тыс. KZT; выраженной структурной роли нет.",1,2,5000.0,45000.0,1,2,0.0002905637419862962,9.0,2,False,False,1.0,1,0.0,0.0,True
100000002028158100,peripheral,0.8099354695149088,1,0.19270137961726747,"Периферийный профиль: in/out degree 1/0, оборот 34.8 тыс. KZT; выраженной структурной роли нет.",1,0,34800.0,0.0,1,0,0.00029502313070870444,0.0,2,False,False,1.0,1,0.0,0.0,False
100000005519998100,distributor,0.8060136663280028,18,0.8909657320872274,"Признаки распределения: 3 получ., 8 tx, 188.0 тыс. KZT; вход: 3 плательщ., 182.0 тыс. KZT.",3,3,182000.0,188000.0,5,8,0.0006478016608270629,1.032967032967033,2,False,False,1.0,1,3.33926981300089e-05,0.027472527472527472,True
100000002335358100,terminal,0.8211843346684469,1,0.6875834445927904,"Получатель-кандидат: 1 плательщ., 2 tx, 140.0 тыс. KZT; исходящих рёбер 0.",1,0,140000.0,0.0,2,0,0.0006085156747957272,0.0,2,False,False,1.0,1,0.0,0.0,False
100000007289427100,peripheral,0.8099354695149088,0,0.3257676902536716,"Периферийный профиль: in/out degree 1/0, оборот 12.3 тыс. KZT; выраженной структурной роли нет.",1,0,12300.0,0.0,1,0,0.00037151571334833575,0.0,2,False,False,1.0,1,0.0,0.0,False
100000004592467100,peripheral,0.8099354695149088,6,0.09635068980863373,"Периферийный профиль: in/out degree 1/0, оборот 7.0 тыс. KZT; выраженной структурной роли нет.",1,0,7000.0,0.0,1,0,0.00028508302562926574,0.0,2,False,False,1.0,1,0.0,0.0,False
100000004993576100,peripheral,0.8099354695149088,1,0.5095683133066311,"Периферийный профиль: in/out degree 1/0, оборот 167.0 тыс. KZT; выраженной структурной роли нет.",1,0,167000.0,0.0,1,0,0.00033675671615020117,0.0,2,False,False,1.0,1,0.0,0.0,False
100000001648936100,peripheral,0.8099354695149088,14,0.3680462839341344,"Периферийный профиль: in/out degree 1/0, оборот 92.7 тыс. KZT; выраженной структурной роли нет.",1,0,92740.0,0.0,1,0,0.000301496078021105,0.0,2,False,False,1.0,1,0.0,0.0,False
100000008512552100,distributor,0.8720918172260816,17,0.9510458388963062,"Признаки распределения: 6 получ., 11 tx, 1.30 млн KZT; вход: 4 плательщ., 394.4 тыс. KZT.",4,6,394360.0,1302275.0,9,11,0.0004233503724568054,3.3022492139162187,2,False,False,1.0,1,7.173246264964876e-05,0.8382188862967846,True
100000007629096100,consolidator,0.8040698709390298,0,0.9461504227859368,"Признаки сбора: 4 плательщ., 5 tx, 1.08 млн KZT; выход: 1 получ., 765.2 тыс. KZT; seed-ветвей 1.",4,1,1075170.0,765205.0,5,5,0.0025321465520854168,0.7117060557865268,2,False,False,1.0,1,1.0388839418224992e-05,0.15475227173377235,True
100000001601320100,coordinator,0.7338629283489096,26,0.8117489986648865,"Связующий профиль: seed-ветвей 1, соседних кластеров 0; in/out degree 2/1, bridge pctl 78%.",2,1,43500.0,46200.0,2,1,0.0008063299389511719,1.0620689655172413,2,False,False,1.0,1,1.4841199168892846e-06,0.0,False
100000005782781100,distributor,0.8951920491926252,0,0.9372496662216289,"Признаки распределения: 10 получ., 10 tx, 1.26 млн KZT; вход: 6 плательщ., 171.9 тыс. KZT.",6,10,171888.0,1263597.0,10,10,0.00048458094430776753,7.351281066741134,2,False,False,1.0,1,0.00017261748255334276,0.6584985572000372,True
100000002723538100,distributor,0.9003137687740526,0,0.9795282599020917,"Признаки распределения: 12 получ., 14 tx, 560.5 тыс. KZT; вход: 3 плательщ., 105.6 тыс. KZT.",3,12,105647.0,560499.0,3,14,0.00031853193989925873,5.305394379395534,2,False,False,1.0,1,0.00017813630765669116,1.0,True
100000002340562100,terminal,0.7625726746773476,8,0.6635514018691588,"Получатель-кандидат: 1 плательщ., 2 tx, 36.6 тыс. KZT; исходящих рёбер 0.",1,0,36650.0,0.0,2,0,0.0005277216135282294,0.0,2,False,False,1.0,1,0.0,0.0,False
100000005939154100,terminal,0.7354873164218958,1,0.5736537605696485,"Получатель-кандидат: 1 плательщ., 2 tx, 22.0 тыс. KZT; исходящих рёбер 0.",1,0,22000.0,0.0,2,0,0.00029211094175020906,0.0,2,False,False,1.0,1,0.0,0.0,False
100000004386258100,coordinator,0.8979817534490432,8,0.9425901201602136,"Связующий профиль: seed-ветвей 2, соседних кластеров 0; in/out degree 3/3, bridge pctl 96%.",3,3,61700.0,40000.0,3,3,0.0005302960988678298,0.6482982171799028,2,False,False,1.0,2,0.00010982487384980706,0.4862236628849271,True
100000008406609100,peripheral,0.8099354695149088,16,0.39741878059635066,"Периферийный профиль: in/out degree 1/0, оборот 34.0 тыс. KZT; выраженной структурной роли нет.",1,0,34000.0,0.0,1,0,0.00042791268315093135,0.0,2,False,False,1.0,1,0.0,0.0,False
100000007242833100,coordinator,0.8029928793947486,8,0.8259902091677792,"Связующий профиль: seed-ветвей 2, соседних кластеров 0; in/out degree 1/1, bridge pctl 87%.",1,1,107500.0,45000.0,3,2,0.0005106788435138073,0.4186046511627907,2,False,False,1.0,2,1.6379918815166017e-05,0.0,False
100000004698193100,distributor,0.7479773893661847,14,0.9029817534490432,"Признаки распределения: 3 получ., 5 tx, 38.0 тыс. KZT; вход: 2 плательщ., 222.7 тыс. KZT.",2,3,222700.0,38000.0,15,5,0.0008189069870905563,0.17063313875168387,2,False,False,1.0,1,0.0,0.05388414907947912,True
100000002733905100,coordinator,0.7619225634178904,4,0.9603916332888296,"Связующий профиль: seed-ветвей 1, соседних кластеров 0; in/out degree 3/2, bridge pctl 79%.",3,2,100000.0,717839.0,5,3,0.00306420239077283,7.17839,2,False,False,1.0,1,2.968239833778569e-06,0.6,True
100000006912294100,coordinator,0.5756297285269248,8,0.838006230529595,"Связующий профиль: seed-ветвей 1, соседних кластеров 0; in/out degree 1/2, bridge pctl 39%.",1,2,6335.09,30000.0,1,2,0.0005094341948379622,4.7355286191672095,2,False,False,1.0,1,0.0,0.0,True
100000003036198100,peripheral,0.8099354695149088,0,0.09635068980863373,"Периферийный профиль: in/out degree 1/0, оборот 15.0 тыс. KZT; выраженной структурной роли нет.",1,0,15000.0,0.0,1,0,0.0002863860773439838,0.0,2,False,False,1.0,1,0.0,0.0,False
100000004687099100,peripheral,0.8099354695149088,26,0.3030707610146863,"Периферийный профиль: in/out degree 1/0, оборот 30.0 тыс. KZT; выраженной структурной роли нет.",1,0,30000.0,0.0,1,0,0.0003323155679903614,0.0,2,False,False,1.0,1,0.0,0.0,False
100000005242320100,distributor,0.8667935523716723,13,0.8776145972407655,"Признаки распределения: 21 получ., 29 tx, 8.94 млн KZT; вход: 2 плательщ., 365.7 тыс. KZT.",2,21,365700.0,8936295.0,2,29,0.000497182255036641,24.43613617719442,2,False,False,1.0,1,0.0,0.5077932731747334,False
100000008762832100,peripheral,0.3644971072541166,6,0.5126835781041389,"Периферийный профиль: in/out degree 1/1, оборот 235.0 тыс. KZT; выраженной структурной роли нет.",1,1,150000.0,85000.0,1,4,0.0003064460082381994,0.5666666666666667,2,False,False,1.0,1,0.0,0.0,True
100000002489253100,peripheral,0.8099354695149088,1,0.2861593235425011,"Периферийный профиль: in/out degree 1/0, оборот 51.0 тыс. KZT; выраженной структурной роли нет.",1,0,51000.0,0.0,1,0,0.0003001846977082594,0.0,2,False,False,1.0,1,0.0,0.0,False
100000004756901100,peripheral,0.8099354695149088,15,0.5638629283489096,"Периферийный профиль: in/out degree 1/0, оборот 153.2 тыс. KZT; выраженной структурной роли нет.",1,0,153248.0,0.0,1,0,0.0003092469203488615,0.0,2,False,False,1.0,2,0.0,0.0,False
100000008749989100,peripheral,0.8099354695149088,4,0.09635068980863373,"Периферийный профиль: in/out degree 1/0, оборот 16.0 тыс. KZT; выраженной структурной роли нет.",1,0,16000.0,0.0,1,0,0.00028943045568156765,0.0,2,False,False,1.0,1,0.0,0.0,False
100000001380986100,peripheral,0.8099354695149088,2,0.32398753894080995,"Периферийный профиль: in/out degree 1/0, оборот 70.2 тыс. KZT; выраженной структурной роли нет.",1,0,70170.0,0.0,1,0,0.0002905961435795634,0.0,2,False,False,1.0,1,0.0,0.0,False
100000003089018100,peripheral,0.8099354695149088,2,0.4801958166444148,"Периферийный профиль: in/out degree 1/0, оборот 230.0 тыс. KZT; выраженной структурной роли нет.",1,0,230000.0,0.0,1,0,0.0003055356096094289,0.0,2,False,False,1.0,1,0.0,0.0,False
100000008742266100,peripheral,0.8099354695149088,4,0.09635068980863373,"Периферийный профиль: in/out degree 1/0, оборот 21.0 тыс. KZT; выраженной структурной роли нет.",1,0,21000.0,0.0,1,0,0.000291115821450234,0.0,2,False,False,1.0,1,0.0,0.0,False
100000003044431100,terminal,0.8343659991099244,0,0.5950155763239875,"Получатель-кандидат: 2 плательщ., 2 tx, 60.0 тыс. KZT; исходящих рёбер 0.",2,0,60000.0,0.0,2,0,0.00030081203966063114,0.0,2,False,False,1.0,1,0.0,0.0,False
100000003321423100,terminal,0.8090926568758345,30,0.6911437472185136,"Получатель-кандидат: 1 плательщ., 2 tx, 100.0 тыс. KZT; исходящих рёбер 0.",1,0,100000.0,0.0,2,0,0.0006657320408395004,0.0,2,False,False,1.0,1,0.0,0.0,False
100000002540623100,peripheral,0.8099354695149088,8,0.46328437917222964,"Периферийный профиль: in/out degree 1/0, оборот 100.0 тыс. KZT; выраженной структурной роли нет.",1,0,100000.0,0.0,1,0,0.00033133863904290386,0.0,2,False,False,1.0,1,0.0,0.0,False
100000004225615100,terminal,0.7769762349799734,2,0.5829995549621718,"Получатель-кандидат: 1 плательщ., 2 tx, 90.0 тыс. KZT; исходящих рёбер 0.",1,0,90000.0,0.0,2,0,0.00029244967302567633,0.0,2,False,False,1.0,1,0.0,0.0,False
100000004820260100,distributor,0.810376698976672,1,0.9230084557187361,"Признаки распределения: 3 получ., 10 tx, 215.3 тыс. KZT; вход: 1 плательщ., 234.2 тыс. KZT.",1,3,234200.0,215350.0,12,10,0.0014002624027912944,0.9195132365499573,2,False,False,1.0,1,1.3357079252003561e-05,0.5123825789923142,True
100000000795129100,peripheral,0.8099354695149088,1,0.5589675122385402,"Периферийный профиль: in/out degree 1/0, оборот 332.0 тыс. KZT; выраженной структурной роли нет.",1,0,332000.0,0.0,1,0,0.0003888447766482871,0.0,2,False,False,1.0,1,0.0,0.0,False
100000008213966100,coordinator,0.8622007120605252,18,0.9728526924788607,"Связующий профиль: seed-ветвей 1, соседних кластеров 1; in/out degree 3/1, bridge pctl 89%.",3,1,187004.0,436900.0,7,8,0.001933906190651692,2.336313661739856,2,False,False,1.0,1,2.6714158504007122e-05,0.49733695535924366,True
100000008478414100,peripheral,0.8099354695149088,4,0.09635068980863373,"Периферийный профиль: in/out degree 1/0, оборот 10.0 тыс. KZT; выраженной структурной роли нет.",1,0,10000.0,0.0,1,0,0.00028740801675916807,0.0,2,False,False,1.0,1,0.0,0.0,False
100000001330595100,consolidator,0.7173030707610147,21,0.8175344904316867,"Признаки сбора: 3 плательщ., 6 tx, 87.0 тыс. KZT; выход: 1 получ., 154.0 тыс. KZT; seed-ветвей 1.",3,1,87000.0,154000.0,6,1,0.0006711400118206063,1.7701149425287357,2,False,False,1.0,1,0.0,0.0,False
100000000076451100,coordinator,0.8913195371606586,32,0.9635068980863374,"Связующий профиль: seed-ветвей 1, соседних кластеров 1; in/out degree 3/4, bridge pctl 94%.",3,4,87707.0,58000.0,4,4,0.0013836360118544802,0.661292713238396,2,False,False,1.0,1,6.67853962600178e-05,0.0,True
100000005664632100,terminal,0.885715709835336,6,0.7058299955496217,"Получатель-кандидат: 1 плательщ., 18 tx, 198.6 тыс. KZT; исходящих рёбер 0.",1,0,198620.0,0.0,18,0,0.00036308191154797557,0.0,2,False,False,1.0,1,0.0,0.0,False
100000002457464100,peripheral,0.8099354695149088,0,0.3983088562527815,"Периферийный профиль: in/out degree 1/0, оборот 66.6 тыс. KZT; выраженной структурной роли нет.",1,0,66647.0,0.0,1,0,0.00032039621185156486,0.0,2,False,False,1.0,1,0.0,0.0,False
100000002757240100,peripheral,0.8099354695149088,0,0.35447263017356473,"Периферийный профиль: in/out degree 1/0, оборот 51.2 тыс. KZT; выраженной структурной роли нет.",1,0,51183.0,0.0,1,0,0.00031507596802805805,0.0,2,False,False,1.0,1,0.0,0.0,False
100000003718221100,distributor,0.8457791428117302,19,0.9087672452158434,"Признаки распределения: 4 получ., 8 tx, 423.5 тыс. KZT; вход: 2 плательщ., 350.0 тыс. KZT.",2,4,350000.0,423500.0,6,8,0.0010463016616198424,1.21,2,False,False,1.0,1,2.6714158504007122e-05,0.5714285714285714,True
100000008629581100,peripheral,0.8099354695149088,0,0.35959056519804183,"Периферийный профиль: in/out degree 1/0, оборот 54.2 тыс. KZT; выраженной структурной роли нет.",1,0,54184.0,0.0,1,0,0.00031359708657081225,0.0,2,False,False,1.0,1,0.0,0.0,False
100000004806903100,peripheral,0.8099354695149088,5,0.40631953716065866,"Периферийный профиль: in/out degree 1/0, оборот 18.0 тыс. KZT; выраженной структурной роли нет.",1,0,18000.0,0.0,1,0,0.0005303725567219492,0.0,2,False,False,1.0,1,0.0,0.0,False
100000000913911100,coordinator,0.8080818869603916,6,0.8415665331553182,"Связующий профиль: seed-ветвей 1, соседних кластеров 1; in/out degree 2/1, bridge pctl 82%.",2,1,467000.0,600000.0,2,1,0.0004566228398822417,1.284796573875803,2,False,False,1.0,1,1.3357079252003561e-05,0.0,False
100000004905207100,peripheral,0.8099354695149088,9,0.5676457498887405,"Периферийный профиль: in/out degree 1/0, оборот 380.0 тыс. KZT; выраженной структурной роли нет.",1,0,380000.0,0.0,1,0,0.0004316310244745126,0.0,2,False,False,1.0,1,0.0,0.0,False
100000003831201100,terminal,0.7909609256786827,10,0.6947040498442367,"Получатель-кандидат: 1 плательщ., 3 tx, 40.5 тыс. KZT; исходящих рёбер 0.",1,0,40500.0,0.0,3,0,0.0005311624824435254,0.0,2,False,False,1.0,1,0.0,0.0,False
100000003073398100,peripheral,0.8099354695149088,14,0.3689363595905652,"Периферийный профиль: in/out degree 1/0, оборот 93.0 тыс. KZT; выраженной структурной роли нет.",1,0,92960.0,0.0,1,0,0.0003015374941782738,0.0,2,False,False,1.0,1,0.0,0.0,False
100000008418934100,peripheral,0.8099354695149088,2,0.531820204717401,"Периферийный профиль: in/out degree 1/0, оборот 360.0 тыс. KZT; выраженной структурной роли нет.",1,0,360000.0,0.0,1,0,0.0003176868364371992,0.0,2,False,False,1.0,1,0.0,0.0,False
100000002741024100,distributor,0.8233829405582526,0,0.9292389853137517,"Признаки распределения: 6 получ., 7 tx, 435.0 тыс. KZT; вход: 5 плательщ., 818.0 тыс. KZT.",5,6,817980.85,434989.0,9,7,0.002920510847575455,0.5317838431058625,2,False,False,1.0,1,8.014247551202137e-05,0.019744961022009257,True
100000008106997100,coordinator,0.6858789497107254,0,0.8411214953271028,"Связующий профиль: seed-ветвей 1, соседних кластеров 0; in/out degree 2/1, bridge pctl 82%.",2,1,35600.0,20600.0,2,1,0.0003037077560602999,0.5786516853932584,2,False,False,1.0,1,1.3357079252003561e-05,0.5786516853932584,False
100000007998965100,coordinator,0.8429884290164665,8,0.855807743658211,"Связующий профиль: seed-ветвей 1, соседних кластеров 3; in/out degree 5/1, bridge pctl 85%.",5,1,278000.0,26000.0,7,3,0.00046910540881615366,0.09352517985611511,2,False,False,1.0,1,1.3401751757863106e-05,0.0,False
100000001822623100,peripheral,0.8099354695149088,19,0.5100133511348465,"Периферийный профиль: in/out degree 1/0, оборот 201.3 тыс. KZT; выраженной структурной роли нет.",1,0,201300.0,0.0,1,0,0.00032170415263121314,0.0,2,False,False,1.0,1,0.0,0.0,False
100000006424479100,coordinator,0.7421050289274588,29,0.8566978193146417,"Связующий профиль: seed-ветвей 1, соседних кластеров 0; in/out degree 1/2, bridge pctl 93%.",1,2,500000.0,220000.0,2,3,0.0009366829616679154,0.44,2,False,False,1.0,1,5.360700703145242e-05,0.0,False
100000008696692100,peripheral,0.8099354695149088,4,0.09635068980863373,"Периферийный профиль: in/out degree 1/0, оборот 19.0 тыс. KZT; выраженной структурной роли нет.",1,0,19000.0,0.0,1,0,0.00029044167514276744,0.0,2,False,False,1.0,1,0.0,0.0,False
100000002748532100,coordinator,0.8241655540720961,2,0.8602581219403649,"Связующий профиль: seed-ветвей 1, соседних кластеров 1; in/out degree 3/2, bridge pctl 88%.",3,2,355575.0,646685.0,3,7,0.0003372625956234998,1.8187021022287844,2,False,False,1.0,1,1.9358085872468932e-05,0.0,False
100000004456564100,terminal,0.7015426791277258,8,0.6341789052069426,"Получатель-кандидат: 1 плательщ., 2 tx, 10.0 тыс. KZT; исходящих рёбер 0.",1,0,10000.0,0.0,2,0,0.00038989660626933333,0.0,2,False,False,1.0,1,0.0,0.0,False
100000001530740100,peripheral,0.8099354695149088,1,0.3965287049399199,"Периферийный профиль: in/out degree 1/0, оборот 15.0 тыс. KZT; выраженной структурной роли нет.",1,0,15000.0,0.0,1,0,0.0005266932700175534,0.0,2,False,False,1.0,1,0.0,0.0,False
100000001386612100,peripheral,0.8099354695149088,16,0.5238095238095238,"Периферийный профиль: in/out degree 1/0, оборот 62.3 тыс. KZT; выраженной структурной роли нет.",1,0,62264.0,0.0,1,0,0.00043096818711852396,0.0,2,False,False,1.0,2,0.0,0.0,False
100000003360542100,coordinator,0.6701891410769916,6,0.9176680017801513,"Связующий профиль: seed-ветвей 2, соседних кластеров 0; in/out degree 2/2, bridge pctl 39%.",2,2,317000.0,51800.0,3,5,0.0014432904565951955,0.16340694006309148,2,False,False,1.0,2,0.0,0.0,True
100000008352542100,peripheral,0.8099354695149088,6,0.38139741878059635,"Периферийный профиль: in/out degree 1/0, оборот 50.2 тыс. KZT; выраженной структурной роли нет.",1,0,50220.0,0.0,1,0,0.00032963153599214047,0.0,2,False,False,1.0,1,0.0,0.0,False
100000001138376100,peripheral,0.8099354695149088,1,0.09635068980863373,"Периферийный профиль: in/out degree 1/0, оборот 15.3 тыс. KZT; выраженной структурной роли нет.",1,0,15300.0,0.0,1,0,0.0002888672690134761,0.0,2,False,False,1.0,1,0.0,0.0,False
100000003246024100,peripheral,0.440865598575879,3,0.6070315976858033,"Периферийный профиль: in/out degree 1/1, оборот 30.0 тыс. KZT; выраженной структурной роли нет.",1,1,25000.0,5000.0,1,1,0.0003725078332258194,0.2,2,False,False,1.0,1,0.0008227960819234193,0.2,True
100000002680477100,peripheral,0.8099354695149088,13,0.09635068980863373,"Периферийный профиль: in/out degree 1/0, оборот 25.0 тыс. KZT; выраженной структурной роли нет.",1,0,25000.0,0.0,1,0,0.0002929678330338287,0.0,2,False,False,1.0,1,0.0,0.0,False
100000005882013100,peripheral,0.38199821984868715,29,0.5781041388518025,"Периферийный профиль: in/out degree 2/1, оборот 145.0 тыс. KZT; выраженной структурной роли нет.",2,1,135000.0,10000.0,3,1,0.0005229986411316986,0.07407407407407407,2,False,False,1.0,1,0.0,0.0,True
100000005665181100,coordinator,0.8919403649310191,14,0.9741878059635068,"Связующий профиль: seed-ветвей 1, соседних кластеров 5; in/out degree 4/11, bridge pctl 97%.",4,11,45498.0,181915.0,5,11,0.00039625523741202215,3.998307617917271,2,False,False,1.0,1,0.0001903346851031624,0.10989494043694228,True
100000008141170100,peripheral,0.8099354695149088,1,0.4470404984423676,"Периферийный профиль: in/out degree 1/0, оборот 11.0 тыс. KZT; выраженной структурной роли нет.",1,0,11000.0,0.0,1,0,0.0006179441270438841,0.0,2,False,False,1.0,1,0.0,0.0,False
100000001382002100,transit,0.42241781569132486,0,0.7592345349354696,"Признаки транзита: вход 55.0 тыс., выход 56.5 тыс. KZT; совпадение в тот же день 0%, двусторонних дней 0.",1,1,55000.0,56500.0,2,3,0.0006580610274255212,1.0272727272727273,2,False,False,1.0,1,0.0,0.0,True
100000002481735100,terminal,0.7361908322207387,1,0.6315086782376502,"Получатель-кандидат: 1 плательщ., 2 tx, 22.4 тыс. KZT; исходящих рёбер 0.",1,0,22436.0,0.0,2,0,0.0003606560875954308,0.0,2,False,False,1.0,1,0.0,0.0,False
100000000806727100,coordinator,0.5728193146417446,6,0.7498887405429462,"Связующий профиль: seed-ветвей 2, соседних кластеров 0; in/out degree 1/1, bridge pctl 39%.",1,1,45000.0,5000.0,1,1,0.000343872786566017,0.1111111111111111,2,False,False,1.0,2,0.0,0.0,False
100000003039473100,peripheral,0.8099354695149088,1,0.19937694704049844,"Периферийный профиль: in/out degree 1/0, оборот 23.0 тыс. KZT; выраженной структурной роли нет.",1,0,23000.0,0.0,1,0,0.0003104262005892444,0.0,2,False,False,1.0,1,0.0,0.0,False
100000005205745100,peripheral,0.8099354695149088,3,0.20160213618157544,"Периферийный профиль: in/out degree 1/0, оборот 6.0 тыс. KZT; выраженной структурной роли нет.",1,0,6000.0,0.0,1,0,0.0003105468913034799,0.0,2,False,False,1.0,1,0.0,0.0,False
100000004356593100,coordinator,0.6210013351134847,0,0.7467734757454384,"Связующий профиль: seed-ветвей 1, соседних кластеров 0; in/out degree 1/1, bridge pctl 82%.",1,1,50000.0,10000.0,1,1,0.0002918665922956633,0.2,2,False,False,1.0,1,1.3357079252003561e-05,0.0,False
100000008688881100,peripheral,0.8099354695149088,4,0.22296395193591456,"Периферийный профиль: in/out degree 1/0, оборот 44.2 тыс. KZT; выраженной структурной роли нет.",1,0,44211.0,0.0,1,0,0.0002989396264215368,0.0,2,False,False,1.0,1,0.0,0.0,False
100000008111003100,consolidator,0.7595571873609257,0,0.931909212283044,"Признаки сбора: 6 плательщ., 9 tx, 222.7 тыс. KZT; выход: 1 получ., 35.0 тыс. KZT; seed-ветвей 1.",6,1,222716.0,35000.0,9,1,0.0004668415374373436,0.15715081089818422,2,False,False,1.0,1,0.000459126940020059,0.15715081089818422,True
100000003016773100,peripheral,0.8099354695149088,8,0.319537160658656,"Периферийный профиль: in/out degree 1/0, оборот 46.6 тыс. KZT; выраженной структурной роли нет.",1,0,46555.0,0.0,1,0,0.0003130700519328112,0.0,2,False,False,1.0,1,0.0,0.0,False
100000004674799100,terminal,0.8552030262572319,3,0.728526924788607,"Получатель-кандидат: 1 плательщ., 5 tx, 140.0 тыс. KZT; исходящих рёбер 0.",1,0,140000.0,0.0,5,0,0.0007835157304596741,0.0,2,False,False,1.0,1,0.0,0.0,False
100000005834479100,peripheral,0.40060080106809076,3,0.4979973297730307,"Периферийный профиль: in/out degree 1/2, оборот 22.0 тыс. KZT; выраженной структурной роли нет.",1,2,7500.0,14470.0,1,2,0.0002852116812829096,1.9293333333333333,2,False,False,1.0,1,1.8259000410845235e-06,0.0,False
100000003278020100,peripheral,0.8099354695149088,0,0.5042278593680463,"Периферийный профиль: in/out degree 1/0, оборот 190.0 тыс. KZT; выраженной структурной роли нет.",1,0,190000.0,0.0,1,0,0.00032276465371460525,0.0,2,False,False,1.0,1,0.0,0.0,False
100000000831684100,transit,0.40113217623497993,8,0.7765910102358701,"Признаки транзита: вход 15.0 тыс., выход 50.0 тыс. KZT; совпадение в тот же день 33%, двусторонних дней 1.",1,1,15000.0,50000.0,2,3,0.001989688750344419,3.3333333333333335,2,False,False,1.0,1,0.0,0.3333333333333333,True
100000000307908100,peripheral,0.8099354695149088,34,0.09635068980863373,"Периферийный профиль: in/out degree 1/0, оборот 5.0 тыс. KZT; выраженной структурной роли нет.",1,0,5000.0,0.0,1,0,0.0002955134611457715,0.0,2,False,False,1.0,1,0.0,0.0,False
100000001782980100,coordinator,0.5512550066755674,25,0.7485536270583,"Связующий профиль: seed-ветвей 1, соседних кластеров 0; in/out degree 1/1, bridge pctl 39%.",1,1,50000.0,596200.0,1,3,0.0003679966334470916,11.924,2,False,False,1.0,1,0.0,0.0,False
100000002454724100,terminal,0.840998486871384,13,0.6186025812194037,"Получатель-кандидат: 1 плательщ., 3 tx, 125.0 тыс. KZT; исходящих рёбер 0.",1,0,125000.0,0.0,3,0,0.00029951105573984365,0.0,2,False,False,1.0,1,0.0,0.0,False
100000005904580100,terminal,0.8151766800178015,22,0.6653315531820204,"Получатель-кандидат: 2 плательщ., 2 tx, 72.0 тыс. KZT; исходящих рёбер 0.",2,0,72000.0,0.0,2,0,0.0005192563706974512,0.0,2,False,False,1.0,1,0.0,0.0,False
100000008474308100,peripheral,0.4404984423676013,22,0.5545171339563862,"Периферийный профиль: in/out degree 1/1, оборот 24.0 тыс. KZT; выраженной структурной роли нет.",1,1,14000.0,10000.0,2,1,0.00044217603367662634,0.7142857142857143,2,False,False,1.0,1,0.0,0.0,True
100000000795033100,peripheral,0.8099354695149088,10,0.4054294615042279,"Периферийный профиль: in/out degree 1/0, оборот 18.2 тыс. KZT; выраженной структурной роли нет.",1,0,18200.0,0.0,1,0,0.0005298610609300306,0.0,2,False,False,1.0,1,0.0,0.0,False
100000000861294100,peripheral,0.8099354695149088,14,0.46417445482866043,"Периферийный профиль: in/out degree 1/0, оборот 150.0 тыс. KZT; выраженной структурной роли нет.",1,0,150000.0,0.0,1,0,0.0003122755742005979,0.0,2,False,False,1.0,1,0.0,0.0,False
100000006557763100,peripheral,0.8099354695149088,6,0.30173564753004006,"Периферийный профиль: in/out degree 1/0, оборот 10.0 тыс. KZT; выраженной структурной роли нет.",1,0,10000.0,0.0,1,0,0.00034522291781262496,0.0,2,False,False,1.0,1,0.0,0.0,False
100000005608515100,terminal,0.8206057854917668,8,0.6270582999554962,"Получатель-кандидат: 1 плательщ., 4 tx, 64.0 тыс. KZT; исходящих рёбер 0.",1,0,64000.0,0.0,4,0,0.0002915710787047852,0.0,2,False,False,1.0,1,0.0,0.0,False
100000003922499100,peripheral,0.8099354695149088,8,0.49221183800623053,"Периферийный профиль: in/out degree 1/0, оборот 50.0 тыс. KZT; выраженной структурной роли нет.",1,0,50000.0,0.0,1,0,0.0005320697879998398,0.0,2,False,False,1.0,1,0.0,0.0,False
100000008603629100,coordinator,0.9367378727191812,3,0.9973297730307076,"Связующий профиль: seed-ветвей 1, соседних кластеров 7; in/out degree 19/61, bridge pctl 100%.",19,61,1817300.0,4986156.0,45,74,0.0011840996857036214,2.7437165025037142,2,False,False,1.0,1,0.003989772697278349,0.8112766191602927,True
100000004825069100,terminal,0.7840669336893636,4,0.621272808188696,"Получатель-кандидат: 1 плательщ., 4 tx, 30.0 тыс. KZT; исходящих рёбер 0.",1,0,30000.0,0.0,4,0,0.00029414947983383337,0.0,2,False,False,1.0,1,0.0,0.0,False
100000004331458100,terminal,0.8895919893190921,39,0.7249666221628839,"Получатель-кандидат: 2 плательщ., 2 tx, 250.0 тыс. KZT; исходящих рёбер 0.",2,0,250000.0,0.0,2,0,0.0013136485436458223,0.0,2,False,False,1.0,1,0.0,0.0,False
100000002911170100,terminal,0.848753360035603,13,0.6506453048509123,"Получатель-кандидат: 1 плательщ., 2 tx, 300.0 тыс. KZT; исходящих рёбер 0.",1,0,300000.0,0.0,2,0,0.0003211743344650551,0.0,2,False,False,1.0,1,0.0,0.0,False
100000008011159100,coordinator,0.8711392968402314,5,0.965287049399199,"Связующий профиль: seed-ветвей 1, соседних кластеров 1; in/out degree 3/5, bridge pctl 95%.",3,5,363000.0,153037.0,6,5,0.00048318138507702816,0.4215895316804408,2,False,False,1.0,1,8.516374789749678e-05,0.01928374655647383,True
100000003854444100,distributor,0.9048362426425203,16,0.945260347129506,"Признаки распределения: 14 получ., 14 tx, 2.32 млн KZT; вход: 1 плательщ., 210.0 тыс. KZT.",1,14,210000.0,2322909.0,4,14,0.0004640393990138352,11.061471428571428,2,False,False,1.0,1,0.0005580448058977141,0.2857142857142857,True
100000008547948100,distributor,0.9261981740086987,2,0.991099243435692,"Признаки распределения: 26 получ., 31 tx, 5.19 млн KZT; вход: 6 плательщ., 212.7 тыс. KZT.",6,26,212665.0,5185600.0,7,31,0.00042766782857789646,24.383890155878966,2,False,False,1.0,1,0.0009045867735033052,0.9695859685420732,True
100000005175148100,peripheral,0.3560525144637294,1,0.616822429906542,"Периферийный профиль: in/out degree 2/1, оборот 94.0 тыс. KZT; выраженной структурной роли нет.",2,1,79000.0,15000.0,4,1,0.0007168602431438544,0.189873417721519,2,False,False,1.0,1,0.0,0.0,True
100000002087788100,peripheral,0.8099354695149088,5,0.5554072096128171,"Периферийный профиль: in/out degree 1/0, оборот 100.5 тыс. KZT; выраженной структурной роли нет.",1,0,100500.0,0.0,1,0,0.0006541583952543429,0.0,2,False,False,1.0,1,0.0,0.0,False
100000004150593100,distributor,0.8964892131802398,1,0.9790832220738763,"Признаки распределения: 11 получ., 16 tx, 871.2 тыс. KZT; вход: 1 плательщ., 57.0 тыс. KZT.",1,11,57000.0,871165.0,2,16,0.00030495539531807616,15.28359649122807,2,False,False,1.0,1,0.00015973252861053395,1.0,True
100000001597505100,peripheral,0.440865598575879,14,0.34356920338228747,"Периферийный профиль: in/out degree 1/1, оборот 39.4 тыс. KZT; выраженной структурной роли нет.",1,1,26460.0,12920.0,1,1,0.00031302295984618223,0.48828420256991684,2,False,False,1.0,1,0.0,0.0,False
100000007629121100,peripheral,0.8099354695149088,6,0.36003560302625726,"Периферийный профиль: in/out degree 1/0, оборот 29.0 тыс. KZT; выраженной структурной роли нет.",1,0,29000.0,0.0,1,0,0.00039371795307202963,0.0,2,False,False,1.0,1,0.0,0.0,False
100000005614315100,peripheral,0.8099354695149088,1,0.6079216733422341,"Периферийный профиль: in/out degree 1/0, оборот 455.0 тыс. KZT; выраженной структурной роли нет.",1,0,455000.0,0.0,1,0,0.0005716224280963387,0.0,2,False,False,1.0,1,0.0,0.0,False
100000008324800100,coordinator,0.8443302180685358,5,0.9786381842456608,"Связующий профиль: seed-ветвей 1, соседних кластеров 1; in/out degree 3/1, bridge pctl 82%.",3,1,526500.0,511000.0,17,13,0.0019458215692042054,0.9705603038936372,2,False,False,1.0,1,1.3357079252003561e-05,0.5982905982905983,True
100000005030592100,peripheral,0.8099354695149088,1,0.09635068980863373,"Периферийный профиль: in/out degree 1/0, оборот 10.0 тыс. KZT; выраженной структурной роли нет.",1,0,10000.0,0.0,1,0,0.00028719413737323453,0.0,2,False,False,1.0,1,0.0,0.0,False
100000001633685100,terminal,0.8494267912772586,0,0.6297285269247886,"Получатель-кандидат: 3 плательщ., 3 tx, 45.0 тыс. KZT; исходящих рёбер 0.",3,0,45000.0,0.0,3,0,0.00030451845614323466,0.0,2,False,False,1.0,1,0.0,0.0,False
100000001848426100,peripheral,0.8099354695149088,14,0.37605696484201157,"Периферийный профиль: in/out degree 1/0, оборот 95.5 тыс. KZT; выраженной структурной роли нет.",1,0,95530.0,0.0,1,0,0.00030202131019611,0.0,2,False,False,1.0,1,0.0,0.0,False
100000004580202100,distributor,0.8033541841797294,19,0.7979528259902091,"Признаки распределения: 3 получ., 4 tx, 45.0 тыс. KZT; вход: 1 плательщ., 9.0 тыс. KZT.",1,3,9000.0,45000.0,1,4,0.00032029408113580884,5.0,2,False,False,1.0,1,4.007123775601068e-05,0.0,False
100000008717375100,peripheral,0.8099354695149088,0,0.17133956386292834,"Периферийный профиль: in/out degree 1/0, оборот 29.5 тыс. KZT; выраженной структурной роли нет.",1,0,29506.0,0.0,1,0,0.0003001341311284298,0.0,2,False,False,1.0,1,0.0,0.0,False
100000007861311100,peripheral,0.8099354695149088,26,0.38584779706275035,"Периферийный профиль: in/out degree 1/0, оборот 45.0 тыс. KZT; выраженной структурной роли нет.",1,0,45000.0,0.0,1,0,0.00035645470937462444,0.0,2,False,False,1.0,1,0.0,0.0,False
100000005578559100,distributor,0.9144209391316255,12,0.943035157988429,"Признаки распределения: 21 получ., 23 tx, 893.2 тыс. KZT; вход: 2 плательщ., 131.0 тыс. KZT.",2,21,131000.0,893163.67,2,23,0.00038878154160801965,6.818043282442749,2,False,False,1.0,1,0.00023943801325813788,0.5954198473282443,True
100000008764436100,peripheral,0.8099354695149088,4,0.09635068980863373,"Периферийный профиль: in/out degree 1/0, оборот 13.1 тыс. KZT; выраженной структурной роли нет.",1,0,13100.0,0.0,1,0,0.0002884529435357412,0.0,2,False,False,1.0,1,0.0,0.0,False
100000000190228100,coordinator,0.7040720961281709,8,0.783266577659101,"Связующий профиль: seed-ветвей 1, соседних кластеров 0; in/out degree 1/1, bridge pctl 86%.",1,1,5000.0,28560.0,1,1,0.0005785577641878958,5.712,2,False,False,1.0,1,1.4841199168892845e-05,0.0,False
100000003971049100,terminal,0.8342248331108144,17,0.6395193591455274,"Получатель-кандидат: 1 плательщ., 7 tx, 55.9 тыс. KZT; исходящих рёбер 0.",1,0,55900.0,0.0,7,0,0.0002926742039979266,0.0,2,False,False,1.0,1,0.0,0.0,False
100000008743913100,distributor,0.9026202889309515,2,0.9768580329327993,"Признаки распределения: 13 получ., 13 tx, 1.85 млн KZT; вход: 3 плательщ., 149.3 тыс. KZT.",3,13,149300.0,1850600.0,3,13,0.0003302695605620967,12.395177494976558,2,False,False,1.0,1,0.00021941786734752005,0.9397186872069658,False
100000004400361100,peripheral,0.8099354695149088,15,0.43079661771250555,"Периферийный профиль: in/out degree 1/0, оборот 10.0 тыс. KZT; выраженной структурной роли нет.",1,0,10000.0,0.0,1,0,0.0002856823073511308,0.0,2,False,False,1.0,2,0.0,0.0,False
100000002175422100,distributor,0.8814699150456832,27,0.9314641744548287,"Признаки распределения: 6 получ., 14 tx, 1.62 млн KZT; вход: 3 плательщ., 68.5 тыс. KZT.",3,6,68500.0,1621188.0,5,14,0.0008395716044561665,23.66697810218978,2,False,False,1.0,1,0.00010721401406290485,0.145985401459854,True
100000004544958100,coordinator,0.7147485536270581,6,0.9069870939029817,"Связующий профиль: seed-ветвей 1, соседних кластеров 0; in/out degree 1/2, bridge pctl 82%.",1,2,168000.0,23200.0,3,2,0.001208898542206709,0.1380952380952381,2,False,False,1.0,1,1.3357079252003561e-05,0.0,True
100000008466579100,distributor,0.9172744842606417,2,0.940809968847352,"Признаки распределения: 17 получ., 20 tx, 1.93 млн KZT; вход: 2 плательщ., 37.0 тыс. KZT.",2,17,36952.0,1933000.0,2,20,0.0003540140821678015,52.31110630006495,2,False,False,1.0,1,0.00023200563494419238,0.1881359601645378,True
100000001184915100,terminal,0.8099095683133066,1,0.6444147752558967,"Получатель-кандидат: 1 плательщ., 2 tx, 201.0 тыс. KZT; исходящих рёбер 0.",1,0,201000.0,0.0,2,0,0.00034749001346495826,0.0,2,False,False,1.0,1,0.0,0.0,False
100000004435304100,peripheral,0.8099354695149088,4,0.15331553182020471,"Периферийный профиль: in/out degree 1/0, оборот 26.2 тыс. KZT; выраженной структурной роли нет.",1,0,26200.0,0.0,1,0,0.00029286860184964694,0.0,2,False,False,1.0,1,0.0,0.0,False
100000008762728100,peripheral,0.8099354695149088,1,0.22251891410769917,"Периферийный профиль: in/out degree 1/0, оборот 17.0 тыс. KZT; выраженной структурной роли нет.",1,0,17026.0,0.0,1,0,0.00031595775774964044,0.0,2,False,False,1.0,1,0.0,0.0,False
100000004285800100,peripheral,0.440865598575879,3,0.3934134401424121,"Периферийный профиль: in/out degree 1/1, оборот 20.0 тыс. KZT; выраженной структурной роли нет.",1,1,5000.0,15000.0,1,1,0.00034229299101941606,3.0,2,False,False,1.0,1,0.0,0.0,False
100000008557672100,peripheral,0.8099354695149088,4,0.24922118380062305,"Периферийный профиль: in/out degree 1/0, оборот 49.1 тыс. KZT; выраженной структурной роли нет.",1,0,49125.0,0.0,1,0,0.0003005960038989821,0.0,2,False,False,1.0,1,0.0,0.0,False
100000005142589100,terminal,0.752309212283044,0,0.5963506898086337,"Получатель-кандидат: 1 плательщ., 2 tx, 50.0 тыс. KZT; исходящих рёбер 0.",1,0,50000.0,0.0,2,0,0.0003086736410856447,0.0,2,False,False,1.0,1,0.0,0.0,False
100000003747133100,coordinator,0.7686849132176233,0,0.8785046728971962,"Связующий профиль: seed-ветвей 1, соседних кластеров 0; in/out degree 5/2, bridge pctl 94%.",5,2,237068.0,250000.0,8,2,0.00037591670649771207,1.0545497494389795,2,False,False,1.0,1,6.67853962600178e-05,0.08014578095736244,False
100000003289405100,peripheral,0.8099354695149088,6,0.5451713395638629,"Периферийный профиль: in/out degree 1/0, оборот 355.0 тыс. KZT; выраженной структурной роли нет.",1,0,355000.0,0.0,1,0,0.00033707126302723014,0.0,2,False,False,1.0,1,0.0,0.0,False
100000002691858100,peripheral,0.8099354695149088,14,0.39964396973742766,"Периферийный профиль: in/out degree 1/0, оборот 51.5 тыс. KZT; выраженной структурной роли нет.",1,0,51500.0,0.0,1,0,0.0003404530918414068,0.0,2,False,False,1.0,1,0.0,0.0,False
100000007534354100,distributor,0.7644023726440388,13,0.6906987093902982,"Признаки распределения: 3 получ., 3 tx, 147.8 тыс. KZT; вход: 1 плательщ., 50.0 тыс. KZT.",1,3,50000.0,147810.0,1,3,0.00030189838084582194,2.9562,2,False,False,1.0,1,0.0,0.0,False
100000000765628100,peripheral,0.8099354695149088,1,0.21495327102803738,"Периферийный профиль: in/out degree 1/0, оборот 5.0 тыс. KZT; выраженной структурной роли нет.",1,0,5000.0,0.0,1,0,0.00031369607667809673,0.0,2,False,False,1.0,1,0.0,0.0,False
100000004962193100,terminal,0.9806764574988874,0,0.757454383622608,"Получатель-кандидат: 8 плательщ., 11 tx, 900.5 тыс. KZT; исходящих рёбер 0.",8,0,900468.0,0.0,11,0,0.0006532707985915584,0.0,2,False,False,1.0,1,0.0,0.0,False
100000005032294100,peripheral,0.8099354695149088,8,0.34579439252336447,"Периферийный профиль: in/out degree 1/0, оборот 10.0 тыс. KZT; выраженной структурной роли нет.",1,0,10000.0,0.0,1,0,0.00038989660626933333,0.0,2,False,False,1.0,1,0.0,0.0,False
100000001251686100,peripheral,0.8099354695149088,0,0.09635068980863373,"Периферийный профиль: in/out degree 1/0, оборот 18.0 тыс. KZT; выраженной структурной роли нет.",1,0,18000.0,0.0,1,0,0.00029495294648655235,0.0,2,False,False,1.0,1,0.0,0.0,False
100000002398779100,consolidator,0.8833689363595906,0,0.8829550511793502,"Признаки сбора: 13 плательщ., 28 tx, 1.10 млн KZT; выход: 1 получ., 66.0 тыс. KZT; seed-ветвей 2.",13,1,1095690.0,66000.0,28,3,0.0015896782245537172,0.06023601566136407,2,False,False,1.0,2,5.936479667557138e-06,0.030118007830682036,False
100000008512827100,distributor,0.8964202272565939,2,0.8615932354250111,"Признаки распределения: 10 получ., 10 tx, 1.94 млн KZT; вход: 3 плательщ., 107.9 тыс. KZT.",3,10,107949.0,1944500.0,3,10,0.0003333929015638702,18.01313583266172,2,False,False,1.0,1,0.00012177380599019069,0.0,False
100000003943483100,peripheral,0.8099354695149088,8,0.25011125945705387,"Периферийный профиль: in/out degree 1/0, оборот 10.0 тыс. KZT; выраженной структурной роли нет.",1,0,10000.0,0.0,1,0,0.00032714534323528767,0.0,2,False,False,1.0,1,0.0,0.0,False
100000005031696100,coordinator,0.7310502892745883,6,0.8348909657320872,"Связующий профиль: seed-ветвей 1, соседних кластеров 0; in/out degree 1/2, bridge pctl 94%.",1,2,5000.0,115000.0,1,3,0.0005364847149824857,23.0,2,False,False,1.0,1,7.123775601068566e-05,0.0,False
100000002703376100,peripheral,0.8099354695149088,17,0.2363150867823765,"Периферийный профиль: in/out degree 1/0, оборот 46.5 тыс. KZT; выраженной структурной роли нет.",1,0,46501.0,0.0,1,0,0.00029122199649208615,0.0,2,False,False,1.0,1,0.0,0.0,False
100000003617552100,peripheral,0.8099354695149088,25,0.4205607476635514,"Периферийный профиль: in/out degree 1/0, оборот 25.0 тыс. KZT; выраженной структурной роли нет.",1,0,25000.0,0.0,1,0,0.0005476914420872742,0.0,2,False,False,1.0,1,0.0,0.0,False
100000007617808100,peripheral,0.8099354695149088,15,0.6056964842011571,"Периферийный профиль: in/out degree 1/0, оборот 450.0 тыс. KZT; выраженной структурной роли нет.",1,0,450000.0,0.0,1,0,0.0003580632810401283,0.0,2,False,False,1.0,2,0.0,0.0,False
100000002613776100,terminal,0.7535149087672453,0,0.5767690253671562,"Получатель-кандидат: 1 плательщ., 2 tx, 30.0 тыс. KZT; исходящих рёбер 0.",1,0,30000.0,0.0,2,0,0.0002998478184146699,0.0,2,False,False,1.0,1,0.0,0.0,False
100000002578405100,distributor,0.9334688305458222,7,0.954161103693814,"Признаки распределения: 116 получ., 120 tx, 3.11 млн KZT; вход: 2 плательщ., 1.20 млн KZT.",2,116,1200351.0,3108352.0,7,120,0.0005665762261327238,2.589535894084314,2,False,False,1.0,1,0.00017720093990952328,0.6117177392279425,True
100000006161893100,peripheral,0.8099354695149088,1,0.40186915887850466,"Периферийный профиль: in/out degree 1/0, оборот 14.0 тыс. KZT; выраженной структурной роли нет.",1,0,14000.0,0.0,1,0,0.0005287119678714736,0.0,2,False,False,1.0,1,0.0,0.0,False
100000002633701100,peripheral,0.8099354695149088,2,0.5011125945705385,"Периферийный профиль: in/out degree 1/0, оборот 266.9 тыс. KZT; выраженной структурной роли нет.",1,0,266850.0,0.0,1,0,0.00030898001506022383,0.0,2,False,False,1.0,1,0.0,0.0,False
100000002432143100,peripheral,0.8099354695149088,0,0.4432576769025367,"Периферийный профиль: in/out degree 1/0, оборот 81.3 тыс. KZT; выраженной структурной роли нет.",1,0,81310.0,0.0,1,0,0.0003333457528570651,0.0,2,False,False,1.0,1,0.0,0.0,False
100000000490383100,distributor,0.8390138681631486,1,0.835781041388518,"Признаки распределения: 8 получ., 9 tx, 461.4 тыс. KZT; вход: 3 плательщ., 62.6 тыс. KZT.",3,8,62600.0,461375.0,3,9,0.0005447704413624109,7.37020766773163,2,False,False,1.0,1,3.33926981300089e-05,0.07987220447284345,False
100000005809252100,peripheral,0.8099354695149088,5,0.4263462394303516,"Периферийный профиль: in/out degree 1/0, оборот 25.0 тыс. KZT; выраженной структурной роли нет.",1,0,25000.0,0.0,1,0,0.0005636418776920971,0.0,2,False,False,1.0,1,0.0,0.0,False
100000006612238100,peripheral,0.440865598575879,4,0.5322652425456164,"Периферийный профиль: in/out degree 1/1, оборот 185.0 тыс. KZT; выраженной структурной роли нет.",1,1,160000.0,25000.0,1,1,0.00033796898981915786,0.15625,2,False,False,1.0,1,0.0,0.15625,True
100000002593038100,peripheral,0.8099354695149088,22,0.4583889630618603,"Периферийный профиль: in/out degree 1/0, оборот 28.5 тыс. KZT; выраженной структурной роли нет.",1,0,28500.0,0.0,1,0,0.0006533671300786741,0.0,2,False,False,1.0,1,0.0,0.0,False
100000002947299100,peripheral,0.8099354695149088,0,0.4490431686693369,"Периферийный профиль: in/out degree 1/0, оборот 85.0 тыс. KZT; выраженной структурной роли нет.",1,0,85000.0,0.0,1,0,0.0003355834634163321,0.0,2,False,False,1.0,1,0.0,0.0,False
100000004336312100,consolidator,0.7096128170894525,18,0.8985313751668892,"Признаки сбора: 3 плательщ., 7 tx, 90.4 тыс. KZT; выход: 2 получ., 72.7 тыс. KZT; seed-ветвей 1.",3,2,90415.0,72650.0,7,3,0.0006913875989154773,0.8035171155228668,2,False,False,1.0,1,2.003561887800534e-05,0.05530055853564121,True
100000001308856100,peripheral,0.8099354695149088,4,0.1584334668446818,"Периферийный профиль: in/out degree 1/0, оборот 27.0 тыс. KZT; выраженной структурной роли нет.",1,0,27000.0,0.0,1,0,0.0002931382603726336,0.0,2,False,False,1.0,1,0.0,0.0,False
100000008238989100,terminal,0.8354305295950155,19,0.6359590565198042,"Получатель-кандидат: 1 плательщ., 2 tx, 200.0 тыс. KZT; исходящих рёбер 0.",1,0,200000.0,0.0,2,0,0.00032146089914074024,0.0,2,False,False,1.0,1,0.0,0.0,False
100000005561741100,peripheral,0.8099354695149088,12,0.2514463729417,"Периферийный профиль: in/out degree 1/0, оборот 25.0 тыс. KZT; выраженной структурной роли нет.",1,0,25000.0,0.0,1,0,0.0003280111863118165,0.0,2,False,False,1.0,1,0.0,0.0,False
100000006248077100,peripheral,0.8099354695149088,15,0.5068980863373387,"Периферийный профиль: in/out degree 1/0, оборот 50.0 тыс. KZT; выраженной структурной роли нет.",1,0,50000.0,0.0,1,0,0.0002922623958683124,0.0,2,False,False,1.0,2,0.0,0.0,False
100000000646541100,terminal,0.8344423676012461,3,0.7031597685803294,"Получатель-кандидат: 3 плательщ., 4 tx, 25.3 тыс. KZT; исходящих рёбер 0.",3,0,25300.0,0.0,4,0,0.0005028430319421757,0.0,2,False,False,1.0,1,0.0,0.0,False
100000006595426100,terminal,0.8244218958611482,0,0.6524254561637739,"Получатель-кандидат: 1 плательщ., 3 tx, 84.8 тыс. KZT; исходящих рёбер 0.",1,0,84800.0,0.0,3,0,0.0003324688055968648,0.0,2,False,False,1.0,1,0.0,0.0,False
100000002956898100,terminal,0.8941208722741434,1,0.6813529149977748,"Получатель-кандидат: 2 плательщ., 2 tx, 290.2 тыс. KZT; исходящих рёбер 0.",2,0,290240.0,0.0,2,0,0.00037462350130953987,0.0,2,False,False,1.0,1,0.0,0.0,False
100000001262647100,peripheral,0.8099354695149088,1,0.16822429906542055,"Периферийный профиль: in/out degree 1/0, оборот 23.6 тыс. KZT; выраженной структурной роли нет.",1,0,23650.0,0.0,1,0,0.0003017426945959725,0.0,2,False,False,1.0,1,0.0,0.0,False
100000005849100100,peripheral,0.8099354695149088,6,0.413440142412105,"Периферийный профиль: in/out degree 1/0, оборот 33.3 тыс. KZT; выраженной структурной роли нет.",1,0,33300.0,0.0,1,0,0.0004877854417491646,0.0,2,False,False,1.0,1,0.0,0.0,False
100000000533217100,peripheral,0.8099354695149088,0,0.5242545616377392,"Периферийный профиль: in/out degree 1/0, оборот 53.6 тыс. KZT; выраженной структурной роли нет.",1,0,53587.0,0.0,1,0,0.0006484520174667248,0.0,2,False,False,1.0,1,0.0,0.0,False
100000002812641100,coordinator,0.6173587004895417,12,0.8767245215843347,"Связующий профиль: seed-ветвей 2, соседних кластеров 0; in/out degree 1/1, bridge pctl 39%.",1,1,10000.0,7023.95,1,1,0.0021773413384546846,0.702395,2,False,False,1.0,2,0.0,0.0,True
100000008647905100,coordinator,0.6856230529595014,16,0.8295505117935025,"Связующий профиль: seed-ветвей 1, соседних кластеров 0; in/out degree 1/2, bridge pctl 89%.",1,2,50000.0,344222.0,1,2,0.0003268949313627877,6.88444,2,False,False,1.0,1,2.6714158504007122e-05,0.0,False
100000002842337100,peripheral,0.8099354695149088,26,0.41388518024032045,"Периферийный профиль: in/out degree 1/0, оборот 50.0 тыс. KZT; выраженной структурной роли нет.",1,0,50000.0,0.0,1,0,0.00036450108983604543,0.0,2,False,False,1.0,1,0.0,0.0,False
100000002445750100,coordinator,0.6952803738317757,10,0.7668001780151313,"Связующий профиль: seed-ветвей 1, соседних кластеров 0; in/out degree 1/1, bridge pctl 85%.",1,1,70000.0,10000.0,1,1,0.000534091661975031,0.14285714285714285,2,False,False,1.0,1,1.3401751757863106e-05,0.0,False
100000005619339100,peripheral,0.440865598575879,1,0.36315086782376504,"Периферийный профиль: in/out degree 1/1, оборот 10.4 тыс. KZT; выраженной структурной роли нет.",1,1,5000.0,5442.6,1,1,0.00031906074792674574,1.0885200000000002,2,False,False,1.0,1,0.0,0.0,False
100000006844768100,coordinator,0.7334201157098352,3,0.9359145527369827,"Связующий профиль: seed-ветвей 1, соседних кластеров 0; in/out degree 1/2, bridge pctl 89%.",1,2,282000.0,188000.0,5,5,0.0013732569506629106,0.6666666666666666,2,False,False,1.0,1,2.6714158504007122e-05,0.1773049645390071,True
100000002488629100,peripheral,0.8099354695149088,14,0.32754784156653316,"Периферийный профиль: in/out degree 1/0, оборот 73.0 тыс. KZT; выраженной структурной роли нет.",1,0,73050.0,0.0,1,0,0.0002977893319544928,0.0,2,False,False,1.0,1,0.0,0.0,False
100000002796853100,transit,0.4608174698897245,2,0.8210947930574098,"Признаки транзита: вход 199.0 тыс., выход 46.2 тыс. KZT; совпадение в тот же день 21%, двусторонних дней 3.",1,1,199000.0,46167.62,8,5,0.0021738467815055457,0.23199809045226133,2,False,False,1.0,1,0.0,0.20603015075376885,True
100000006755850100,terminal,0.8740891855807744,6,0.7263017356475301,"Получатель-кандидат: 1 плательщ., 3 tx, 443.5 тыс. KZT; исходящих рёбер 0.",1,0,443475.8,0.0,3,0,0.0006450107112093246,0.0,2,False,False,1.0,2,0.0,0.0,False
100000008733194100,coordinator,0.8791499777481085,11,0.9670672007120605,"Связующий профиль: seed-ветвей 1, соседних кластеров 1; in/out degree 4/8, bridge pctl 96%.",4,8,251424.0,159695.0,4,8,0.0004679062659783611,0.6351621165839378,2,False,False,1.0,1,0.0001439596319382606,0.3286082474226804,True
100000001904863100,peripheral,0.8099354695149088,9,0.5887850467289719,"Периферийный профиль: in/out degree 1/0, оборот 500.0 тыс. KZT; выраженной структурной роли нет.",1,0,500000.0,0.0,1,0,0.00047823957371220013,0.0,2,False,False,1.0,1,0.0,0.0,False
100000001641951100,terminal,0.7780430796617713,6,0.7120605251446372,"Получатель-кандидат: 1 плательщ., 4 tx, 25.0 тыс. KZT; исходящих рёбер 0.",1,0,25000.0,0.0,4,0,0.00031727923041304743,0.0,2,False,False,1.0,2,0.0,0.0,False
100000004816564100,coordinator,0.6771228304405874,1,0.7939474855362706,"Связующий профиль: seed-ветвей 1, соседних кластеров 0; in/out degree 1/1, bridge pctl 85%.",1,1,285480.0,5000.0,1,1,0.00037415910043997827,0.01751436177665686,2,False,False,1.0,1,1.3401751757863106e-05,0.0,False
100000002205022100,coordinator,0.8147841566533155,15,0.8678237650200267,"Связующий профиль: seed-ветвей 1, соседних кластеров 1; in/out degree 1/3, bridge pctl 92%.",1,3,7100.0,518000.0,1,3,0.000542351333709545,72.95774647887323,2,False,False,1.0,1,4.007123775601068e-05,0.0,False
100000002267998100,distributor,0.8258269254159503,19,0.9203382287494437,"Признаки распределения: 3 получ., 12 tx, 1.11 млн KZT; вход: 2 плательщ., 420.0 тыс. KZT.",2,3,420000.0,1115000.0,4,12,0.001590317546951996,2.6547619047619047,2,False,False,1.0,1,4.007123775601068e-05,0.47619047619047616,True
100000002199091100,peripheral,0.8099354695149088,4,0.3484646194926569,"Периферийный профиль: in/out degree 1/0, оборот 65.0 тыс. KZT; выраженной структурной роли нет.",1,0,65000.0,0.0,1,0,0.00030594704021449763,0.0,2,False,False,1.0,1,0.0,0.0,False
100000008571443100,terminal,0.8373559412550067,0,0.6172674677347575,"Получатель-кандидат: 2 плательщ., 2 tx, 65.0 тыс. KZT; исходящих рёбер 0.",2,0,65000.0,0.0,2,0,0.000313012230875627,0.0,2,False,False,1.0,1,0.0,0.0,False
100000002742067100,peripheral,0.8099354695149088,1,0.09635068980863373,"Периферийный профиль: in/out degree 1/0, оборот 12.7 тыс. KZT; выраженной структурной роли нет.",1,0,12730.0,0.0,1,0,0.00028805595801056655,0.0,2,False,False,1.0,1,0.0,0.0,False
100000003292979100,peripheral,0.8099354695149088,6,0.3667111704494882,"Периферийный профиль: in/out degree 1/0, оборот 49.0 тыс. KZT; выраженной структурной роли нет.",1,0,48950.0,0.0,1,0,0.0003284785153135605,0.0,2,False,False,1.0,1,0.0,0.0,False
100000002558173100,peripheral,0.8099354695149088,14,0.09635068980863373,"Периферийный профиль: in/out degree 1/0, оборот 9.3 тыс. KZT; выраженной структурной роли нет.",1,0,9300.0,0.0,1,0,0.0002942249939900299,0.0,2,False,False,1.0,1,0.0,0.0,False
100000004687282100,peripheral,0.8099354695149088,1,0.2590120160213618,"Периферийный профиль: in/out degree 1/0, оборот 20.0 тыс. KZT; выраженной структурной роли нет.",1,0,20000.0,0.0,1,0,0.0003303913408752485,0.0,2,False,False,1.0,1,0.0,0.0,False
100000003034546100,terminal,0.8611528259902093,2,0.6706720071206053,"Получатель-кандидат: 1 плательщ., 2 tx, 486.7 тыс. KZT; исходящих рёбер 0.",1,0,486715.0,0.0,2,0,0.00032953101111012924,0.0,2,False,False,1.0,1,0.0,0.0,False
100000003798151100,terminal,0.8762622162883844,1,0.7182910547396528,"Получатель-кандидат: 1 плательщ., 3 tx, 350.0 тыс. KZT; исходящих рёбер 0.",1,0,350000.0,0.0,3,0,0.0005719003720405264,0.0,2,False,False,1.0,1,0.0,0.0,False
100000008710791100,distributor,0.9244038882894217,2,0.9830885625278148,"Признаки распределения: 23 получ., 25 tx, 5.52 млн KZT; вход: 3 плательщ., 181.5 тыс. KZT.",3,23,181510.0,5521511.0,3,25,0.0003324115196545909,30.41987218335078,2,False,False,1.0,1,0.00024128585994029838,0.933887940058399,False
100000008688476100,peripheral,0.8099354695149088,4,0.09635068980863373,"Периферийный профиль: in/out degree 1/0, оборот 24.0 тыс. KZT; выраженной структурной роли нет.",1,0,24000.0,0.0,1,0,0.0002921270409114338,0.0,2,False,False,1.0,1,0.0,0.0,False
100000003242289100,distributor,0.916002453258306,17,0.9470404984423676,"Признаки распределения: 23 получ., 26 tx, 2.38 млн KZT; вход: 3 плательщ., 550.8 тыс. KZT.",3,23,550791.0,2377741.0,8,26,0.00043708641834739345,4.316956885642648,2,False,False,1.0,1,0.0003658495568464927,0.34199542113070114,True
100000006564102100,peripheral,0.8099354695149088,0,0.5540720961281709,"Периферийный профиль: in/out degree 1/0, оборот 233.2 тыс. KZT; выраженной структурной роли нет.",1,0,233235.0,0.0,1,0,0.00042547696605940515,0.0,2,False,False,1.0,1,0.0,0.0,False
100000001526235100,distributor,0.8489288454848556,23,0.9163328882955051,"Признаки распределения: 8 получ., 9 tx, 432.8 тыс. KZT; вход: 3 плательщ., 82.0 тыс. KZT.",3,8,82000.0,432750.0,4,9,0.0008722876445748784,5.277439024390244,2,False,False,1.0,1,0.00017422277285222037,0.07317073170731707,True
100000004398811100,distributor,0.7829438993110966,15,0.8749443702714731,"Признаки распределения: 3 получ., 4 tx, 1.04 млн KZT; вход: 1 плательщ., 426.0 тыс. KZT.",1,3,426000.0,1040672.0,1,4,0.0003476780585883091,2.4428920187793426,2,False,False,1.0,1,0.0,0.9647887323943662,False
100000002957787100,coordinator,0.9243257676902538,0,0.9991099243435692,"Связующий профиль: seed-ветвей 1, соседних кластеров 8; in/out degree 4/34, bridge pctl 100%.",4,34,84956.0,1276153.96,7,41,0.0006101259938304536,15.02135175855737,2,False,False,1.0,1,0.002753707032900968,1.0,True
100000002621915100,peripheral,0.8099354695149088,1,0.40275923453493545,"Периферийный профиль: in/out degree 1/0, оборот 5.0 тыс. KZT; выраженной структурной роли нет.",1,0,5000.0,0.0,1,0,0.0005288962699467359,0.0,2,False,False,1.0,1,0.0,0.0,False
100000008283183100,peripheral,0.8099354695149088,4,0.16889185580774366,"Периферийный профиль: in/out degree 1/0, оборот 29.0 тыс. KZT; выраженной структурной роли нет.",1,0,29000.0,0.0,1,0,0.0002938124066801001,0.0,2,False,False,1.0,1,0.0,0.0,False
100000003843844100,coordinator,0.7305162438807299,0,0.8246550956831331,"Связующий профиль: seed-ветвей 2, соседних кластеров 0; in/out degree 1/1, bridge pctl 85%.",1,1,16680.0,238000.0,1,1,0.0002901658446360033,14.268585131894485,3,False,False,1.0,2,1.3401751757863106e-05,0.0,False
100000000954884100,peripheral,0.8099354695149088,17,0.2394303515798843,"Периферийный профиль: in/out degree 1/0, оборот 34.0 тыс. KZT; выраженной структурной роли нет.",1,0,34000.0,0.0,1,0,0.00030971337231635844,0.0,3,False,False,1.0,1,0.0,0.0,False
100000005893892100,peripheral,0.8099354695149088,5,0.5660881174899867,"Периферийный профиль: in/out degree 1/0, оборот 102.8 тыс. KZT; выраженной структурной роли нет.",1,0,102780.0,0.0,1,0,0.0002873407072104985,0.0,3,False,False,1.0,3,0.0,0.0,False
100000001819396100,peripheral,0.8099354695149088,24,0.49888740542946153,"Периферийный профиль: in/out degree 1/0, оборот 166.1 тыс. KZT; выраженной структурной роли нет.",1,0,166080.0,0.0,1,0,0.00032531471833758147,0.0,3,False,False,1.0,1,0.0,0.0,False
100000008472324100,peripheral,0.8099354695149088,5,0.6003560302625723,"Периферийный профиль: in/out degree 1/0, оборот 205.2 тыс. KZT; выраженной структурной роли нет.",1,0,205200.0,0.0,1,0,0.0002906325585442101,0.0,3,False,False,1.0,3,0.0,0.0,False
100000002646745100,peripheral,0.8099354695149088,7,0.09635068980863373,"Периферийный профиль: in/out degree 1/0, оборот 12.3 тыс. KZT; выраженной структурной роли нет.",1,0,12300.0,0.0,1,0,0.000285942974939158,0.0,3,False,False,1.0,1,0.0,0.0,False
100000008405209100,peripheral,0.8099354695149088,17,0.29506008010680906,"Периферийный профиль: in/out degree 1/0, оборот 54.4 тыс. KZT; выраженной структурной роли нет.",1,0,54400.0,0.0,1,0,0.00029253731780923194,0.0,3,False,False,1.0,1,0.0,0.0,False
100000004417753100,terminal,0.8531665331553182,3,0.6622162883845126,"Получатель-кандидат: 2 плательщ., 2 tx, 192.1 тыс. KZT; исходящих рёбер 0.",2,0,192099.0,0.0,2,0,0.0003908733383734028,0.0,3,False,False,1.0,1,0.0,0.0,False
100000003457710100,coordinator,0.7643213173119716,5,0.9924343569203382,"Связующий профиль: seed-ветвей 3, соседних кластеров 0; in/out degree 1/1, bridge pctl 85%.",1,1,326555.0,1306000.0,1,2,0.00029453299418766423,3.999326300316945,3,False,False,1.0,3,1.3401751757863106e-05,1.0,False
100000007333038100,coordinator,0.5267378727191812,9,0.6720071206052515,"Связующий профиль: seed-ветвей 1, соседних кластеров 0; in/out degree 1/2, bridge pctl 39%.",1,2,17500.0,34994.0,1,2,0.00029806414546657396,1.9996571428571428,3,False,False,1.0,1,0.0,0.0,False
100000006444163100,peripheral,0.8099354695149088,0,0.2336448598130841,"Периферийный профиль: in/out degree 1/0, оборот 6.0 тыс. KZT; выраженной структурной роли нет.",1,0,6026.0,0.0,1,0,0.00031842700223167847,0.0,3,False,False,1.0,1,0.0,0.0,False
100000008706947100,peripheral,0.8099354695149088,7,0.09635068980863373,"Периферийный профиль: in/out degree 1/0, оборот 17.2 тыс. KZT; выраженной структурной роли нет.",1,0,17200.0,0.0,1,0,0.00028670215214361987,0.0,3,False,False,1.0,1,0.0,0.0,False
100000008761219100,coordinator,0.8033533600356031,2,0.8718291054739653,"Связующий профиль: seed-ветвей 2, соседних кластеров 0; in/out degree 2/2, bridge pctl 90%.",2,2,50000.0,375000.0,2,2,0.0002912601270145793,7.5,3,False,False,1.0,2,2.9929751657267235e-05,0.1,False
100000005022552100,peripheral,0.38199821984868715,1,0.4499332443257677,"Периферийный профиль: in/out degree 1/1, оборот 246.0 тыс. KZT; выраженной структурной роли нет.",1,1,241000.0,5000.0,3,1,0.0003557459887750351,0.02074688796680498,3,False,False,1.0,1,0.0,0.0,False
100000008735832100,peripheral,0.8099354695149088,7,0.09635068980863373,"Периферийный профиль: in/out degree 1/0, оборот 17.6 тыс. KZT; выраженной структурной роли нет.",1,0,17600.0,0.0,1,0,0.0002867641257929637,0.0,3,False,False,1.0,1,0.0,0.0,False
100000005661528100,peripheral,0.8099354695149088,11,0.09635068980863373,"Периферийный профиль: in/out degree 1/0, оборот 25.0 тыс. KZT; выраженной структурной роли нет.",1,0,25000.0,0.0,1,0,0.000289516862860343,0.0,3,False,False,1.0,1,0.0,0.0,False
100000002529880100,terminal,0.8432293724966623,2,0.6016911437472185,"Получатель-кандидат: 2 плательщ., 2 tx, 147.0 тыс. KZT; исходящих рёбер 0.",2,0,147000.0,0.0,2,0,0.00030461053761829675,0.0,3,False,False,1.0,1,0.0,0.0,False
100000001969496100,peripheral,0.8099354695149088,9,0.09635068980863373,"Периферийный профиль: in/out degree 1/0, оборот 22.7 тыс. KZT; выраженной структурной роли нет.",1,0,22740.0,0.0,1,0,0.00029044278670667644,0.0,3,False,False,1.0,1,0.0,0.0,False
100000003215448100,coordinator,0.6685336003560302,3,0.8135291499777481,"Связующий профиль: seed-ветвей 1, соседних кластеров 0; in/out degree 1/2, bridge pctl 89%.",1,2,91309.0,124000.0,1,4,0.00030246854057599024,1.3580260434349298,3,False,False,1.0,1,2.6714158504007122e-05,0.0,False
100000006894637100,peripheral,0.8099354695149088,3,0.2883845126835781,"Периферийный профиль: in/out degree 1/0, оборот 52.8 тыс. KZT; выраженной структурной роли нет.",1,0,52831.0,0.0,1,0,0.000288686814863072,0.0,3,False,False,1.0,1,0.0,0.0,False
100000002936322100,terminal,0.9157539830885626,11,0.7347574543836226,"Получатель-кандидат: 2 плательщ., 2 tx, 787.1 тыс. KZT; исходящих рёбер 0.",2,0,787133.0,0.0,2,0,0.00036425026672680974,0.0,3,False,False,1.0,2,0.0,0.0,False
100000005061890100,peripheral,0.8099354695149088,0,0.5327102803738317,"Периферийный профиль: in/out degree 1/0, оборот 90.0 тыс. KZT; выраженной структурной роли нет.",1,0,90000.0,0.0,1,0,0.0005314583975719338,0.0,3,False,False,1.0,1,0.0,0.0,False
100000004017410100,distributor,0.8279108439663037,18,0.9167779261237206,"Признаки распределения: 5 получ., 11 tx, 1.33 млн KZT; вход: 2 плательщ., 193.7 тыс. KZT.",2,5,193650.0,1330915.0,6,11,0.001122906556600369,6.872785954040795,3,False,False,1.0,1,2.6714158504007122e-05,0.22024270591272915,True
100000002983426100,peripheral,0.8099354695149088,12,0.4174454828660436,"Периферийный профиль: in/out degree 1/0, оборот 88.9 тыс. KZT; выраженной структурной роли нет.",1,0,88945.0,0.0,1,0,0.00031694631306617674,0.0,3,False,False,1.0,1,0.0,0.0,False
100000005530114100,peripheral,0.4404984423676013,17,0.49265687583444595,"Периферийный профиль: in/out degree 2/1, оборот 162.0 тыс. KZT; выраженной структурной роли нет.",2,1,136970.0,25000.0,2,1,0.0004919601716410632,0.1825217200846901,3,False,False,1.0,1,7.420599584446423e-06,0.0,False
100000001169666100,coordinator,0.6638584779706275,12,0.7819314641744548,"Связующий профиль: seed-ветвей 1, соседних кластеров 0; in/out degree 1/1, bridge pctl 86%.",1,1,220000.0,24000.0,2,1,0.0003177810386325459,0.10909090909090909,3,False,False,1.0,1,1.4841199168892845e-05,0.0,False
100000001784279100,peripheral,0.8099354695149088,3,0.19715175789942144,"Периферийный профиль: in/out degree 1/0, оборот 35.7 тыс. KZT; выраженной структурной роли нет.",1,0,35674.0,0.0,1,0,0.0002871768684290712,0.0,3,False,False,1.0,1,0.0,0.0,False
100000008744364100,peripheral,0.8099354695149088,7,0.09635068980863373,"Периферийный профиль: in/out degree 1/0, оборот 23.7 тыс. KZT; выраженной структурной роли нет.",1,0,23700.0,0.0,1,0,0.00028770922394545705,0.0,3,False,False,1.0,1,0.0,0.0,False
100000008714412100,peripheral,0.8099354695149088,12,0.4672897196261682,"Периферийный профиль: in/out degree 1/0, оборот 169.0 тыс. KZT; выраженной структурной роли нет.",1,0,169000.0,0.0,1,0,0.00030995862306915393,0.0,3,False,False,1.0,1,0.0,0.0,False
100000007754369100,peripheral,0.8099354695149088,3,0.3471295060080107,"Периферийный профиль: in/out degree 1/0, оборот 82.4 тыс. KZT; выраженной структурной роли нет.",1,0,82424.0,0.0,1,0,0.00029129122384024663,0.0,3,False,False,1.0,1,0.0,0.0,False
100000003122817100,peripheral,0.8099354695149088,24,0.566533155318202,"Периферийный профиль: in/out degree 1/0, оборот 444.7 тыс. KZT; выраженной структурной роли нет.",1,0,444680.0,0.0,1,0,0.0003945578112208116,0.0,3,False,False,1.0,1,0.0,0.0,False
100000003711830100,peripheral,0.8099354695149088,3,0.25500667556742324,"Периферийный профиль: in/out degree 1/0, оборот 50.0 тыс. KZT; выраженной структурной роли нет.",1,0,50000.0,0.0,1,0,0.00029413007747350545,0.0,3,False,False,1.0,1,0.0,0.0,False
100000001110358100,terminal,0.7775385847797063,3,0.6773475745438362,"Получатель-кандидат: 2 плательщ., 2 tx, 32.0 тыс. KZT; исходящих рёбер 0.",2,0,32000.0,0.0,2,0,0.00029139440401357584,0.0,3,False,False,1.0,2,0.0,0.0,False
100000006530134100,terminal,0.8692340008900756,5,0.7107254116599911,"Получатель-кандидат: 2 плательщ., 2 tx, 144.7 тыс. KZT; исходящих рёбер 0.",2,0,144663.0,0.0,2,0,0.0002974527303895989,0.0,3,False,False,1.0,3,0.0,0.0,False
100000001639766100,peripheral,0.8099354695149088,14,0.4512683578104139,"Периферийный профиль: in/out degree 1/0, оборот 20.0 тыс. KZT; выраженной структурной роли нет.",1,0,20000.0,0.0,1,0,0.0006471818229272816,0.0,3,False,False,1.0,1,0.0,0.0,False
100000003242795100,peripheral,0.8099354695149088,5,0.5692033822874945,"Периферийный профиль: in/out degree 1/0, оборот 111.0 тыс. KZT; выраженной структурной роли нет.",1,0,111000.0,0.0,1,0,0.00028760490383189193,0.0,3,False,False,1.0,3,0.0,0.0,False
100000004970752100,peripheral,0.8099354695149088,10,0.4574988874054295,"Периферийный профиль: in/out degree 1/0, оборот 10.0 тыс. KZT; выраженной структурной роли нет.",1,0,10000.0,0.0,1,0,0.0007380151979007314,0.0,3,False,False,1.0,1,0.0,0.0,False
100000004564736100,terminal,0.7151732977303071,19,0.632398753894081,"Получатель-кандидат: 1 плательщ., 2 tx, 15.0 тыс. KZT; исходящих рёбер 0.",1,0,15000.0,0.0,2,0,0.0003747872748770106,0.0,3,False,False,1.0,1,0.0,0.0,False
100000005873152100,coordinator,0.5888406764574989,6,0.8429016466399644,"Связующий профиль: seed-ветвей 2, соседних кластеров 0; in/out degree 1/1, bridge pctl 39%.",1,1,10000.0,10000.0,1,1,0.00046387462824452853,1.0,3,False,False,1.0,2,0.0,0.0,True
100000001637376100,coordinator,0.7355429461504228,5,0.9732977303070761,"Связующий профиль: seed-ветвей 3, соседних кластеров 0; in/out degree 1/1, bridge pctl 82%.",1,1,116700.0,234250.0,1,2,0.00028778810586862455,2.0072836332476434,3,False,False,1.0,3,1.3357079252003561e-05,0.9940017137960583,False
100000006710485100,peripheral,0.8099354695149088,7,0.09635068980863373,"Периферийный профиль: in/out degree 1/0, оборот 20.0 тыс. KZT; выраженной структурной роли нет.",1,0,20000.0,0.0,1,0,0.00028713596768902667,0.0,3,False,False,1.0,1,0.0,0.0,False
100000003582677100,distributor,0.8188139046506453,0,0.8914107699154428,"Признаки распределения: 4 получ., 5 tx, 56.0 тыс. KZT; вход: 2 плательщ., 29.8 тыс. KZT.",2,4,29756.989999999998,56000.0,2,5,0.00029170159698665575,1.881910771217116,3,False,False,1.0,1,6.318297408894547e-05,0.0,True
100000008713685100,peripheral,0.8099354695149088,7,0.24744103248776145,"Периферийный профиль: in/out degree 1/0, оборот 49.7 тыс. KZT; выраженной структурной роли нет.",1,0,49700.0,0.0,1,0,0.00029173751115280566,0.0,3,False,False,1.0,1,0.0,0.0,False
100000008070101100,peripheral,0.8099354695149088,2,0.3724966622162884,"Периферийный профиль: in/out degree 1/0, оборот 100.0 тыс. KZT; выраженной структурной роли нет.",1,0,100000.0,0.0,1,0,0.00029104742202936833,0.0,3,False,False,1.0,1,0.0,0.0,False
100000004475818100,distributor,0.8027198524312187,14,0.9043168669336894,"Признаки распределения: 3 получ., 3 tx, 54.0 тыс. KZT; вход: 1 плательщ., 13.0 тыс. KZT.",1,3,13000.0,53989.0,1,3,0.0003081068802162227,4.153,3,False,False,1.0,1,4.610194725956079e-05,0.905,True
100000007197866100,transit,0.6431352914997774,3,0.7596795727636849,"Признаки транзита: вход 20.0 тыс., выход 15.0 тыс. KZT; совпадение в тот же день 75%, двусторонних дней 1.",1,1,20000.0,15000.0,1,1,0.00028807440212250346,0.75,3,False,False,1.0,1,1.3357079252003561e-05,0.75,False
100000006965162100,peripheral,0.8099354695149088,18,0.18580329327992878,"Периферийный профиль: in/out degree 1/0, оборот 10.0 тыс. KZT; выраженной структурной роли нет.",1,0,10000.0,0.0,1,0,0.0003075295097619844,0.0,3,False,False,1.0,1,0.0,0.0,False
100000005995391100,peripheral,0.8099354695149088,7,0.09635068980863373,"Периферийный профиль: in/out degree 1/0, оборот 17.2 тыс. KZT; выраженной структурной роли нет.",1,0,17200.0,0.0,1,0,0.00028670215214361987,0.0,3,False,False,1.0,1,0.0,0.0,False
100000003834495100,consolidator,0.8390676457498887,3,0.8464619492656876,"Признаки сбора: 3 плательщ., 5 tx, 602.4 тыс. KZT; выход: 1 получ., 20.0 тыс. KZT; seed-ветвей 2.",3,1,602441.0,20000.0,5,1,0.0006169955167190818,0.0331982716979754,3,False,False,1.0,2,0.0,0.0331982716979754,False
100000001223977100,coordinator,0.6552269692923899,6,0.7650200267022697,"Связующий профиль: seed-ветвей 1, соседних кластеров 0; in/out degree 1/1, bridge pctl 87%.",1,1,5000.0,18000.0,1,1,0.0003038638942538021,3.6,3,False,False,1.0,1,1.7809439002671416e-05,0.0,False
100000001046057100,peripheral,0.8099354695149088,28,0.41255006675567424,"Периферийный профиль: in/out degree 1/0, оборот 83.4 тыс. KZT; выраженной структурной роли нет.",1,0,83420.0,0.0,1,0,0.00031675994142397985,0.0,3,False,False,1.0,1,0.0,0.0,False
100000002989353100,transit,0.5551536847352024,13,0.7071651090342679,"Признаки транзита: вход 500.0 тыс., выход 321.2 тыс. KZT; совпадение в тот же день 60%, двусторонних дней 1.",1,2,500000.0,321160.0,2,2,0.0003076827063265133,0.64232,3,False,False,1.0,1,0.0,0.6,False
100000006714366100,coordinator,0.7137538940809969,0,0.8433466844681798,"Связующий профиль: seed-ветвей 2, соседних кластеров 0; in/out degree 1/1, bridge pctl 82%.",1,1,10500.0,5000.0,1,1,0.0002878951913278763,0.47619047619047616,3,False,False,1.0,2,1.3357079252003561e-05,0.47619047619047616,False
100000001063678100,coordinator,0.687805963506898,19,0.8055184690698709,"Связующий профиль: seed-ветвей 1, соседних кластеров 0; in/out degree 1/2, bridge pctl 90%.",1,2,35000.0,90000.0,1,2,0.0003264695247033252,2.5714285714285716,3,False,False,1.0,1,2.680350351572621e-05,0.0,False
100000004889043100,terminal,0.9225623497997331,10,0.741878059635069,"Получатель-кандидат: 2 плательщ., 4 tx, 272.0 тыс. KZT; исходящих рёбер 0.",2,0,272000.0,0.0,4,0,0.00029687077045493967,0.0,3,False,False,1.0,3,0.0,0.0,False
100000002984403100,coordinator,0.664018691588785,23,0.7694704049844237,"Связующий профиль: seed-ветвей 1, соседних кластеров 0; in/out degree 1/1, bridge pctl 86%.",1,1,20000.0,25000.0,1,1,0.0003183039286829032,1.25,3,False,False,1.0,1,1.4841199168892845e-05,0.0,False
100000003951827100,coordinator,0.7111726746773476,3,0.7961726746773475,"Связующий профиль: seed-ветвей 2, соседних кластеров 2; in/out degree 1/2, bridge pctl 78%.",1,2,9000.0,17000.0,1,2,0.00028454062667369065,1.8888888888888888,3,False,False,1.0,2,1.1489615229597418e-06,0.0,False
100000000933075100,transit,0.7407492818707772,22,0.8664886515353805,"Признаки транзита: вход 40.0 тыс., выход 55.0 тыс. KZT; совпадение в тот же день 100%, двусторонних дней 1.",1,2,40000.0,55000.0,1,2,0.0008019146678557139,1.375,3,False,False,1.0,1,1.3357079252003561e-05,1.0,True
100000008502995100,terminal,0.7431820204717401,15,0.6831330663106364,"Получатель-кандидат: 1 плательщ., 2 tx, 25.0 тыс. KZT; исходящих рёбер 0.",1,0,25000.0,0.0,2,0,0.0007212404437981786,0.0,3,False,False,1.0,1,0.0,0.0,False
100000008086440100,distributor,0.8897401018059135,3,0.8936359590565198,"Признаки распределения: 5 получ., 6 tx, 161.3 тыс. KZT; вход: 1 плательщ., 199.7 тыс. KZT.",1,5,199733.0,161300.0,1,6,0.00033571484172447585,0.8075781167859092,3,False,False,1.0,2,2.000188887989422e-05,0.0,True
100000008465789100,distributor,0.9154719322923601,2,0.9875389408099688,"Признаки распределения: 16 получ., 17 tx, 1.86 млн KZT; вход: 1 плательщ., 30.1 тыс. KZT.",1,16,30099.0,1858100.0,1,17,0.00028832753188354855,61.732947938469714,3,False,False,1.0,1,0.00041949945111120535,1.0,True
100000002550141100,peripheral,0.8099354695149088,11,0.4045393858477971,"Периферийный профиль: in/out degree 1/0, оборот 100.6 тыс. KZT; выраженной структурной роли нет.",1,0,100586.0,0.0,1,0,0.0003060840370757123,0.0,3,False,False,1.0,1,0.0,0.0,False
100000008739887100,coordinator,0.8390876724521584,3,0.8834000890075656,"Связующий профиль: seed-ветвей 2, соседних кластеров 0; in/out degree 2/2, bridge pctl 89%.",2,2,214000.0,307000.0,3,2,0.00033138648233816916,1.4345794392523366,3,False,False,1.0,2,2.6714158504007122e-05,0.26635514018691586,False
100000008532050100,peripheral,0.8099354695149088,5,0.6288384512683578,"Периферийный профиль: in/out degree 1/0, оборот 455.2 тыс. KZT; выраженной структурной роли нет.",1,0,455156.0,0.0,1,0,0.00029866632140272616,0.0,3,False,False,1.0,3,0.0,0.0,False
100000008422226100,peripheral,0.8099354695149088,10,0.5420560747663551,"Периферийный профиль: in/out degree 1/0, оборот 87.5 тыс. KZT; выраженной структурной роли нет.",1,0,87450.0,0.0,1,0,0.00028892808632902887,0.0,3,False,False,1.0,2,0.0,0.0,False
100000002369874100,terminal,0.9202527814864264,2,0.7316421895861148,"Получатель-кандидат: 4 плательщ., 4 tx, 600.0 тыс. KZT; исходящих рёбер 0.",4,0,600000.0,0.0,4,0,0.0003355310765997005,0.0,3,False,False,1.0,2,0.0,0.0,False
100000003321895100,coordinator,0.6771250556297285,1,0.8366711170449488,"Связующий профиль: seed-ветвей 1, соседних кластеров 0; in/out degree 1/2, bridge pctl 90%.",1,2,24000.0,553830.0,1,3,0.00030953658740402544,23.07625,3,False,False,1.0,1,2.680350351572621e-05,0.0,False
100000001875239100,terminal,0.9117388518024032,2,0.7565643079661771,"Получатель-кандидат: 3 плательщ., 3 tx, 712.0 тыс. KZT; исходящих рёбер 0.",3,0,712000.0,0.0,3,0,0.0003321902908389742,0.0,3,False,False,1.0,3,0.0,0.0,False
100000002216999100,peripheral,0.8099354695149088,7,0.09635068980863373,"Периферийный профиль: in/out degree 1/0, оборот 23.7 тыс. KZT; выраженной структурной роли нет.",1,0,23677.0,0.0,1,0,0.00028770566046061976,0.0,3,False,False,1.0,1,0.0,0.0,False
100000002653948100,peripheral,0.8099354695149088,5,0.557632398753894,"Периферийный профиль: in/out degree 1/0, оборот 85.2 тыс. KZT; выраженной структурной роли нет.",1,0,85200.0,0.0,1,0,0.00028677567356036527,0.0,3,False,False,1.0,3,0.0,0.0,False
100000008632060100,distributor,0.8841947902784608,0,0.9172229639519359,"Признаки распределения: 9 получ., 12 tx, 339.2 тыс. KZT; вход: 1 плательщ., 6.0 тыс. KZT.",1,9,6000.0,339200.0,1,12,0.0002864755823756805,56.53333333333333,3,False,False,1.0,1,5.593942337921718e-05,0.0,True
100000008746449100,distributor,0.8915979874869577,2,0.8535825545171339,"Признаки распределения: 10 получ., 10 tx, 1.01 млн KZT; вход: 1 плательщ., 10.0 тыс. KZT.",1,10,10000.0,1009000.0,1,10,0.00028546266369345013,100.9,3,False,False,1.0,1,0.00010423584700560193,0.0,False
100000003031761100,peripheral,0.8099354695149088,11,0.5380507343124166,"Периферийный профиль: in/out degree 1/0, оборот 460.4 тыс. KZT; выраженной структурной роли нет.",1,0,460408.0,0.0,1,0,0.0003165993595489657,0.0,3,False,False,1.0,1,0.0,0.0,False
100000008388049100,peripheral,0.8099354695149088,13,0.5233644859813084,"Периферийный профиль: in/out degree 1/0, оборот 496.4 тыс. KZT; выраженной структурной роли нет.",1,0,496400.0,0.0,1,0,0.00030751245929455965,0.0,3,False,False,1.0,1,0.0,0.0,False
100000002677201100,coordinator,0.6444993324432576,2,0.7774810858923008,"Связующий профиль: seed-ветвей 1, соседних кластеров 0; in/out degree 1/1, bridge pctl 82%.",1,1,150000.0,87750.0,1,1,0.0003073879295448697,0.585,3,False,False,1.0,1,1.3357079252003561e-05,0.0,False
100000002901457100,coordinator,0.9046461949265686,3,0.8682688028482421,"Связующий профиль: seed-ветвей 2, соседних кластеров 1; in/out degree 1/3, bridge pctl 93%.",1,3,340000.0,119000.0,1,3,0.0003720065702718659,0.35,3,False,False,1.0,2,5.3428317008014244e-05,0.0,False
100000001160401100,terminal,0.7743125945705385,0,0.5905651980418336,"Получатель-кандидат: 1 плательщ., 2 tx, 47.2 тыс. KZT; исходящих рёбер 0.",1,0,47190.0,0.0,2,0,0.00030321449233682707,0.0,3,False,False,1.0,1,0.0,0.0,False
100000002842321100,peripheral,0.8099354695149088,5,0.5892300845571874,"Периферийный профиль: in/out degree 1/0, оборот 160.0 тыс. KZT; выраженной структурной роли нет.",1,0,160000.0,0.0,1,0,0.0002891797985336286,0.0,3,False,False,1.0,3,0.0,0.0,False
100000002547110100,terminal,0.9674392523364487,2,0.7512238540275924,"Получатель-кандидат: 6 плательщ., 10 tx, 1.50 млн KZT; исходящих рёбер 0.",6,0,1500000.0,0.0,10,0,0.0005487451832894144,0.0,3,False,False,1.0,2,0.0,0.0,False
100000001600934100,peripheral,0.4404984423676013,3,0.6145972407654651,"Периферийный профиль: in/out degree 1/1, оборот 191.3 тыс. KZT; выраженной структурной роли нет.",1,1,180300.0,11000.0,2,1,0.002510221236487729,0.06100942872989462,3,False,False,1.0,1,0.0,0.0,True
100000002818726100,peripheral,0.8099354695149088,0,0.43079661771250555,"Периферийный профиль: in/out degree 1/0, оборот 10.9 тыс. KZT; выраженной структурной роли нет.",1,0,10879.0,0.0,1,0,0.00028803444336732294,0.0,3,False,False,1.0,2,0.0,0.0,False
100000008712827100,peripheral,0.8099354695149088,7,0.3311081441922563,"Периферийный профиль: in/out degree 1/0, оборот 76.0 тыс. KZT; выраженной структурной роли нет.",1,0,76000.0,0.0,1,0,0.00029581227859716216,0.0,3,False,False,1.0,1,0.0,0.0,False
100000008259451100,peripheral,0.8099354695149088,9,0.2968402314196707,"Периферийный профиль: in/out degree 1/0, оборот 55.0 тыс. KZT; выраженной структурной роли нет.",1,0,55000.0,0.0,1,0,0.0002995299229380296,0.0,3,False,False,1.0,1,0.0,0.0,False
100000003060517100,peripheral,0.8099354695149088,5,0.5505117935024477,"Периферийный профиль: in/out degree 1/0, оборот 316.0 тыс. KZT; выраженной структурной роли нет.",1,0,315955.0,0.0,1,0,0.0003598222296036656,0.0,3,False,False,1.0,1,0.0,0.0,False
100000002621434100,peripheral,0.8099354695149088,2,0.3440142412105029,"Периферийный профиль: in/out degree 1/0, оборот 81.0 тыс. KZT; выраженной структурной роли нет.",1,0,81000.0,0.0,1,0,0.00028818226168357287,0.0,3,False,False,1.0,1,0.0,0.0,False
100000001860090100,peripheral,0.8099354695149088,14,0.32977303070761016,"Периферийный профиль: in/out degree 1/0, оборот 5.0 тыс. KZT; выраженной структурной роли нет.",1,0,5000.0,0.0,1,0,0.0003756255666727836,0.0,3,False,False,1.0,1,0.0,0.0,False
100000004689658100,coordinator,0.6709345794392523,11,0.803293279928794,"Связующий профиль: seed-ветвей 1, соседних кластеров 0; in/out degree 1/1, bridge pctl 82%.",1,1,456100.0,7092.0,1,1,0.00038400669965876766,0.015549221661916246,3,False,False,1.0,1,1.3357079252003561e-05,0.0,False
100000003486970100,peripheral,0.8099354695149088,5,0.5852247441032488,"Периферийный профиль: in/out degree 1/0, оборот 150.0 тыс. KZT; выраженной структурной роли нет.",1,0,150000.0,0.0,1,0,0.00028885839145164147,0.0,3,False,False,1.0,3,0.0,0.0,False
100000004659919100,coordinator,0.712690253671562,6,0.7983978638184246,"Связующий профиль: seed-ветвей 1, соседних кластеров 0; in/out degree 1/1, bridge pctl 87%.",1,1,110000.0,39000.0,2,1,0.0007202226839251023,0.35454545454545455,3,False,False,1.0,1,1.7809439002671416e-05,0.0,False
100000006111439100,coordinator,0.8718491321762349,0,0.9238985313751669,"Связующий профиль: seed-ветвей 2, соседних кластеров 2; in/out degree 3/4, bridge pctl 87%.",3,4,20570.0,24000.0,3,4,0.0003633712139419946,1.166747690811862,3,False,False,1.0,2,1.5511194718674684e-05,0.0,True
100000002521039100,peripheral,0.8099354695149088,10,0.5990209167779261,"Периферийный профиль: in/out degree 1/0, оборот 349.4 тыс. KZT; выраженной структурной роли нет.",1,0,349370.0,0.0,1,0,0.00030357644111457614,0.0,3,False,False,1.0,2,0.0,0.0,False
100000008493007100,coordinator,0.5982910547396528,7,0.7392078326657766,"Связующий профиль: seed-ветвей 1, соседних кластеров 0; in/out degree 1/1, bridge pctl 79%.",1,1,26150.0,26150.0,1,1,0.00028808881254768797,1.0,3,False,False,1.0,1,2.968239833778569e-06,0.0,False
100000007793871100,terminal,0.7695916332888295,8,0.7076101468624834,"Получатель-кандидат: 1 плательщ., 3 tx, 26.0 тыс. KZT; исходящих рёбер 0.",1,0,26000.0,0.0,3,0,0.0006827768827156716,0.0,3,False,False,1.0,1,0.0,0.0,False
100000001650895100,coordinator,0.6551535380507343,12,0.7610146862483311,"Связующий профиль: seed-ветвей 1, соседних кластеров 0; in/out degree 1/1, bridge pctl 86%.",1,1,153500.0,10000.0,1,1,0.000307581222260672,0.06514657980456026,3,False,False,1.0,1,1.4841199168892845e-05,0.0,False
100000002567887100,peripheral,0.8099354695149088,5,0.5358255451713395,"Периферийный профиль: in/out degree 1/0, оборот 50.9 тыс. KZT; выраженной структурной роли нет.",1,0,50915.0,0.0,1,0,0.0002856737293797726,0.0,3,False,False,1.0,3,0.0,0.0,False
100000008055972100,peripheral,0.8099354695149088,7,0.16510903426791276,"Периферийный профиль: in/out degree 1/0, оборот 28.3 тыс. KZT; выраженной структурной роли нет.",1,0,28300.0,0.0,1,0,0.00028842192091291106,0.0,3,False,False,1.0,1,0.0,0.0,False
100000008684452100,peripheral,0.8099354695149088,7,0.2866043613707165,"Периферийный профиль: in/out degree 1/0, оборот 51.8 тыс. KZT; выраженной структурной роли нет.",1,0,51800.0,0.0,1,0,0.00029206287281186076,0.0,3,False,False,1.0,1,0.0,0.0,False
100000000764836100,coordinator,0.688239875389408,3,0.8153093012906097,"Связующий профиль: seed-ветвей 1, соседних кластеров 0; in/out degree 1/2, bridge pctl 89%.",1,2,251716.0,50000.0,1,2,0.000334847631110263,0.1986365586613485,3,False,False,1.0,1,2.6714158504007122e-05,0.09931827933067425,False
100000003072676100,peripheral,0.8099354695149088,5,0.18202047174009792,"Периферийный профиль: in/out degree 1/0, оборот 31.5 тыс. KZT; выраженной структурной роли нет.",1,0,31545.0,0.0,1,0,0.00029160366673352167,0.0,3,False,False,1.0,1,0.0,0.0,False
100000008757369100,transit,0.6922797150390252,3,0.8384512683578104,"Признаки транзита: вход 26.0 тыс., выход 58.4 тыс. KZT; совпадение в тот же день 100%, двусторонних дней 1.",1,1,25961.0,58398.0,1,3,0.0002863220505871729,2.249451099726513,3,False,False,1.0,1,1.3357079252003561e-05,0.9999614806825623,False
100000007618425100,peripheral,0.8099354695149088,5,0.2091677792612372,"Периферийный профиль: in/out degree 1/0, оборот 39.3 тыс. KZT; выраженной структурной роли нет.",1,0,39348.0,0.0,1,0,0.0002934752937722184,0.0,3,False,False,1.0,1,0.0,0.0,False
100000004671609100,peripheral,0.8099354695149088,2,0.3724966622162884,"Периферийный профиль: in/out degree 1/0, оборот 100.0 тыс. KZT; выраженной структурной роли нет.",1,0,100000.0,0.0,1,0,0.0002986109013868835,0.0,3,False,False,1.0,1,0.0,0.0,False
100000004676985100,coordinator,0.7030729862038273,10,0.7797062750333779,"Связующий профиль: seed-ветвей 2, соседних кластеров 0; in/out degree 1/1, bridge pctl 82%.",1,1,32260.0,27102.0,1,1,0.00028584148469259655,0.8401115933044018,3,False,False,1.0,2,1.3357079252003561e-05,0.0,False
100000002531406100,coordinator,0.6438851802403205,11,0.7935024477080552,"Связующий профиль: seed-ветвей 1, соседних кластеров 0; in/out degree 1/1, bridge pctl 78%.",1,1,520000.0,500000.0,1,1,0.00032081396731708085,0.9615384615384616,3,False,False,1.0,1,1.4841199168892846e-06,0.0,False
100000002877262100,peripheral,0.8099354695149088,2,0.3724966622162884,"Периферийный профиль: in/out degree 1/0, оборот 100.0 тыс. KZT; выраженной структурной роли нет.",1,0,100000.0,0.0,1,0,0.00029829106993798266,0.0,3,False,False,1.0,1,0.0,0.0,False
100000007591246100,peripheral,0.440865598575879,1,0.5171339563862928,"Периферийный профиль: in/out degree 1/1, оборот 132.2 тыс. KZT; выраженной структурной роли нет.",1,1,12190.0,120000.0,1,1,0.0002962716692438958,9.844134536505333,3,False,False,1.0,1,4.947066389630948e-07,0.0,False
100000008712184100,peripheral,0.8099354695149088,7,0.09635068980863373,"Периферийный профиль: in/out degree 1/0, оборот 18.0 тыс. KZT; выраженной структурной роли нет.",1,0,18000.0,0.0,1,0,0.00028682609944230753,0.0,3,False,False,1.0,1,0.0,0.0,False
100000002975437100,peripheral,0.4404984423676013,27,0.6101468624833111,"Периферийный профиль: in/out degree 1/1, оборот 538.5 тыс. KZT; выраженной структурной роли нет.",1,1,530000.0,8500.0,2,1,0.0005173396584244643,0.016037735849056604,3,False,False,1.0,1,0.0,0.0,True
100000005008589100,peripheral,0.8099354695149088,0,0.23097463284379172,"Периферийный профиль: in/out degree 1/0, оборот 42.8 тыс. KZT; выраженной структурной роли нет.",1,0,42806.68,0.0,1,0,0.0003014331862234284,0.0,3,False,False,1.0,1,0.0,0.0,False
100000000782285100,peripheral,0.8099354695149088,0,0.2372051624388073,"Периферийный профиль: in/out degree 1/0, оборот 6.2 тыс. KZT; выраженной структурной роли нет.",1,0,6151.0,0.0,1,0,0.0003191403634374917,0.0,3,False,False,1.0,1,0.0,0.0,False
100000005198498100,peripheral,0.8099354695149088,7,0.16688918558077437,"Периферийный профиль: in/out degree 1/0, оборот 28.8 тыс. KZT; выраженной структурной роли нет.",1,0,28800.0,0.0,1,0,0.0002884993879745908,0.0,3,False,False,1.0,1,0.0,0.0,False
100000008517538100,distributor,0.9598536908693117,2,0.9003115264797508,"Признаки распределения: 17 получ., 18 tx, 1.44 млн KZT; вход: 3 плательщ., 155.5 тыс. KZT.",3,17,155500.0,1439000.0,6,18,0.00030539615940342594,9.254019292604502,3,False,False,1.0,2,0.000123890147959279,0.31511254019292606,False
100000005756535100,peripheral,0.8099354695149088,4,0.4152202937249666,"Периферийный профиль: in/out degree 1/0, оборот 20.0 тыс. KZT; выраженной структурной роли нет.",1,0,20000.0,0.0,1,0,0.0005383620257907553,0.0,3,False,False,1.0,1,0.0,0.0,False
100000004917367100,terminal,0.8629902981753449,5,0.7089452603471295,"Получатель-кандидат: 2 плательщ., 2 tx, 120.0 тыс. KZT; исходящих рёбер 0.",2,0,120000.0,0.0,2,0,0.00029242601986817854,0.0,3,False,False,1.0,3,0.0,0.0,False
100000001222263100,coordinator,0.7745816644414776,5,0.9198931909212283,"Связующий профиль: seed-ветвей 3, соседних кластеров 0; in/out degree 1/1, bridge pctl 82%.",1,1,745570.0,420000.0,1,5,0.0003080004330335455,0.5633273870998028,3,False,False,1.0,3,1.3357079252003561e-05,0.40237670507128775,False
100000001149815100,peripheral,0.8099354695149088,7,0.09635068980863373,"Периферийный профиль: in/out degree 1/0, оборот 12.0 тыс. KZT; выраженной структурной роли нет.",1,0,12000.0,0.0,1,0,0.0002858964947021502,0.0,3,False,False,1.0,1,0.0,0.0,False
100000006020215100,coordinator,0.8561659991099243,0,0.8393413440142412,"Связующий профиль: seed-ветвей 2, соседних кластеров 1; in/out degree 1/2, bridge pctl 92%.",1,2,30000.0,33800.0,1,2,0.00029505987409623807,1.1266666666666667,3,False,False,1.0,2,4.007123775601068e-05,0.0,False
100000000673868100,distributor,0.8623481080831777,13,0.9336893635959056,"Признаки распределения: 5 получ., 19 tx, 383.0 тыс. KZT; вход: 1 плательщ., 2.03 млн KZT.",1,5,2030650.0,383000.0,5,19,0.0011624908920033449,0.18860955851574618,3,False,False,1.0,1,2.6714158504007122e-05,0.0578632457587472,True
100000008749900100,peripheral,0.8099354695149088,7,0.09635068980863373,"Периферийный профиль: in/out degree 1/0, оборот 17.1 тыс. KZT; выраженной структурной роли нет.",1,0,17150.0,0.0,1,0,0.00028669440543745194,0.0,3,False,False,1.0,1,0.0,0.0,False
100000002862113100,terminal,0.7746203827325323,9,0.5807743658210948,"Получатель-кандидат: 1 плательщ., 2 tx, 47.4 тыс. KZT; исходящих рёбер 0.",1,0,47405.0,0.0,2,0,0.00029739053051158423,0.0,3,False,False,1.0,1,0.0,0.0,False
100000001066017100,coordinator,0.9192256341789052,10,0.8780596350689809,"Связующий профиль: seed-ветвей 2, соседних кластеров 1; in/out degree 2/4, bridge pctl 93%.",2,4,136123.0,82500.0,3,4,0.0002995846061804292,0.6060695106631503,3,False,False,1.0,2,5.3428317008014244e-05,0.05509722824210457,False
100000008436257100,terminal,0.7807923453493547,17,0.5834445927903872,"Получатель-кандидат: 2 плательщ., 2 tx, 35.0 тыс. KZT; исходящих рёбер 0.",2,0,35000.0,0.0,2,0,0.0002929826165167475,0.0,3,False,False,1.0,1,0.0,0.0,False
100000003016438100,transit,0.7455985758789498,2,0.8647085002225189,"Признаки транзита: вход 200.0 тыс., выход 300.0 тыс. KZT; совпадение в тот же день 100%, двусторонних дней 1.",1,1,200000.0,300000.0,1,3,0.00031517147765254777,1.5,3,False,False,1.0,1,1.3357079252003561e-05,1.0,False
100000002534091100,peripheral,0.8099354695149088,0,0.09635068980863373,"Периферийный профиль: in/out degree 1/0, оборот 22.2 тыс. KZT; выраженной структурной роли нет.",1,0,22200.0,0.0,1,0,0.0002947611182811281,0.0,3,False,False,1.0,1,0.0,0.0,False
100000006882208100,peripheral,0.8099354695149088,1,0.45037828215398307,"Периферийный профиль: in/out degree 1/0, оборот 18.0 тыс. KZT; выраженной структурной роли нет.",1,0,18000.0,0.0,1,0,0.0006353214040058367,0.0,3,False,False,1.0,1,0.0,0.0,False
100000005362848100,peripheral,0.8099354695149088,12,0.16889185580774366,"Периферийный профиль: in/out degree 1/0, оборот 29.0 тыс. KZT; выраженной структурной роли нет.",1,0,29000.0,0.0,1,0,0.000294767082371601,0.0,3,False,False,1.0,1,0.0,0.0,False
100000001073568100,coordinator,0.6909301290609701,9,0.8571428571428571,"Связующий профиль: seed-ветвей 1, соседних кластеров 0; in/out degree 1/2, bridge pctl 82%.",1,2,707465.0,219503.0,4,3,0.00048331908416524147,0.31026693900051594,3,False,False,1.0,1,1.3357079252003561e-05,0.26429576021428625,False
100000008687733100,peripheral,0.8099354695149088,7,0.09635068980863373,"Периферийный профиль: in/out degree 1/0, оборот 14.7 тыс. KZT; выраженной структурной роли нет.",1,0,14650.0,0.0,1,0,0.00028630707012905303,0.0,3,False,False,1.0,1,0.0,0.0,False
100000007229557100,terminal,0.9142890965732088,2,0.735202492211838,"Получатель-кандидат: 3 плательщ., 3 tx, 878.0 тыс. KZT; исходящих рёбер 0.",3,0,878000.0,0.0,3,0,0.0003919496098757804,0.0,3,False,False,1.0,2,0.0,0.0,False
100000001052789100,peripheral,0.8099354695149088,16,0.32443257676902537,"Периферийный профиль: in/out degree 1/0, оборот 71.0 тыс. KZT; выраженной структурной роли нет.",1,0,70975.0,0.0,1,0,0.0002960889484136622,0.0,3,False,False,1.0,1,0.0,0.0,False
100000006967370100,coordinator,0.6213751668891856,5,0.796617712505563,"Связующий профиль: seed-ветвей 1, соседних кластеров 0; in/out degree 1/1, bridge pctl 82%.",1,1,33225.0,13526.27,1,1,0.0002920066314169781,0.40711121143717083,3,False,False,1.0,1,1.3357079252003561e-05,0.40711121143717083,False
100000001837130100,peripheral,0.8099354695149088,3,0.4232309746328438,"Периферийный профиль: in/out degree 1/0, оборот 172.9 тыс. KZT; выраженной структурной роли нет.",1,0,172900.0,0.0,1,0,0.00029925379967300623,0.0,3,False,False,1.0,1,0.0,0.0,False
100000005820746100,peripheral,0.4404984423676013,20,0.6537605696484201,"Периферийный профиль: in/out degree 1/1, оборот 2.05 млн KZT; выраженной структурной роли нет.",1,1,1989000.0,60000.0,2,1,0.0009809454468327088,0.030165912518853696,3,False,False,1.0,1,0.0,0.0,True
100000002883402100,terminal,0.9271213173119714,2,0.7205162438807299,"Получатель-кандидат: 3 плательщ., 3 tx, 300.0 тыс. KZT; исходящих рёбер 0.",3,0,300000.0,0.0,3,0,0.0002990212838440106,0.0,3,False,False,1.0,2,0.0,0.0,False
100000008582730100,transit,0.7216688918558078,3,0.8442367601246106,"Признаки транзита: вход 5.0 тыс., выход 5.0 тыс. KZT; совпадение в тот же день 100%, двусторонних дней 1.",1,1,5000.0,5000.0,1,1,0.0008850291586572349,1.0,3,False,False,1.0,1,0.0,1.0,True
100000003116106100,terminal,0.8615045838896306,5,0.7378727191811304,"Получатель-кандидат: 1 плательщ., 2 tx, 494.1 тыс. KZT; исходящих рёбер 0.",1,0,494050.0,0.0,2,0,0.0002999164021074067,0.0,3,False,False,1.0,3,0.0,0.0,False
100000001818442100,peripheral,0.8099354695149088,12,0.21806853582554517,"Периферийный профиль: in/out degree 1/0, оборот 42.2 тыс. KZT; выраженной структурной роли нет.",1,0,42215.0,0.0,1,0,0.0002996565399348476,0.0,3,False,False,1.0,1,0.0,0.0,False
100000008690762100,peripheral,0.8099354695149088,7,0.1570983533600356,"Периферийный профиль: in/out degree 1/0, оборот 26.8 тыс. KZT; выраженной структурной роли нет.",1,0,26750.0,0.0,1,0,0.0002881817730217037,0.0,3,False,False,1.0,1,0.0,0.0,False
100000008712991100,peripheral,0.8099354695149088,7,0.315086782376502,"Периферийный профиль: in/out degree 1/0, оборот 66.1 тыс. KZT; выраженной структурной роли нет.",1,0,66100.0,0.0,1,0,0.0002942784307759025,0.0,3,False,False,1.0,1,0.0,0.0,False
100000003292191100,peripheral,0.8099354695149088,2,0.3862928348909657,"Периферийный профиль: in/out degree 1/0, оборот 112.0 тыс. KZT; выраженной структурной роли нет.",1,0,112000.0,0.0,1,0,0.0002980041478772376,0.0,3,False,False,1.0,1,0.0,0.0,False
100000005367284100,coordinator,0.7400845571873609,3,0.960836671117045,"Связующий профиль: seed-ветвей 2, соседних кластеров 0; in/out degree 1/2, bridge pctl 89%.",1,2,13700.0,48300.0,1,5,0.000287581929942969,3.5255474452554743,3,False,False,1.0,2,2.6714158504007122e-05,1.0,False
100000003216073100,coordinator,0.5878638184245661,11,0.7547841566533156,"Связующий профиль: seed-ветвей 1, соседних кластеров 0; in/out degree 1/1, bridge pctl 78%.",1,1,37001.0,70000.0,1,1,0.00028665415832607806,1.891840761060512,3,False,False,1.0,1,1.4841199168892846e-06,0.0,False
100000006169033100,distributor,0.850407702426534,5,0.901646639964397,"Признаки распределения: 3 получ., 10 tx, 1.14 млн KZT; вход: 1 плательщ., 49.0 тыс. KZT.",1,3,49000.0,1140271.0,1,10,0.000415538194730409,23.270836734693876,3,False,False,1.0,1,2.6714158504007122e-05,0.0,True
100000004407753100,peripheral,0.3560525144637294,18,0.6208277703604806,"Периферийный профиль: in/out degree 1/1, оборот 350.0 тыс. KZT; выраженной структурной роли нет.",1,1,250000.0,100000.0,4,1,0.0008713428987255601,0.4,3,False,False,1.0,1,0.0,0.0,True
100000004420041100,distributor,0.8814210980937288,22,0.8491321762349799,"Признаки распределения: 7 получ., 11 tx, 651.8 тыс. KZT; вход: 1 плательщ., 69.6 тыс. KZT.",1,7,69638.0,651830.0,1,11,0.0002980941225582714,9.360263074758034,3,False,False,1.0,1,0.00011749282675373502,0.0,False
100000004715209100,distributor,0.8550541028535988,28,0.9688473520249221,"Признаки распределения: 5 получ., 17 tx, 350.4 тыс. KZT; вход: 1 плательщ., 5.0 тыс. KZT.",1,5,5000.0,350450.0,1,17,0.00028599860482158033,70.09,3,False,False,1.0,1,5.936479667557138e-05,1.0,True
100000004580254100,terminal,0.7958924788607031,14,0.6034712950600801,"Получатель-кандидат: 2 плательщ., 2 tx, 27.9 тыс. KZT; исходящих рёбер 0.",2,0,27940.0,0.0,2,0,0.000310559932135352,0.0,3,False,False,1.0,1,0.0,0.0,False
100000001056414100,peripheral,0.8099354695149088,13,0.46639964396973743,"Периферийный профиль: in/out degree 1/0, оборот 250.0 тыс. KZT; выраженной структурной роли нет.",1,0,250000.0,0.0,1,0,0.00029585999577417437,0.0,3,False,False,1.0,1,0.0,0.0,False
100000008686494100,peripheral,0.8099354695149088,7,0.09635068980863373,"Периферийный профиль: in/out degree 1/0, оборот 15.7 тыс. KZT; выраженной структурной роли нет.",1,0,15700.0,0.0,1,0,0.00028646975095858056,0.0,3,False,False,1.0,1,0.0,0.0,False
100000002822472100,terminal,0.8912188696039163,13,0.7138406764574989,"Получатель-кандидат: 2 плательщ., 2 tx, 266.7 тыс. KZT; исходящих рёбер 0.",2,0,266722.0,0.0,2,0,0.00031057540669821254,0.0,3,False,False,1.0,2,0.0,0.0,False
100000001831496100,peripheral,0.440865598575879,6,0.38673787271918114,"Периферийный профиль: in/out degree 1/1, оборот 398.0 тыс. KZT; выраженной структурной роли нет.",1,1,25000.0,373000.0,1,1,0.000291079393274651,14.92,3,False,False,1.0,1,0.0,0.0,False
100000008732488100,coordinator,0.6487716955941255,3,0.7601246105919003,"Связующий профиль: seed-ветвей 1, соседних кластеров 0; in/out degree 1/1, bridge pctl 82%.",1,1,137000.0,10000.0,1,1,0.00031169153599141136,0.072992700729927,3,False,False,1.0,1,1.3357079252003561e-05,0.072992700729927,False
100000004007197100,peripheral,0.8099354695149088,21,0.09635068980863373,"Периферийный профиль: in/out degree 1/0, оборот 10.0 тыс. KZT; выраженной структурной роли нет.",1,0,10048.0,0.0,1,0,0.0002861415270558453,0.0,3,False,False,1.0,1,0.0,0.0,False
100000002815005100,peripheral,0.8099354695149088,2,0.540720961281709,"Периферийный профиль: in/out degree 1/0, оборот 476.5 тыс. KZT; выраженной структурной роли нет.",1,0,476500.0,0.0,1,0,0.0003174405871097298,0.0,3,False,False,1.0,1,0.0,0.0,False
100000005756189100,coordinator,0.7264107699154428,5,0.9083222073876279,"Связующий профиль: seed-ветвей 3, соседних кластеров 0; in/out degree 1/1, bridge pctl 82%.",1,1,65000.0,49050.0,1,1,0.00028612643125475136,0.7546153846153846,3,False,False,1.0,3,1.3357079252003561e-05,0.7546153846153846,False
100000004877085100,distributor,0.8665022169655907,0,0.9581664441477525,"Признаки распределения: 3 получ., 9 tx, 95.6 тыс. KZT; вход: 1 плательщ., 25.0 тыс. KZT.",1,3,25000.0,95600.0,1,9,0.00029322277595050425,3.824,3,False,False,1.0,2,4.007123775601068e-05,1.0,False
100000002713074100,coordinator,0.8063729417000445,5,0.8451268357810414,"Связующий профиль: seed-ветвей 1, соседних кластеров 1; in/out degree 2/1, bridge pctl 82%.",2,1,700000.0,430000.0,2,2,0.0004310369037630625,0.6142857142857143,3,False,False,1.0,1,1.3357079252003561e-05,0.0,False
100000002356167100,coordinator,0.7830485091232754,5,0.8531375166889186,"Связующий профиль: seed-ветвей 3, соседних кластеров 0; in/out degree 1/2, bridge pctl 89%.",1,2,300000.0,29500.0,1,3,0.00029367949768144757,0.09833333333333333,3,False,False,1.0,3,2.6714158504007122e-05,0.018333333333333333,False
100000004140487100,distributor,0.8922701551636258,0,0.9839786381842457,"Признаки распределения: 10 получ., 19 tx, 262.6 тыс. KZT; вход: 1 плательщ., 24.5 тыс. KZT.",1,10,24510.0,262600.0,1,19,0.00028786698740413487,10.713994288045695,3,False,False,1.0,1,0.0007359150162905593,1.0,True
100000003147719100,peripheral,0.8099354695149088,2,0.3724966622162884,"Периферийный профиль: in/out degree 1/0, оборот 100.0 тыс. KZT; выраженной структурной роли нет.",1,0,100000.0,0.0,1,0,0.00028915454011286927,0.0,3,False,False,1.0,1,0.0,0.0,False
100000008745884100,peripheral,0.8099354695149088,7,0.09635068980863373,"Периферийный профиль: in/out degree 1/0, оборот 20.0 тыс. KZT; выраженной структурной роли нет.",1,0,20000.0,0.0,1,0,0.00028713596768902667,0.0,3,False,False,1.0,1,0.0,0.0,False
100000002559089100,terminal,0.8880785046728972,2,0.7062750333778371,"Получатель-кандидат: 2 плательщ., 2 tx, 715.0 тыс. KZT; исходящих рёбер 0.",2,0,715000.0,0.0,2,0,0.0003901723145315137,0.0,3,False,False,1.0,1,0.0,0.0,False
100000004984689100,peripheral,0.8099354695149088,3,0.2901646639964397,"Периферийный профиль: in/out degree 1/0, оборот 53.0 тыс. KZT; выраженной структурной роли нет.",1,0,53030.0,0.0,1,0,0.00029474170068395666,0.0,3,False,False,1.0,1,0.0,0.0,False
100000004340038100,coordinator,0.7128460169114375,0,0.7903871829105474,"Связующий профиль: seed-ветвей 2, соседних кластеров 0; in/out degree 1/1, bridge pctl 82%.",1,1,9978.0,49000.0,1,1,0.00028770339828146173,4.910803768290238,3,False,False,1.0,2,1.3357079252003561e-05,0.0,False
100000005052998100,coordinator,0.6948353360035603,3,0.8709390298175345,"Связующий профиль: seed-ветвей 2, соседних кластеров 1; in/out degree 1/1, bridge pctl 79%.",1,1,9500.0,28400.0,1,1,0.0002845685900876826,2.9894736842105263,3,False,False,1.0,2,3.039605408729466e-06,0.0,True
100000007597382100,peripheral,0.8099354695149088,5,0.4773030707610147,"Периферийный профиль: in/out degree 1/0, оборот 15.7 тыс. KZT; выраженной структурной роли нет.",1,0,15700.0,0.0,1,0,0.0002845418943405551,0.0,3,False,False,1.0,3,0.0,0.0,False
100000008697670100,peripheral,0.8099354695149088,7,0.09635068980863373,"Периферийный профиль: in/out degree 1/0, оборот 25.4 тыс. KZT; выраженной структурной роли нет.",1,0,25350.0,0.0,1,0,0.0002879648652490003,0.0,3,False,False,1.0,1,0.0,0.0,False
100000008460102100,distributor,0.852091906307793,9,0.8406764574988874,"Признаки распределения: 31 получ., 34 tx, 476.6 тыс. KZT; вход: 1 плательщ., 17.5 тыс. KZT.",1,31,17500.0,476570.0,1,34,0.00029806414546657396,27.23257142857143,3,False,False,1.0,1,0.0,1.0,False
100000004399686100,terminal,0.8434145082331999,20,0.7271918113039608,"Получатель-кандидат: 1 плательщ., 2 tx, 806.0 тыс. KZT; исходящих рёбер 0.",1,0,806000.0,0.0,2,0,0.0005664445141099017,0.0,3,False,False,1.0,1,0.0,0.0,False
100000008688155100,peripheral,0.8099354695149088,7,0.09635068980863373,"Периферийный профиль: in/out degree 1/0, оборот 23.6 тыс. KZT; выраженной структурной роли нет.",1,0,23600.0,0.0,1,0,0.0002876937305331211,0.0,3,False,False,1.0,1,0.0,0.0,False
100000004386331100,coordinator,0.8144503782821539,8,0.894971072541166,"Связующий профиль: seed-ветвей 2, соседних кластеров 0; in/out degree 1/2, bridge pctl 87%.",1,2,20000.0,17500.0,1,2,0.0005094131272407256,0.875,3,False,False,1.0,2,1.7869002343817477e-05,0.0,True
100000007999728100,peripheral,0.8099354695149088,9,0.09635068980863373,"Периферийный профиль: in/out degree 1/0, оборот 23.2 тыс. KZT; выраженной структурной роли нет.",1,0,23250.0,0.0,1,0,0.0002905864457109539,0.0,3,False,False,1.0,1,0.0,0.0,False
100000001597424100,peripheral,0.8099354695149088,9,0.24343569203382287,"Периферийный профиль: in/out degree 1/0, оборот 48.1 тыс. KZT; выраженной структурной роли нет.",1,0,48100.0,0.0,1,0,0.0002975863011154525,0.0,3,False,False,1.0,1,0.0,0.0,False
100000003677936100,coordinator,0.6443391188251001,0,0.7823765020026703,"Связующий профиль: seed-ветвей 1, соседних кластеров 0; in/out degree 1/1, bridge pctl 82%.",1,1,71000.0,13000.0,1,2,0.000307181104009773,0.18309859154929578,3,False,False,1.0,1,1.3357079252003561e-05,0.08450704225352113,False
100000002943472100,peripheral,0.8099354695149088,2,0.4628393413440142,"Периферийный профиль: in/out degree 1/0, оборот 170.0 тыс. KZT; выраженной структурной роли нет.",1,0,170000.0,0.0,1,0,0.00030826871923928575,0.0,3,False,False,1.0,1,0.0,0.0,False
100000004892144100,peripheral,0.3275367156208278,20,0.6479750778816199,"Периферийный профиль: in/out degree 2/1, оборот 4.68 млн KZT; выраженной структурной роли нет.",2,1,4500000.0,180300.0,7,1,0.0029565605070533915,0.04006666666666667,3,False,False,1.0,1,0.0,0.0,True
100000008077552100,peripheral,0.8099354695149088,3,0.5149087672452158,"Периферийный профиль: in/out degree 1/0, оборот 214.0 тыс. KZT; выраженной структурной роли нет.",1,0,214000.0,0.0,1,0,0.0003272344360589833,0.0,3,False,False,1.0,1,0.0,0.0,False
100000002914245100,peripheral,0.8099354695149088,11,0.40809968847352024,"Периферийный профиль: in/out degree 1/0, оборот 140.6 тыс. KZT; выраженной структурной роли нет.",1,0,140611.0,0.0,1,0,0.0002939819122335557,0.0,3,False,False,1.0,1,0.0,0.0,False
100000004906181100,distributor,0.9172712976577856,5,0.9857587894971073,"Признаки распределения: 7 получ., 33 tx, 2.47 млн KZT; вход: 1 плательщ., 100.0 тыс. KZT.",1,7,100000.0,2473417.91,1,33,0.00028725135604170613,24.734179100000002,3,False,False,1.0,3,9.349955476402493e-05,1.0,False
100000008514970100,coordinator,0.6366221628838451,11,0.7894971072541166,"Связующий профиль: seed-ветвей 1, соседних кластеров 0; in/out degree 1/1, bridge pctl 78%.",1,1,379966.0,31000.0,1,1,0.0003109101482776086,0.0815862471905381,3,False,False,1.0,1,1.4841199168892846e-06,0.0815862471905381,False
100000008258458100,coordinator,0.6425789942145081,1,0.9643969737427681,"Связующий профиль: seed-ветвей 1, соседних кластеров 0; in/out degree 1/2, bridge pctl 89%.",1,2,19000.0,1557988.0,1,4,0.00028969066848951504,81.99936842105264,3,False,False,1.0,1,2.6714158504007122e-05,1.0,False
100000003484058100,coordinator,0.6513351134846461,9,0.7534490431686693,"Связующий профиль: seed-ветвей 1, соседних кластеров 0; in/out degree 1/1, bridge pctl 82%.",1,1,110000.0,6000.0,1,1,0.0003150225606542238,0.05454545454545454,3,False,False,1.0,1,1.3357079252003561e-05,0.0,False
100000003574895100,coordinator,0.702111704494882,10,0.8744993324432577,"Связующий профиль: seed-ветвей 2, соседних кластеров 0; in/out degree 1/1, bridge pctl 82%.",1,1,27968.0,20000.0,1,1,0.00028560144674688956,0.7151029748283753,3,False,False,1.0,2,1.3357079252003561e-05,0.7151029748283753,False
100000000896111100,peripheral,0.8099354695149088,20,0.5536270582999555,"Периферийный профиль: in/out degree 1/0, оборот 287.1 тыс. KZT; выраженной структурной роли нет.",1,0,287100.0,0.0,1,0,0.000384631721219061,0.0,3,False,False,1.0,1,0.0,0.0,False
100000008715887100,peripheral,0.8099354695149088,7,0.09635068980863373,"Периферийный профиль: in/out degree 1/0, оборот 18.0 тыс. KZT; выраженной структурной роли нет.",1,0,18000.0,0.0,1,0,0.00028682609944230753,0.0,3,False,False,1.0,1,0.0,0.0,False
100000000560751100,peripheral,0.8099354695149088,0,0.4214508233199822,"Периферийный профиль: in/out degree 1/0, оборот 25.0 тыс. KZT; выраженной структурной роли нет.",1,0,25000.0,0.0,1,0,0.0005491283231220407,0.0,3,False,False,1.0,1,0.0,0.0,False
100000008708207100,terminal,0.8801639519359146,2,0.6853582554517134,"Получатель-кандидат: 2 плательщ., 2 tx, 465.0 тыс. KZT; исходящих рёбер 0.",2,0,465000.0,0.0,2,0,0.0003577504140896543,0.0,3,False,False,1.0,1,0.0,0.0,False
100000003152964100,coordinator,0.6574165554072097,3,0.7587894971072541,"Связующий профиль: seed-ветвей 1, соседних кластеров 0; in/out degree 1/1, bridge pctl 85%.",1,1,141847.0,5500.0,1,1,0.00031266993127228825,0.03877417217142414,3,False,False,1.0,1,1.3401751757863106e-05,0.0,False
100000004991812100,peripheral,0.8099354695149088,19,0.3008455718736093,"Периферийный профиль: in/out degree 1/0, оборот 10.0 тыс. KZT; выраженной структурной роли нет.",1,0,10000.0,0.0,1,0,0.0003445372783252856,0.0,3,False,False,1.0,1,0.0,0.0,False
100000000291908100,coordinator,0.7108411214953271,33,0.842456608811749,"Связующий профиль: seed-ветвей 1, соседних кластеров 0; in/out degree 1/1, bridge pctl 87%.",1,1,295500.0,13300.0,5,1,0.000701667998725245,0.045008460236886635,3,False,False,1.0,1,1.632531908578213e-05,0.0,False
100000003132484100,peripheral,0.8099354695149088,2,0.5353805073431241,"Периферийный профиль: in/out degree 1/0, оборот 90.0 тыс. KZT; выраженной структурной роли нет.",1,0,90000.0,0.0,1,0,0.0005356227297396926,0.0,3,False,False,1.0,1,0.0,0.0,False
100000004077081100,distributor,0.9144534021213735,0,0.9759679572763685,"Признаки распределения: 4 получ., 6 tx, 615.0 тыс. KZT; вход: 1 плательщ., 140.0 тыс. KZT.",1,4,140000.0,615000.0,1,6,0.0002885369843696544,4.392857142857143,3,False,False,1.0,3,0.00011328782032254871,1.0,False
100000004770073100,transit,0.7779346684855668,0,0.8188696039163329,"Признаки транзита: вход 5.5 тыс., выход 5.5 тыс. KZT; совпадение в тот же день 100%, двусторонних дней 1.",1,1,5462.4,5466.97,1,1,0.000286257110950696,1.0008366285881665,3,False,False,1.0,1,1.3357079252003561e-05,1.0,False
100000003163886100,peripheral,0.8099354695149088,15,0.6217178460169115,"Периферийный профиль: in/out degree 1/0, оборот 500.0 тыс. KZT; выраженной структурной роли нет.",1,0,500000.0,0.0,1,0,0.0007290166613349975,0.0,3,False,False,1.0,1,0.0,0.0,False
100000000795374100,peripheral,0.8099354695149088,3,0.25500667556742324,"Периферийный профиль: in/out degree 1/0, оборот 50.0 тыс. KZT; выраженной структурной роли нет.",1,0,50000.0,0.0,1,0,0.00029413007747350545,0.0,3,False,False,1.0,1,0.0,0.0,False
100000002391278100,peripheral,0.3429572763684913,9,0.5687583444592791,"Периферийный профиль: in/out degree 1/1, оборот 82.7 тыс. KZT; выраженной структурной роли нет.",1,1,30000.0,52700.0,5,2,0.00039632653273625736,1.7566666666666666,3,False,False,1.0,1,0.0,0.0,True
100000004635886100,peripheral,0.8099354695149088,1,0.09635068980863373,"Периферийный профиль: in/out degree 1/0, оборот 23.0 тыс. KZT; выраженной структурной роли нет.",1,0,23000.0,0.0,1,0,0.0002908808544406055,0.0,3,False,False,1.0,1,0.0,0.0,False
100000000413678100,coordinator,0.9347107254116599,11,0.9034267912772586,"Связующий профиль: seed-ветвей 3, соседних кластеров 1; in/out degree 2/3, bridge pctl 92%.",2,3,306500.0,528198.0,2,18,0.00029905712872461764,1.723321370309951,3,False,False,1.0,3,4.007123775601068e-05,0.01957585644371941,False
100000008659950100,peripheral,0.8099354695149088,2,0.5157988429016467,"Периферийный профиль: in/out degree 1/0, оборот 246.0 тыс. KZT; выраженной структурной роли нет.",1,0,246000.0,0.0,1,0,0.00031910159562355766,0.0,3,False,False,1.0,1,0.0,0.0,False
100000003964910100,terminal,0.8913762349799734,17,0.7222963951935915,"Получатель-кандидат: 2 плательщ., 2 tx, 1.00 млн KZT; исходящих рёбер 0.",2,0,1000000.0,0.0,2,0,0.0005062073295987569,0.0,3,False,False,1.0,1,0.0,0.0,False
100000008764654100,peripheral,0.8099354695149088,7,0.09635068980863373,"Периферийный профиль: in/out degree 1/0, оборот 26.1 тыс. KZT; выраженной структурной роли нет.",1,0,26150.0,0.0,1,0,0.00028808881254768797,0.0,3,False,False,1.0,1,0.0,0.0,False
100000005830339100,coordinator,0.837109479305741,3,0.872719181130396,"Связующий профиль: seed-ветвей 2, соседних кластеров 2; in/out degree 5/1, bridge pctl 79%.",5,1,476341.0,339251.0,12,1,0.0003614782431376497,0.7122019729563485,3,False,False,1.0,2,2.968239833778569e-06,0.0,False
100000002032323100,coordinator,0.6842056074766355,28,0.9595015576323987,"Связующий профиль: seed-ветвей 1, соседних кластеров 0; in/out degree 1/1, bridge pctl 86%.",1,1,300000.0,1050000.0,1,2,0.0004017164612065313,3.5,3,False,False,1.0,1,1.4841199168892845e-05,1.0,False
100000008668099100,peripheral,0.8099354695149088,7,0.09635068980863373,"Периферийный профиль: in/out degree 1/0, оборот 15.7 тыс. KZT; выраженной структурной роли нет.",1,0,15700.0,0.0,1,0,0.00028646975095858056,0.0,3,False,False,1.0,1,0.0,0.0,False
100000008634520100,peripheral,0.8099354695149088,2,0.35514018691588783,"Периферийный профиль: in/out degree 1/0, оборот 90.0 тыс. KZT; выраженной структурной роли нет.",1,0,90000.0,0.0,1,0,0.00029686569146636794,0.0,3,False,False,1.0,1,0.0,0.0,False
100000002103448100,peripheral,0.8099354695149088,7,0.1584334668446818,"Периферийный профиль: in/out degree 1/0, оборот 27.0 тыс. KZT; выраженной структурной роли нет.",1,0,27000.0,0.0,1,0,0.0002882205065525436,0.0,3,False,False,1.0,1,0.0,0.0,False
100000005996909100,peripheral,0.8099354695149088,1,0.21673342234089898,"Периферийный профиль: in/out degree 1/0, оборот 5.5 тыс. KZT; выраженной структурной роли нет.",1,0,5500.0,0.0,1,0,0.00031443536617402416,0.0,3,False,False,1.0,1,0.0,0.0,False
100000007392365100,distributor,0.9310914405712795,10,0.8642634623943035,"Признаки распределения: 6 получ., 9 tx, 1.77 млн KZT; вход: 1 плательщ., 9.6 тыс. KZT.",1,6,9613.0,1765600.0,1,9,0.0002845749098192448,183.66794965151357,3,False,False,1.0,2,8.041051054717864e-05,0.0,False
100000008279405100,terminal,0.8406629283489098,3,0.6453048509123276,"Получатель-кандидат: 1 плательщ., 2 tx, 234.7 тыс. KZT; исходящих рёбер 0.",1,0,234738.0,0.0,2,0,0.00033142052257328594,0.0,3,False,False,1.0,1,0.0,0.0,False
100000008343874100,coordinator,0.9120182465509569,11,0.8722741433021807,"Связующий профиль: seed-ветвей 2, соседних кластеров 1; in/out degree 2/2, bridge pctl 90%.",2,2,283535.0,176400.0,2,5,0.00030595990923395713,0.6221454141464017,3,False,False,1.0,2,2.968239833778569e-05,0.0,False
100000002548759100,terminal,0.8743599465954607,2,0.719626168224299,"Получатель-кандидат: 2 плательщ., 2 tx, 375.0 тыс. KZT; исходящих рёбер 0.",2,0,375000.0,0.0,2,0,0.00030691811080038557,0.0,3,False,False,1.0,2,0.0,0.0,False
100000003069463100,coordinator,0.6086048064085448,24,0.7538940809968847,"Связующий профиль: seed-ветвей 1, соседних кластеров 0; in/out degree 1/1, bridge pctl 85%.",1,1,11500.0,17920.0,1,1,0.00028689548898406495,1.5582608695652174,3,False,False,1.0,1,1.3401751757863106e-05,0.0,False
100000008474391100,peripheral,0.8099354695149088,19,0.35336003560302626,"Периферийный профиль: in/out degree 1/0, оборот 20.0 тыс. KZT; выраженной структурной роли нет.",1,0,20000.0,0.0,1,0,0.0004050372714287357,0.0,3,False,False,1.0,1,0.0,0.0,False
100000003097324100,terminal,0.8679403649310192,2,0.7142857142857143,"Получатель-кандидат: 2 плательщ., 2 tx, 294.0 тыс. KZT; исходящих рёбер 0.",2,0,294000.0,0.0,2,0,0.0003242298650930856,0.0,3,False,False,1.0,2,0.0,0.0,False
100000001852140100,peripheral,0.8099354695149088,43,0.4757454383622608,"Периферийный профиль: in/out degree 1/0, оборот 30.0 тыс. KZT; выраженной структурной роли нет.",1,0,30000.0,0.0,1,0,0.0007982886696373779,0.0,3,False,False,1.0,1,0.0,0.0,False
100000003293377100,peripheral,0.8099354695149088,5,0.5349354695149088,"Периферийный профиль: in/out degree 1/0, оборот 50.0 тыс. KZT; выраженной структурной роли нет.",1,0,50000.0,0.0,1,0,0.00028564432063177075,0.0,3,False,False,1.0,3,0.0,0.0,False
100000006048193100,peripheral,0.8099354695149088,3,0.48954161103693816,"Периферийный профиль: in/out degree 1/0, оборот 41.6 тыс. KZT; выраженной структурной роли нет.",1,0,41559.0,0.0,1,0,0.0002947899779200537,0.0,3,False,False,1.0,2,0.0,0.0,False
100000002435265100,terminal,0.842801246105919,10,0.7111704494882065,"Получатель-кандидат: 1 плательщ., 3 tx, 132.6 тыс. KZT; исходящих рёбер 0.",1,0,132628.0,0.0,3,0,0.0002914547485636862,0.0,3,False,False,1.0,2,0.0,0.0,False
100000004587414100,terminal,0.9103896751223854,5,0.7516688918558078,"Получатель-кандидат: 2 плательщ., 2 tx, 533.6 тыс. KZT; исходящих рёбер 0.",2,0,533603.0,0.0,2,0,0.0003131098263573518,0.0,3,False,False,1.0,3,0.0,0.0,False
100000001726614100,peripheral,0.8099354695149088,3,0.40498442367601245,"Периферийный профиль: in/out degree 1/0, оборот 138.7 тыс. KZT; выраженной структурной роли нет.",1,0,138717.0,0.0,1,0,0.0002962454358009162,0.0,3,False,False,1.0,1,0.0,0.0,False
100000003934614100,transit,0.5091936961700568,18,0.6898086337338674,"Признаки транзита: вход 17.0 тыс., выход 11.5 тыс. KZT; совпадение в тот же день 32%, двусторонних дней 1.",2,1,17000.0,11500.0,2,2,0.0003117110553092855,0.6764705882352942,3,False,False,1.0,1,0.0,0.3235294117647059,True
100000008772246100,peripheral,0.8099354695149088,7,0.22674677347574543,"Периферийный профиль: in/out degree 1/0, оборот 44.5 тыс. KZT; выраженной структурной роли нет.",1,0,44500.0,0.0,1,0,0.00029093185371133597,0.0,3,False,False,1.0,1,0.0,0.0,False
100000002603371100,peripheral,0.8099354695149088,0,0.09635068980863373,"Периферийный профиль: in/out degree 1/0, оборот 9.3 тыс. KZT; выраженной структурной роли нет.",1,0,9300.0,0.0,1,0,0.0002878166458102953,0.0,3,False,False,1.0,1,0.0,0.0,False
100000004445291100,terminal,0.7275287939474855,23,0.6030262572318648,"Получатель-кандидат: 1 плательщ., 2 tx, 19.5 тыс. KZT; исходящих рёбер 0.",1,0,19500.0,0.0,2,0,0.00031744726259637645,0.0,3,False,False,1.0,1,0.0,0.0,False
100000008571243100,peripheral,0.8099354695149088,12,0.4196706720071206,"Периферийный профиль: in/out degree 1/0, оборот 134.0 тыс. KZT; выраженной структурной роли нет.",1,0,134000.0,0.0,1,0,0.0003045902986629045,0.0,3,False,False,1.0,1,0.0,0.0,False
100000001138283100,coordinator,0.6480462839341343,3,0.8620382732532266,"Связующий профиль: seed-ветвей 1, соседних кластеров 0; in/out degree 1/2, bridge pctl 82%.",1,2,81805.0,50000.0,1,2,0.0003005501026247928,0.6112095837662734,3,False,False,1.0,1,1.3357079252003561e-05,0.48896766701301875,True
100000002593344100,terminal,0.8781413440142413,2,0.682688028482421,"Получатель-кандидат: 2 плательщ., 2 tx, 431.0 тыс. KZT; исходящих рёбер 0.",2,0,431000.0,0.0,2,0,0.00035694247067035275,0.0,3,False,False,1.0,1,0.0,0.0,False
100000007390016100,transit,0.6205500179844055,5,0.8575878949710726,"Признаки транзита: вход 511.0 тыс., выход 346.5 тыс. KZT; совпадение в тот же день 38%, двусторонних дней 3.",1,1,511000.0,346500.0,13,14,0.0019379856190376412,0.678082191780822,3,False,False,1.0,1,0.0,0.3816046966731898,True
100000001285440100,terminal,0.8622242990654206,2,0.6417445482866043,"Получатель-кандидат: 2 плательщ., 2 tx, 243.0 тыс. KZT; исходящих рёбер 0.",2,0,243000.0,0.0,2,0,0.0003185998288111936,0.0,3,False,False,1.0,1,0.0,0.0,False
100000006746688100,peripheral,0.8099354695149088,7,0.21584334668446817,"Периферийный профиль: in/out degree 1/0, оборот 41.0 тыс. KZT; выраженной структурной роли нет.",1,0,41000.0,0.0,1,0,0.00029038958427957747,0.0,3,False,False,1.0,1,0.0,0.0,False
100000006471232100,peripheral,0.8099354695149088,7,0.21762349799732977,"Периферийный профиль: in/out degree 1/0, оборот 41.8 тыс. KZT; выраженной структурной роли нет.",1,0,41800.0,0.0,1,0,0.00029051353157826513,0.0,3,False,False,1.0,1,0.0,0.0,False
100000008662805100,peripheral,0.8099354695149088,7,0.09635068980863373,"Периферийный профиль: in/out degree 1/0, оборот 16.5 тыс. KZT; выраженной структурной роли нет.",1,0,16500.0,0.0,1,0,0.0002865936982572682,0.0,3,False,False,1.0,1,0.0,0.0,False
100000004292885100,peripheral,0.8099354695149088,7,0.3956386292834891,"Периферийный профиль: in/out degree 1/0, оборот 112.7 тыс. KZT; выраженной структурной роли нет.",1,0,112700.0,0.0,1,0,0.0003014983609244581,0.0,3,False,False,1.0,1,0.0,0.0,False
100000008190442100,peripheral,0.8099354695149088,7,0.09635068980863373,"Периферийный профиль: in/out degree 1/0, оборот 13.0 тыс. KZT; выраженной структурной роли нет.",1,0,13000.0,0.0,1,0,0.0002860514288255097,0.0,3,False,False,1.0,1,0.0,0.0,False
100000007131370100,peripheral,0.440865598575879,32,0.6043613707165109,"Периферийный профиль: in/out degree 1/1, оборот 60.0 тыс. KZT; выраженной структурной роли нет.",1,1,30000.0,30000.0,1,1,0.0008923600145718933,1.0,3,False,False,1.0,1,0.0,0.0,True
100000008717802100,peripheral,0.8099354695149088,7,0.09635068980863373,"Периферийный профиль: in/out degree 1/0, оборот 26.1 тыс. KZT; выраженной структурной роли нет.",1,0,26150.0,0.0,1,0,0.00028808881254768797,0.0,3,False,False,1.0,1,0.0,0.0,False
100000005357034100,peripheral,0.8099354695149088,10,0.43079661771250555,"Периферийный профиль: in/out degree 1/0, оборот 9.8 тыс. KZT; выраженной структурной роли нет.",1,0,9754.0,0.0,1,0,0.00028458279550199053,0.0,3,False,False,1.0,2,0.0,0.0,False
100000005532138100,peripheral,0.8099354695149088,0,0.09635068980863373,"Периферийный профиль: in/out degree 1/0, оборот 25.0 тыс. KZT; выраженной структурной роли нет.",1,0,25046.0,0.0,1,0,0.0002922015117762394,0.0,3,False,False,1.0,1,0.0,0.0,False
100000005264874100,coordinator,0.5690342679127726,31,0.833555852247441,"Связующий профиль: seed-ветвей 1, соседних кластеров 0; in/out degree 1/2, bridge pctl 39%.",1,2,30000.0,78000.0,1,3,0.0004256982170433211,2.6,3,False,False,1.0,1,0.0,0.0,True
100000008193258100,coordinator,0.6298130841121495,17,0.7561192701379618,"Связующий профиль: seed-ветвей 1, соседних кластеров 0; in/out degree 1/1, bridge pctl 82%.",1,1,75000.0,30000.0,2,1,0.00029575608014931226,0.4,3,False,False,1.0,1,1.3357079252003561e-05,0.0,False
100000003190207100,coordinator,0.6324032042723632,6,0.8010680907877169,"Связующий профиль: seed-ветвей 1, соседних кластеров 0; in/out degree 1/1, bridge pctl 82%.",1,1,5000.0,377000.0,1,8,0.00029750162389015843,75.4,3,False,False,1.0,1,1.3357079252003561e-05,0.0,False
100000004321983100,coordinator,0.5494080996884735,9,0.7828215398308856,"Связующий профиль: seed-ветвей 1, соседних кластеров 0; in/out degree 1/2, bridge pctl 39%.",1,2,10840.0,36200.0,1,3,0.0003246111333237132,3.339483394833948,3,False,False,1.0,1,0.0,0.0,True
100000002633108100,terminal,0.8739757899421451,9,0.6795727636849133,"Получатель-кандидат: 1 плательщ., 3 tx, 320.0 тыс. KZT; исходящих рёбер 0.",1,0,320000.0,0.0,3,0,0.0003741762682978744,0.0,3,False,False,1.0,1,0.0,0.0,False
100000005941908100,peripheral,0.8099354695149088,8,0.4552736982643525,"Периферийный профиль: in/out degree 1/0, оборот 10.0 тыс. KZT; выраженной структурной роли нет.",1,0,10000.0,0.0,1,0,0.0006874337388631939,0.0,3,False,False,1.0,1,0.0,0.0,False
100000001835625100,peripheral,0.8099354695149088,5,0.5527369826435247,"Периферийный профиль: in/out degree 1/0, оборот 75.1 тыс. KZT; выраженной структурной роли нет.",1,0,75130.0,0.0,1,0,0.00028645201662880426,0.0,3,False,False,1.0,3,0.0,0.0,False
100000008671081100,peripheral,0.8099354695149088,7,0.20382732532265244,"Периферийный профиль: in/out degree 1/0, оборот 37.2 тыс. KZT; выраженной структурной роли нет.",1,0,37200.0,0.0,1,0,0.0002898008346108111,0.0,3,False,False,1.0,1,0.0,0.0,False
100000002908521100,peripheral,0.8099354695149088,7,0.22674677347574543,"Периферийный профиль: in/out degree 1/0, оборот 44.5 тыс. KZT; выраженной структурной роли нет.",1,0,44500.0,0.0,1,0,0.00029093185371133597,0.0,3,False,False,1.0,1,0.0,0.0,False
100000000749118100,coordinator,0.6986938139741877,10,0.7721406319537161,"Связующий профиль: seed-ветвей 2, соседних кластеров 0; in/out degree 1/1, bridge pctl 82%.",1,1,10330.0,16500.0,1,1,0.00028461500935490926,1.5972894482090998,3,False,False,1.0,2,1.3357079252003561e-05,0.0,False
100000008652094100,peripheral,0.8099354695149088,10,0.4688473520249221,"Периферийный профиль: in/out degree 1/0, оборот 35.0 тыс. KZT; выраженной структурной роли нет.",1,0,35000.0,0.0,1,0,0.0002859947242012725,0.0,3,False,False,1.0,2,0.0,0.0,False
100000007647294100,peripheral,0.8099354695149088,17,0.6021361815754339,"Периферийный профиль: in/out degree 1/0, оборот 385.0 тыс. KZT; выраженной структурной роли нет.",1,0,385000.0,0.0,1,0,0.0005747812126156989,0.0,3,False,False,1.0,1,0.0,0.0,False
100000003270419100,peripheral,0.8099354695149088,29,0.5749888740542947,"Периферийный профиль: in/out degree 1/0, оборот 150.0 тыс. KZT; выраженной структурной роли нет.",1,0,150000.0,0.0,1,0,0.0008268876380068262,0.0,3,False,False,1.0,1,0.0,0.0,False
100000003050771100,peripheral,0.8099354695149088,0,0.582109479305741,"Периферийный профиль: in/out degree 1/0, оборот 229.0 тыс. KZT; выраженной структурной роли нет.",1,0,229000.0,0.0,1,0,0.00036817638029644224,0.0,3,False,False,1.0,2,0.0,0.0,False
100000008427027100,peripheral,0.8099354695149088,6,0.5914552736982643,"Периферийный профиль: in/out degree 1/0, оборот 300.0 тыс. KZT; выраженной структурной роли нет.",1,0,300000.0,0.0,1,0,0.0005479295883405341,0.0,3,False,False,1.0,1,0.0,0.0,False
100000004291560100,peripheral,0.8099354695149088,10,0.5002225189141077,"Периферийный профиль: in/out degree 1/0, оборот 47.2 тыс. KZT; выраженной структурной роли нет.",1,0,47190.0,0.0,1,0,0.0002866764722343964,0.0,3,False,False,1.0,2,0.0,0.0,False
100000003594472100,peripheral,0.8099354695149088,27,0.09635068980863373,"Периферийный профиль: in/out degree 1/0, оборот 20.0 тыс. KZT; выраженной структурной роли нет.",1,0,20000.0,0.0,1,0,0.00029284114836155726,0.0,3,False,False,1.0,1,0.0,0.0,False
100000002575080100,transit,0.7573660607305468,32,0.8170894526034713,"Признаки транзита: вход 13.0 тыс., выход 12.5 тыс. KZT; совпадение в тот же день 96%, двусторонних дней 1.",1,1,13000.0,12500.0,1,1,0.0005476438012735271,0.9615384615384616,3,False,False,1.0,1,1.3357079252003561e-05,0.9615384615384616,False
100000008038077100,terminal,0.8354999554962173,5,0.7343124165554072,"Получатель-кандидат: 1 плательщ., 2 tx, 499.9 тыс. KZT; исходящих рёбер 0.",1,0,499850.0,0.0,2,0,0.00030010281821495917,0.0,3,False,False,1.0,3,0.0,0.0,False
100000003899325100,peripheral,0.8099354695149088,11,0.2621272808188696,"Периферийный профиль: in/out degree 1/0, оборот 50.1 тыс. KZT; выраженной структурной роли нет.",1,0,50120.0,0.0,1,0,0.0002950227424715154,0.0,3,False,False,1.0,1,0.0,0.0,False
100000001155773100,peripheral,0.8099354695149088,7,0.09635068980863373,"Периферийный профиль: in/out degree 1/0, оборот 21.5 тыс. KZT; выраженной структурной роли нет.",1,0,21500.0,0.0,1,0,0.00028736836887406603,0.0,3,False,False,1.0,1,0.0,0.0,False
100000000611474100,peripheral,0.8099354695149088,19,0.465954606141522,"Периферийный профиль: in/out degree 1/0, оборот 32.0 тыс. KZT; выраженной структурной роли нет.",1,0,32000.0,0.0,1,0,0.0005919520277874077,0.0,3,False,False,1.0,1,0.0,0.0,False
100000006704530100,distributor,0.8003095612426122,24,0.8126390743213173,"Признаки распределения: 3 получ., 5 tx, 428.0 тыс. KZT; вход: 1 плательщ., 450.5 тыс. KZT.",1,3,450500.0,428000.0,1,5,0.0003960043108639573,0.9500554938956715,3,False,False,1.0,1,4.007123775601068e-05,0.0,False
100000003996562100,peripheral,0.8099354695149088,0,0.25100133511348466,"Периферийный профиль: in/out degree 1/0, оборот 7.7 тыс. KZT; выраженной структурной роли нет.",1,0,7700.0,0.0,1,0,0.00032798033549992896,0.0,3,False,False,1.0,1,0.0,0.0,False
100000002646887100,peripheral,0.8099354695149088,28,0.09635068980863373,"Периферийный профиль: in/out degree 1/0, оборот 24.4 тыс. KZT; выраженной структурной роли нет.",1,0,24354.0,0.0,1,0,0.00029359048072827304,0.0,3,False,False,1.0,1,0.0,0.0,False
100000002556775100,peripheral,0.8099354695149088,5,0.6159323542501113,"Периферийный профиль: in/out degree 1/0, оборот 300.0 тыс. KZT; выраженной структурной роли нет.",1,0,300000.0,0.0,1,0,0.00029367949768144757,0.0,3,False,False,1.0,3,0.0,0.0,False
100000002722108100,terminal,0.869595015576324,13,0.6755674232309746,"Получатель-кандидат: 1 плательщ., 2 tx, 800.0 тыс. KZT; исходящих рёбер 0.",1,0,800000.0,0.0,2,0,0.00032186995898932005,0.0,3,False,False,1.0,1,0.0,0.0,False
100000002737980100,peripheral,0.8099354695149088,1,0.1833555852247441,"Периферийный профиль: in/out degree 1/0, оборот 32.9 тыс. KZT; выраженной структурной роли нет.",1,0,32900.0,0.0,1,0,0.00029382656466955435,0.0,3,False,False,1.0,1,0.0,0.0,False
100000002913340100,peripheral,0.8099354695149088,7,0.09635068980863373,"Периферийный профиль: in/out degree 1/0, оборот 23.6 тыс. KZT; выраженной структурной роли нет.",1,0,23600.0,0.0,1,0,0.0002876937305331211,0.0,3,False,False,1.0,1,0.0,0.0,False
100000003610172100,peripheral,0.8099354695149088,5,0.5496217178460169,"Периферийный профиль: in/out degree 1/0, оборот 70.0 тыс. KZT; выраженной структурной роли нет.",1,0,70000.0,0.0,1,0,0.0002862871347957449,0.0,3,False,False,1.0,3,0.0,0.0,False
100000001052945100,distributor,0.7876395083589326,9,0.8286604361370716,"Признаки распределения: 3 получ., 6 tx, 1.60 млн KZT; вход: 1 плательщ., 56.5 тыс. KZT.",1,3,56520.0,1595700.0,1,6,0.0002999580831076408,28.23248407643312,3,False,False,1.0,1,4.007123775601068e-05,0.0,False
100000002369510100,peripheral,0.8099354695149088,7,0.20315976858032933,"Периферийный профиль: in/out degree 1/0, оборот 37.1 тыс. KZT; выраженной структурной роли нет.",1,0,37150.0,0.0,1,0,0.00028979308790464314,0.0,3,False,False,1.0,1,0.0,0.0,False
100000001954534100,coordinator,0.6680507343124166,3,0.7672452158433467,"Связующий профиль: seed-ветвей 1, соседних кластеров 0; in/out degree 1/1, bridge pctl 82%.",1,1,13000.0,40000.0,1,1,0.00036475265386458485,3.076923076923077,3,False,False,1.0,1,1.3357079252003561e-05,0.0,False
100000008488166100,peripheral,0.8099354695149088,7,0.09635068980863373,"Периферийный профиль: in/out degree 1/0, оборот 5.6 тыс. KZT; выраженной структурной роли нет.",1,0,5600.0,0.0,1,0,0.00028490491631264896,0.0,3,False,False,1.0,1,0.0,0.0,False
100000005100475100,peripheral,0.8099354695149088,14,0.35113484646194926,"Периферийный профиль: in/out degree 1/0, оборот 40.0 тыс. KZT; выраженной структурной роли нет.",1,0,40000.0,0.0,1,0,0.00033587564344604787,0.0,3,False,False,1.0,1,0.0,0.0,False
100000002708624100,peripheral,0.8099354695149088,23,0.24877614597240766,"Периферийный профиль: in/out degree 1/0, оборот 25.0 тыс. KZT; выраженной структурной роли нет.",1,0,25000.0,0.0,1,0,0.0003268705895481701,0.0,3,False,False,1.0,1,0.0,0.0,False
100000004591973100,coordinator,0.7954428126390743,8,0.8282153983088563,"Связующий профиль: seed-ветвей 2, соседних кластеров 0; in/out degree 1/1, bridge pctl 88%.",1,1,10000.0,100000.0,1,1,0.0003967252062312805,10.0,3,False,False,1.0,2,1.92935589195607e-05,0.0,False
100000000802149100,peripheral,0.8099354695149088,3,0.37828215398308856,"Периферийный профиль: in/out degree 1/0, оборот 104.1 тыс. KZT; выраженной структурной роли нет.",1,0,104128.0,0.0,1,0,0.0002932013408422606,0.0,3,False,False,1.0,1,0.0,0.0,False
100000003095610100,peripheral,0.8099354695149088,12,0.09635068980863373,"Периферийный профиль: in/out degree 1/0, оборот 23.7 тыс. KZT; выраженной структурной роли нет.",1,0,23665.0,0.0,1,0,0.0002927931696890493,0.0,3,False,False,1.0,1,0.0,0.0,False
100000004183610100,coordinator,0.669218958611482,11,0.8273253226524254,"Связующий профиль: seed-ветвей 1, соседних кластеров 0; in/out degree 1/1, bridge pctl 85%.",1,1,22000.0,915000.0,1,3,0.0003388282753830657,41.59090909090909,3,False,False,1.0,1,1.3401751757863106e-05,0.0,False
100000005198906100,coordinator,0.7485202492211839,5,0.8331108144192256,"Связующий профиль: seed-ветвей 3, соседних кластеров 0; in/out degree 1/1, bridge pctl 82%.",1,1,227970.0,60000.0,1,1,0.00029136440246989466,0.26319252533228055,3,False,False,1.0,3,1.3357079252003561e-05,0.0,False
100000008599354100,coordinator,0.5683867378727192,3,0.7699154428126391,"Связующий профиль: seed-ветвей 2, соседних кластеров 0; in/out degree 1/1, bridge pctl 39%.",1,1,177000.0,38200.0,1,2,0.000329833060086116,0.21581920903954802,3,False,False,1.0,2,0.0,0.0,False
100000001303311100,terminal,0.9586915887850467,2,0.7276368491321762,"Получатель-кандидат: 5 плательщ., 5 tx, 1.32 млн KZT; исходящих рёбер 0.",5,0,1324000.0,0.0,5,0,0.0004987325780537559,0.0,3,False,False,1.0,1,0.0,0.0,False
100000008776420100,peripheral,0.8099354695149088,7,0.3186470850022252,"Периферийный профиль: in/out degree 1/0, оборот 69.5 тыс. KZT; выраженной структурной роли нет.",1,0,69500.0,0.0,1,0,0.00029480520679532504,0.0,3,False,False,1.0,1,0.0,0.0,False
100000004737764100,peripheral,0.8099354695149088,6,0.6230529595015576,"Периферийный профиль: in/out degree 1/0, оборот 600.0 тыс. KZT; выраженной структурной роли нет.",1,0,600000.0,0.0,1,0,0.0006721666991218458,0.0,3,False,False,1.0,1,0.0,0.0,False
100000003154105100,distributor,0.860368074767851,15,0.8762794837561193,"Признаки распределения: 7 получ., 9 tx, 338.0 тыс. KZT; вход: 1 плательщ., 60.0 тыс. KZT.",1,7,60000.0,338000.0,1,9,0.0005470588102274974,5.633333333333334,3,False,False,1.0,1,9.349955476402493e-05,0.25,False
100000008708025100,peripheral,0.8099354695149088,18,0.18580329327992878,"Периферийный профиль: in/out degree 1/0, оборот 10.0 тыс. KZT; выраженной структурной роли нет.",1,0,10000.0,0.0,1,0,0.0003075295097619844,0.0,3,False,False,1.0,1,0.0,0.0,False
100000008740793100,peripheral,0.8099354695149088,7,0.09635068980863373,"Периферийный профиль: in/out degree 1/0, оборот 21.0 тыс. KZT; выраженной структурной роли нет.",1,0,21000.0,0.0,1,0,0.0002872909018123862,0.0,3,False,False,1.0,1,0.0,0.0,False
100000008459449100,peripheral,0.8099354695149088,3,0.5135736537605696,"Периферийный профиль: in/out degree 1/0, оборот 53.7 тыс. KZT; выраженной структурной роли нет.",1,0,53700.0,0.0,1,0,0.00029793125759591376,0.0,3,False,False,1.0,2,0.0,0.0,False
100000008677518100,peripheral,0.8099354695149088,7,0.24521584334668448,"Периферийный профиль: in/out degree 1/0, оборот 48.7 тыс. KZT; выраженной структурной роли нет.",1,0,48700.0,0.0,1,0,0.0002915825770294461,0.0,3,False,False,1.0,1,0.0,0.0,False
100000002212494100,peripheral,0.8099354695149088,27,0.5166889185580774,"Периферийный профиль: in/out degree 1/0, оборот 160.0 тыс. KZT; выраженной структурной роли нет.",1,0,160000.0,0.0,1,0,0.00035446819033961016,0.0,3,False,False,1.0,1,0.0,0.0,False
100000001825934100,coordinator,0.5625767690253671,31,0.7489986648865153,"Связующий профиль: seed-ветвей 1, соседних кластеров 0; in/out degree 1/1, bridge pctl 39%.",1,1,40000.0,97000.0,1,1,0.000472918527650483,2.425,3,False,False,1.0,1,0.0,0.0,False
100000003736419100,coordinator,0.7225122385402759,3,0.8375611927013796,"Связующий профиль: seed-ветвей 2, соседних кластеров 0; in/out degree 1/1, bridge pctl 82%.",1,1,23300.0,10000.0,1,1,0.00029006576857967576,0.4291845493562232,3,False,False,1.0,2,1.3357079252003561e-05,0.4291845493562232,False
100000008430691100,coordinator,0.6529060970182464,1,0.9341344014241211,"Связующий профиль: seed-ветвей 1, соседних кластеров 0; in/out degree 1/2, bridge pctl 82%.",1,2,20000.0,604900.0,1,2,0.00030528670370699376,30.245,3,False,False,1.0,1,1.3357079252003561e-05,1.0,True
100000003073635100,peripheral,0.8099354695149088,3,0.4441477525589675,"Периферийный профиль: in/out degree 1/0, оборот 129.2 тыс. KZT; выраженной структурной роли нет.",1,0,129231.0,0.0,1,0,0.00031012331793134687,0.0,3,False,False,1.0,1,0.0,0.0,False
100000001686328100,peripheral,0.8099354695149088,2,0.46239430351579885,"Периферийный профиль: in/out degree 1/0, оборот 140.0 тыс. KZT; выраженной структурной роли нет.",1,0,140000.0,0.0,1,0,0.00031332591270287594,0.0,3,False,False,1.0,1,0.0,0.0,False
100000008707810100,peripheral,0.8099354695149088,7,0.15331553182020471,"Периферийный профиль: in/out degree 1/0, оборот 26.2 тыс. KZT; выраженной структурной роли нет.",1,0,26200.0,0.0,1,0,0.00028809655925385595,0.0,3,False,False,1.0,1,0.0,0.0,False
100000001236706100,coordinator,1.0,0,0.8869603916332889,"Связующий профиль: seed-ветвей 4, соседних кластеров 1; in/out degree 3/2, bridge pctl 89%.",3,2,142700.0,36000.0,3,2,0.0007612755267649362,0.25227750525578135,3,False,False,1.0,4,2.6714158504007122e-05,0.0,False
100000008536546100,terminal,0.8632356030262573,2,0.6404094348019582,"Получатель-кандидат: 2 плательщ., 2 tx, 250.0 тыс. KZT; исходящих рёбер 0.",2,0,250000.0,0.0,2,0,0.0003155105096149619,0.0,3,False,False,1.0,1,0.0,0.0,False
100000007140834100,terminal,0.704840409434802,3,0.6746773475745438,"Получатель-кандидат: 1 плательщ., 2 tx, 10.2 тыс. KZT; исходящих рёбер 0.",1,0,10200.0,0.0,2,0,0.000707612062779807,0.0,3,False,False,1.0,1,0.0,0.0,False
100000007022818100,peripheral,0.8099354695149088,7,0.09635068980863373,"Периферийный профиль: in/out degree 1/0, оборот 17.2 тыс. KZT; выраженной структурной роли нет.",1,0,17200.0,0.0,1,0,0.00028670215214361987,0.0,3,False,False,1.0,1,0.0,0.0,False
100000007484343100,terminal,0.768480818869604,10,0.6742323097463284,"Получатель-кандидат: 2 плательщ., 2 tx, 26.8 тыс. KZT; исходящих рёбер 0.",2,0,26757.0,0.0,2,0,0.0002875733429543084,0.0,3,False,False,1.0,2,0.0,0.0,False
100000001379511100,peripheral,0.8099354695149088,28,0.32309746328437916,"Периферийный профиль: in/out degree 1/0, оборот 55.0 тыс. KZT; выраженной структурной роли нет.",1,0,55000.0,0.0,1,0,0.00030561180081902965,0.0,3,False,False,1.0,1,0.0,0.0,False
100000004569484100,distributor,0.8433706129320795,12,0.9007565643079661,"Признаки распределения: 4 получ., 4 tx, 156.0 тыс. KZT; вход: 2 плательщ., 98.3 тыс. KZT.",2,4,98312.0,156000.0,3,4,0.0003176306569773007,1.586784929611848,3,False,False,1.0,1,0.0003438211140793509,0.0,True
100000002948492100,peripheral,0.8099354695149088,9,0.09635068980863373,"Периферийный профиль: in/out degree 1/0, оборот 23.7 тыс. KZT; выраженной структурной роли нет.",1,0,23660.0,0.0,1,0,0.00029070193628302006,0.0,3,False,False,1.0,1,0.0,0.0,False
100000002116705100,peripheral,0.8099354695149088,7,0.09635068980863373,"Периферийный профиль: in/out degree 1/0, оборот 17.6 тыс. KZT; выраженной структурной роли нет.",1,0,17600.0,0.0,1,0,0.0002867641257929637,0.0,3,False,False,1.0,1,0.0,0.0,False
100000002481974100,coordinator,0.8162550066755674,11,0.8518024032042724,"Связующий профиль: seed-ветвей 1, соседних кластеров 1; in/out degree 2/2, bridge pctl 89%.",2,2,89447.0,318000.0,2,4,0.000329812020025752,3.5551779265934016,3,False,False,1.0,1,2.6714158504007122e-05,0.0,False
100000003920950100,peripheral,0.8099354695149088,0,0.5585224744103249,"Периферийный профиль: in/out degree 1/0, оборот 323.3 тыс. KZT; выраженной структурной роли нет.",1,0,323290.0,0.0,1,0,0.0003894198933338401,0.0,3,False,False,1.0,1,0.0,0.0,False
100000000733451100,coordinator,0.7037850467289719,29,0.8264352469959947,"Связующий профиль: seed-ветвей 1, соседних кластеров 0; in/out degree 1/1, bridge pctl 88%.",1,1,70000.0,300000.0,2,1,0.0005373674498548311,4.285714285714286,3,False,False,1.0,1,1.92935589195607e-05,0.0,False
100000005182219100,terminal,0.8315079661771251,5,0.7049399198931909,"Получатель-кандидат: 2 плательщ., 2 tx, 55.0 тыс. KZT; исходящих рёбер 0.",2,0,55000.0,0.0,2,0,0.00035209380723747705,0.0,3,False,False,1.0,3,0.0,0.0,False
100000008633099100,coordinator,0.6161949265687583,0,0.7463284379172229,"Связующий профиль: seed-ветвей 1, соседних кластеров 0; in/out degree 1/1, bridge pctl 82%.",1,1,19468.0,13500.0,1,1,0.00029038325513963215,0.6934456544072324,3,False,False,1.0,1,1.3357079252003561e-05,0.0,False
100000001380107100,peripheral,0.8099354695149088,15,0.09635068980863373,"Периферийный профиль: in/out degree 1/0, оборот 6.0 тыс. KZT; выраженной структурной роли нет.",1,0,6000.0,0.0,1,0,0.00028937703773519334,0.0,3,False,False,1.0,1,0.0,0.0,False
100000008755168100,peripheral,0.8099354695149088,7,0.09635068980863373,"Периферийный профиль: in/out degree 1/0, оборот 17.6 тыс. KZT; выраженной структурной роли нет.",1,0,17600.0,0.0,1,0,0.0002867641257929637,0.0,3,False,False,1.0,1,0.0,0.0,False
100000002628576100,coordinator,0.9336804628393414,5,0.9888740542946151,"Связующий профиль: seed-ветвей 3, соседних кластеров 1; in/out degree 2/2, bridge pctl 89%.",2,2,727882.0,539000.0,3,2,0.0003096511018045274,0.7405046422359668,3,False,False,1.0,3,2.6714158504007122e-05,0.7405046422359668,False
100000001611488100,terminal,0.939261593235425,5,0.7627948375611927,"Получатель-кандидат: 2 плательщ., 3 tx, 779.3 тыс. KZT; исходящих рёбер 0.",2,0,779300.0,0.0,3,0,0.0008715936754640182,0.0,3,False,False,1.0,3,0.0,0.0,False
100000005375968100,coordinator,0.7629884290164664,10,0.8500222518914108,"Связующий профиль: seed-ветвей 2, соседних кластеров 0; in/out degree 1/2, bridge pctl 90%.",1,2,170082.0,86000.0,1,4,0.0002935494319789958,0.5056384567443939,3,False,False,1.0,2,2.680350351572621e-05,0.11759033877776602,False
100000003581109100,peripheral,0.8099354695149088,10,0.49132176234979974,"Периферийный профиль: in/out degree 1/0, оборот 42.8 тыс. KZT; выраженной структурной роли нет.",1,0,42750.0,0.0,1,0,0.00028642815711814784,0.0,3,False,False,1.0,2,0.0,0.0,False
100000002933386100,coordinator,0.7072229639519358,0,0.8015131286159324,"Связующий профиль: seed-ветвей 1, соседних кластеров 0; in/out degree 1/1, bridge pctl 86%.",1,1,15000.0,58000.0,1,1,0.0006486349801397694,3.8666666666666667,3,False,False,1.0,1,1.4841199168892845e-05,0.0,False
100000002284426100,terminal,0.8033326212728082,5,0.7022696929238985,"Получатель-кандидат: 1 плательщ., 2 tx, 90.0 тыс. KZT; исходящих рёбер 0.",1,0,90000.0,0.0,2,0,0.0002869299489597191,0.0,3,False,False,1.0,3,0.0,0.0,False
100000008579978100,coordinator,0.7226190476190477,5,0.8856252781486427,"Связующий профиль: seed-ветвей 3, соседних кластеров 0; in/out degree 1/1, bridge pctl 82%.",1,1,34000.0,77000.0,1,6,0.00028513006930059145,2.264705882352941,3,False,False,1.0,3,1.3357079252003561e-05,0.29411764705882354,False
100000001549194100,peripheral,0.8099354695149088,9,0.23542501112594572,"Периферийный профиль: in/out degree 1/0, оборот 46.5 тыс. KZT; выраженной структурной роли нет.",1,0,46500.0,0.0,1,0,0.0002971356062000723,0.0,3,False,False,1.0,1,0.0,0.0,False
100000001427082100,distributor,0.8852969841348798,15,0.8326657765910103,"Признаки распределения: 5 получ., 6 tx, 124.9 тыс. KZT; вход: 1 плательщ., 5.0 тыс. KZT.",1,5,5000.0,124900.0,1,6,0.00043665393520464296,24.98,3,False,False,1.0,2,5.3428317008014244e-05,0.0,False
100000004657034100,peripheral,0.8099354695149088,5,0.5812194036493102,"Периферийный профиль: in/out degree 1/0, оборот 141.2 тыс. KZT; выраженной структурной роли нет.",1,0,141250.0,0.0,1,0,0.0002885771602549028,0.0,3,False,False,1.0,3,0.0,0.0,False
100000003796063100,distributor,0.9086020610192225,0,0.9870939029817535,"Признаки распределения: 15 получ., 23 tx, 959.1 тыс. KZT; вход: 1 плательщ., 35.0 тыс. KZT.",1,15,35000.0,959150.0,1,23,0.0006808525920436817,27.404285714285713,3,False,False,1.0,1,0.00044576986076805546,1.0,True
100000005268319100,distributor,0.843576565504264,0,0.9368046283934134,"Признаки распределения: 5 получ., 10 tx, 91.0 тыс. KZT; вход: 1 плательщ., 19.7 тыс. KZT.",1,5,19712.8,91000.0,2,10,0.0002920482292442217,4.6162899232985675,3,False,False,1.0,1,2.8263489750577905e-05,0.9216245282253155,True
100000008744799100,peripheral,0.8099354695149088,7,0.09635068980863373,"Периферийный профиль: in/out degree 1/0, оборот 12.6 тыс. KZT; выраженной структурной роли нет.",1,0,12600.0,0.0,1,0,0.0002859894551761659,0.0,3,False,False,1.0,1,0.0,0.0,False
100000008677215100,peripheral,0.8099354695149088,19,0.17222963951935916,"Периферийный профиль: in/out degree 1/0, оборот 9.0 тыс. KZT; выраженной структурной роли нет.",1,0,9000.0,0.0,1,0,0.0003029374214943219,0.0,3,False,False,1.0,1,0.0,0.0,False
100000007593823100,coordinator,0.9579862038273252,0,0.9915442812639075,"Связующий профиль: seed-ветвей 3, соседних кластеров 3; in/out degree 3/13, bridge pctl 98%.",3,13,25000.0,162900.0,3,21,0.0002890209835606445,6.516,3,False,False,1.0,3,0.0005344682029691222,0.6,True
100000001282143100,terminal,0.9699709835336003,13,0.7757009345794392,"Получатель-кандидат: 5 плательщ., 6 tx, 1.70 млн KZT; исходящих рёбер 0.",5,0,1700000.0,0.0,6,0,0.00039944917510150726,0.0,3,False,False,1.0,3,0.0,0.0,False
100000008029279100,peripheral,0.8099354695149088,3,0.09635068980863373,"Периферийный профиль: in/out degree 1/0, оборот 17.0 тыс. KZT; выраженной структурной роли нет.",1,0,17000.0,0.0,1,0,0.00028746883458740323,0.0,3,False,False,1.0,1,0.0,0.0,False
100000000594783100,peripheral,0.31444147752558965,20,0.6408544726301736,"Периферийный профиль: in/out degree 1/2, оборот 2.79 млн KZT; выраженной структурной роли нет.",1,2,2635000.0,152500.0,10,2,0.0014558521007307307,0.05787476280834915,3,False,False,1.0,1,0.0,0.03510436432637571,True
100000002705460100,peripheral,0.8099354695149088,1,0.5438362260792168,"Периферийный профиль: in/out degree 1/0, оборот 95.0 тыс. KZT; выраженной структурной роли нет.",1,0,95000.0,0.0,1,0,0.0005542386259741372,0.0,3,False,False,1.0,1,0.0,0.0,False
100000002952756100,peripheral,0.8099354695149088,13,0.40364931019136624,"Периферийный профиль: in/out degree 1/0, оборот 47.0 тыс. KZT; выраженной структурной роли нет.",1,0,47000.0,0.0,1,0,0.0003656342023099453,0.0,3,False,False,1.0,1,0.0,0.0,False
100000004634420100,peripheral,0.8099354695149088,7,0.09635068980863373,"Периферийный профиль: in/out degree 1/0, оборот 26.1 тыс. KZT; выраженной структурной роли нет.",1,0,26150.0,0.0,1,0,0.00028808881254768797,0.0,3,False,False,1.0,1,0.0,0.0,False
100000000583220100,coordinator,0.6308277703604807,11,0.8064085447263017,"Связующий профиль: seed-ветвей 1, соседних кластеров 0; in/out degree 1/1, bridge pctl 82%.",1,1,5000.0,761255.0,1,4,0.00029648978298575136,152.251,3,False,False,1.0,1,1.3357079252003561e-05,0.0,False
100000003286537100,terminal,0.8452080106809079,2,0.5945705384957721,"Получатель-кандидат: 2 плательщ., 2 tx, 153.0 тыс. KZT; исходящих рёбер 0.",2,0,153000.0,0.0,2,0,0.00029948542905499915,0.0,3,False,False,1.0,1,0.0,0.0,False
100000002958345100,peripheral,0.8099354695149088,13,0.4833110814419226,"Периферийный профиль: in/out degree 1/0, оборот 307.0 тыс. KZT; выраженной структурной роли нет.",1,0,307000.0,0.0,1,0,0.0002985555737801076,0.0,3,False,False,1.0,1,0.0,0.0,False
100000005055454100,peripheral,0.8099354695149088,25,0.3885180240320427,"Периферийный профиль: in/out degree 1/0, оборот 6.5 тыс. KZT; выраженной структурной роли нет.",1,0,6500.0,0.0,1,0,0.0005025562666008139,0.0,3,False,False,1.0,1,0.0,0.0,False
100000008738526100,coordinator,0.5962216288384512,2,0.7761459724076547,"Связующий профиль: seed-ветвей 1, соседних кластеров 0; in/out degree 1/1, bridge pctl 82%.",1,1,15000.0,140000.0,1,1,0.0002859078471846125,9.333333333333334,3,False,False,1.0,1,1.3357079252003561e-05,0.0,False
100000001298099100,peripheral,0.8099354695149088,12,0.09635068980863373,"Периферийный профиль: in/out degree 1/0, оборот 19.0 тыс. KZT; выраженной структурной роли нет.",1,0,19000.0,0.0,1,0,0.0002910671523199577,0.0,3,False,False,1.0,1,0.0,0.0,False
100000006491272100,peripheral,0.8099354695149088,7,0.15331553182020471,"Периферийный профиль: in/out degree 1/0, оборот 26.2 тыс. KZT; выраженной структурной роли нет.",1,0,26200.0,0.0,1,0,0.00028809655925385595,0.0,3,False,False,1.0,1,0.0,0.0,False
100000000552584100,peripheral,0.38199821984868715,20,0.6510903426791277,"Периферийный профиль: in/out degree 1/1, оборот 2.56 млн KZT; выраженной структурной роли нет.",1,1,2500000.0,57500.0,3,1,0.001395816047564241,0.023,3,False,False,1.0,1,0.0,0.0,True
100000005187208100,peripheral,0.8099354695149088,14,0.19893190921228304,"Периферийный профиль: in/out degree 1/0, оборот 14.2 тыс. KZT; выраженной структурной роли нет.",1,0,14160.0,0.0,1,0,0.0003102546286926449,0.0,3,False,False,1.0,1,0.0,0.0,False
100000003528285100,coordinator,0.9903048509123276,3,0.9706275033377837,"Связующий профиль: seed-ветвей 2, соседних кластеров 2; in/out degree 4/4, bridge pctl 97%.",4,4,118870.0,548000.0,5,6,0.0004019555544844094,4.6100782367292,3,False,False,1.0,2,0.00023626326694126403,0.5047530916126861,False
100000001484381100,terminal,0.8835172229639521,12,0.6639964396973743,"Получатель-кандидат: 2 плательщ., 4 tx, 95.6 тыс. KZT; исходящих рёбер 0.",2,0,95585.0,0.0,4,0,0.00031951026740258793,0.0,3,False,False,1.0,1,0.0,0.0,False
100000002508637100,coordinator,0.6319225634178905,11,0.7708055184690699,"Связующий профиль: seed-ветвей 1, соседних кластеров 0; in/out degree 1/1, bridge pctl 78%.",1,1,306410.0,8000.0,1,1,0.0003057079451464588,0.02610880845925394,3,False,False,1.0,1,1.4841199168892846e-06,0.0,False
100000003149149100,peripheral,0.8099354695149088,5,0.6083667111704495,"Периферийный профиль: in/out degree 1/0, оборот 245.0 тыс. KZT; выраженной структурной роли нет.",1,0,245000.0,0.0,1,0,0.0002919117587305187,0.0,3,False,False,1.0,3,0.0,0.0,False
100000001538095100,terminal,0.8665333333333334,2,0.6550956831330663,"Получатель-кандидат: 2 плательщ., 2 tx, 280.0 тыс. KZT; исходящих рёбер 0.",2,0,280000.0,0.0,2,0,0.0003283091783003659,0.0,3,False,False,1.0,1,0.0,0.0,False
100000008695133100,peripheral,0.8099354695149088,7,0.19848687138406765,"Периферийный профиль: in/out degree 1/0, оборот 36.6 тыс. KZT; выраженной структурной роли нет.",1,0,36610.0,0.0,1,0,0.000289709423478029,0.0,3,False,False,1.0,1,0.0,0.0,False
100000008749405100,peripheral,0.8099354695149088,7,0.20315976858032933,"Периферийный профиль: in/out degree 1/0, оборот 37.1 тыс. KZT; выраженной структурной роли нет.",1,0,37150.0,0.0,1,0,0.00028979308790464314,0.0,3,False,False,1.0,1,0.0,0.0,False
100000005815602100,coordinator,0.6909612817089452,1,0.8041833555852247,"Связующий профиль: seed-ветвей 1, соседних кластеров 0; in/out degree 1/1, bridge pctl 82%.",1,1,20000.0,165000.0,1,1,0.0005488642323733615,8.25,3,False,False,1.0,1,1.3357079252003561e-05,0.0,False
100000006641671100,transit,0.8366753813165029,3,0.8455718736092568,"Признаки транзита: вход 22.0 тыс., выход 25.0 тыс. KZT; совпадение в тот же день 91%, двусторонних дней 2.",2,1,22000.0,25000.0,2,3,0.00043744713075217524,1.1363636363636365,3,False,False,1.0,1,7.420599584446423e-06,0.9090909090909091,False
100000002945031100,peripheral,0.8099354695149088,0,0.43079661771250555,"Периферийный профиль: in/out degree 1/0, оборот 15.0 тыс. KZT; выраженной структурной роли нет.",1,0,15000.0,0.0,1,0,0.00028954857965903674,0.0,3,False,False,1.0,2,0.0,0.0,False
100000003497735100,peripheral,0.8099354695149088,16,0.4165554072096128,"Периферийный профиль: in/out degree 1/0, оборот 125.0 тыс. KZT; выраженной структурной роли нет.",1,0,125000.0,0.0,1,0,0.0003052624757674972,0.0,3,False,False,1.0,1,0.0,0.0,False
100000004644615100,coordinator,0.5620115709835336,13,0.8024032042723631,"Связующий профиль: seed-ветвей 1, соседних кластеров 0; in/out degree 1/2, bridge pctl 39%.",1,2,50810.0,379665.0,1,14,0.0003722487609079389,7.472249557173785,3,False,False,1.0,1,0.0,0.34245227317457194,False
100000002755292100,peripheral,0.8099354695149088,5,0.599910992434357,"Периферийный профиль: in/out degree 1/0, оборот 203.4 тыс. KZT; выраженной структурной роли нет.",1,0,203400.0,0.0,1,0,0.00029057470526945247,0.0,3,False,False,1.0,3,0.0,0.0,False
100000005142492100,transit,0.5237741550137025,14,0.8388963061860258,"Признаки транзита: вход 10.0 тыс., выход 57.0 тыс. KZT; совпадение в тот же день 100%, двусторонних дней 1.",1,1,10000.0,57000.0,1,1,0.002008139934980487,5.7,3,False,False,1.0,1,0.0,1.0,True
100000002893020100,peripheral,0.8099354695149088,12,0.09635068980863373,"Периферийный профиль: in/out degree 1/0, оборот 18.3 тыс. KZT; выраженной структурной роли нет.",1,0,18340.0,0.0,1,0,0.00029082295693654925,0.0,3,False,False,1.0,1,0.0,0.0,False
100000004500444100,coordinator,0.7235291499777481,9,0.8584779706275033,"Связующий профиль: seed-ветвей 1, соседних кластеров 0; in/out degree 2/1, bridge pctl 82%.",2,1,180000.0,74000.0,7,5,0.00046193350121395346,0.4111111111111111,3,False,False,1.0,1,1.3357079252003561e-05,0.2388888888888889,False
100000008454065100,peripheral,0.8099354695149088,9,0.09635068980863373,"Периферийный профиль: in/out degree 1/0, оборот 24.1 тыс. KZT; выраженной структурной роли нет.",1,0,24050.0,0.0,1,0,0.00029081179316864397,0.0,3,False,False,1.0,1,0.0,0.0,False
100000008416433100,peripheral,0.8099354695149088,9,0.09635068980863373,"Периферийный профиль: in/out degree 1/0, оборот 20.0 тыс. KZT; выраженной структурной роли нет.",1,0,20000.0,0.0,1,0,0.00028967097166408785,0.0,3,False,False,1.0,1,0.0,0.0,False
100000005265073100,coordinator,0.6324032042723632,6,0.7476635514018691,"Связующий профиль: seed-ветвей 1, соседних кластеров 0; in/out degree 1/1, bridge pctl 82%.",1,1,5000.0,9000.0,1,1,0.00029750162389015843,1.8,3,False,False,1.0,1,1.3357079252003561e-05,0.0,False
100000006734214100,coordinator,1.0,5,0.9114374721851357,"Связующий профиль: seed-ветвей 3, соседних кластеров 3; in/out degree 5/3, bridge pctl 92%.",5,3,610000.0,36000.0,10,4,0.0006024580657402316,0.05901639344262295,3,False,False,1.0,3,4.4523597506678535e-05,0.013114754098360656,False
100000002611334100,coordinator,0.6411882510013351,0,0.7503337783711616,"Связующий профиль: seed-ветвей 1, соседних кластеров 0; in/out degree 1/1, bridge pctl 82%.",1,1,48288.0,15500.0,1,1,0.0003036607007159807,0.3209907223326706,3,False,False,1.0,1,1.3357079252003561e-05,0.0,False
100000006225798100,coordinator,0.9713306631063641,17,0.9012016021361816,"Связующий профиль: seed-ветвей 3, соседних кластеров 2; in/out degree 3/2, bridge pctl 89%.",3,2,722000.0,26300.0,4,2,0.0003578858499060077,0.03642659279778394,3,False,False,1.0,3,2.6714158504007122e-05,0.0,False
100000002849158100,coordinator,0.8326101468624834,2,0.9826435246995995,"Связующий профиль: seed-ветвей 2, соседних кластеров 0; in/out degree 3/1, bridge pctl 87%.",3,1,723000.0,1313000.0,3,3,0.00033446701476426617,1.8160442600276625,3,False,False,1.0,2,1.6379918815166017e-05,1.0,False
100000008686214100,peripheral,0.8099354695149088,0,0.09635068980863373,"Периферийный профиль: in/out degree 1/0, оборот 25.0 тыс. KZT; выраженной структурной роли нет.",1,0,25000.0,0.0,1,0,0.00029611367380212,0.0,3,False,False,1.0,1,0.0,0.0,False
100000004931931100,coordinator,0.7229928793947485,3,0.7908322207387628,"Связующий профиль: seed-ветвей 2, соседних кластеров 0; in/out degree 1/1, bridge pctl 82%.",1,1,23938.0,45000.0,1,1,0.0002902308403557402,1.8798562954298605,3,False,False,1.0,2,1.3357079252003561e-05,0.0,False
100000007510875100,peripheral,0.8099354695149088,8,0.3119715175789942,"Периферийный профиль: in/out degree 1/0, оборот 5.0 тыс. KZT; выраженной структурной роли нет.",1,0,5000.0,0.0,1,0,0.00035620712949079817,0.0,3,False,False,1.0,1,0.0,0.0,False
100000005233755100,coordinator,0.6153404539385847,5,0.7703604806408545,"Связующий профиль: seed-ветвей 1, соседних кластеров 0; in/out degree 1/1, bridge pctl 82%.",1,1,25000.0,5000.0,1,1,0.000290033783487556,0.2,3,False,False,1.0,1,1.3357079252003561e-05,0.2,False
100000008042075100,peripheral,0.8099354695149088,20,0.09635068980863373,"Периферийный профиль: in/out degree 1/0, оборот 5.0 тыс. KZT; выраженной структурной роли нет.",1,0,5000.0,0.0,1,0,0.00029037635124970593,0.0,3,False,False,1.0,1,0.0,0.0,False
100000001680944100,peripheral,0.8099354695149088,2,0.5491766800178015,"Периферийный профиль: in/out degree 1/0, оборот 393.0 тыс. KZT; выраженной структурной роли нет.",1,0,393000.0,0.0,1,0,0.0003436539212889466,0.0,3,False,False,1.0,1,0.0,0.0,False
100000008417029100,peripheral,0.8099354695149088,2,0.3943035157988429,"Периферийный профиль: in/out degree 1/0, оборот 100.0 тыс. KZT; выраженной структурной роли нет.",1,0,100000.0,0.0,1,0,0.00030495773342257865,0.0,3,False,False,1.0,1,0.0,0.0,False
100000004975919100,coordinator,0.6378793947485535,3,0.7863818424566088,"Связующий профиль: seed-ветвей 1, соседних кластеров 0; in/out degree 1/2, bridge pctl 89%.",1,2,22351.0,15000.0,1,2,0.00028854896521417694,0.6711109122634334,3,False,False,1.0,1,2.6714158504007122e-05,0.0,False
100000003087877100,peripheral,0.8099354695149088,11,0.35870048954161105,"Периферийный профиль: in/out degree 1/0, оборот 91.5 тыс. KZT; выраженной структурной роли нет.",1,0,91486.0,0.0,1,0,0.00029050757664138467,0.0,3,False,False,1.0,1,0.0,0.0,False
100000008295429100,peripheral,0.8099354695149088,5,0.6199376947040498,"Периферийный профиль: in/out degree 1/0, оборот 352.0 тыс. KZT; выраженной структурной роли нет.",1,0,352000.0,0.0,1,0,0.00029535081450778034,0.0,3,False,False,1.0,3,0.0,0.0,False
100000003254277100,transit,0.7356785909668175,10,0.8304405874499332,"Признаки транзита: вход 49.2 тыс., выход 45.0 тыс. KZT; совпадение в тот же день 91%, двусторонних дней 1.",1,1,49200.0,44997.0,1,1,0.0002867888851586441,0.9145731707317073,3,False,False,1.0,2,1.3401751757863106e-05,0.9145731707317073,False
100000005314565100,terminal,0.8274627503337784,0,0.6680017801513128,"Получатель-кандидат: 1 плательщ., 3 tx, 218.5 тыс. KZT; исходящих рёбер 0.",1,0,218500.0,0.0,3,0,0.00037283193990769416,0.0,3,False,False,1.0,1,0.0,0.0,False
100000002951898100,peripheral,0.8099354695149088,9,0.2105028927458834,"Периферийный профиль: in/out degree 1/0, оборот 40.0 тыс. KZT; выраженной структурной роли нет.",1,0,39990.0,0.0,1,0,0.00029530184126311915,0.0,3,False,False,1.0,1,0.0,0.0,False
100000001009583100,peripheral,0.8099354695149088,5,0.6234979973297731,"Периферийный профиль: in/out degree 1/0, оборот 393.7 тыс. KZT; выраженной структурной роли нет.",1,0,393740.0,0.0,1,0,0.0002966923676679944,0.0,3,False,False,1.0,3,0.0,0.0,False
100000004064431100,coordinator,0.4958210947930574,21,0.6533155318202047,"Связующий профиль: seed-ветвей 1, соседних кластеров 0; in/out degree 1/1, bridge pctl 39%.",1,1,26000.0,10000.0,1,1,0.0002894821785025139,0.38461538461538464,3,False,False,1.0,1,0.0,0.0,False
100000001927599100,terminal,0.8522871384067646,12,0.6955941255006676,"Получатель-кандидат: 2 плательщ., 2 tx, 188.0 тыс. KZT; исходящих рёбер 0.",2,0,188000.0,0.0,2,0,0.00032543637017315,0.0,3,False,False,1.0,2,0.0,0.0,False
100000007737775100,peripheral,0.8099354695149088,30,0.16377392078326658,"Периферийный профиль: in/out degree 1/0, оборот 6.0 тыс. KZT; выраженной структурной роли нет.",1,0,6000.0,0.0,1,0,0.00030141544480648226,0.0,3,False,False,1.0,1,0.0,0.0,False
100000003157679100,terminal,0.9527394748553627,2,0.7334223408989764,"Получатель-кандидат: 4 плательщ., 4 tx, 541.0 тыс. KZT; исходящих рёбер 0.",4,0,541000.0,0.0,4,0,0.0003707357300151717,0.0,3,False,False,1.0,2,0.0,0.0,False
100000001229743100,coordinator,0.6009212283044059,0,0.7427681352914998,"Связующий профиль: seed-ветвей 1, соседних кластеров 0; in/out degree 1/1, bridge pctl 82%.",1,1,7000.0,9000.0,1,1,0.0002868819652346547,1.2857142857142858,3,False,False,1.0,1,1.3357079252003561e-05,0.0,False
100000003795588100,terminal,0.830003738317757,3,0.6555407209612817,"Получатель-кандидат: 1 плательщ., 2 tx, 400.0 тыс. KZT; исходящих рёбер 0.",1,0,400000.0,0.0,2,0,0.0003192403261730693,0.0,3,False,False,1.0,1,0.0,0.0,False
100000002301828100,peripheral,0.8099354695149088,17,0.2389853137516689,"Периферийный профиль: in/out degree 1/0, оборот 47.0 тыс. KZT; выраженной структурной роли нет.",1,0,46977.0,0.0,1,0,0.0002913774696126098,0.0,3,False,False,1.0,1,0.0,0.0,False
100000005409156100,terminal,0.8906912327547841,5,0.7254116599910992,"Получатель-кандидат: 2 плательщ., 2 tx, 260.1 тыс. KZT; исходящих рёбер 0.",2,0,260080.0,0.0,2,0,0.0004214259198156218,0.0,3,False,False,1.0,3,0.0,0.0,False
100000002513028100,distributor,0.8236475101309925,44,0.8371161548731643,"Признаки распределения: 3 получ., 24 tx, 332.7 тыс. KZT; вход: 1 плательщ., 9.5 тыс. KZT.",1,3,9500.0,332709.0,1,24,0.00030391711570524634,35.022,3,False,False,1.0,1,4.007123775601068e-05,0.0,False
100000003218308100,peripheral,0.8099354695149088,10,0.43079661771250555,"Периферийный профиль: in/out degree 1/0, оборот 11.2 тыс. KZT; выраженной структурной роли нет.",1,0,11165.0,0.0,1,0,0.00028466170825627586,0.0,3,False,False,1.0,2,0.0,0.0,False
100000008489604100,peripheral,0.8099354695149088,7,0.09635068980863373,"Периферийный профиль: in/out degree 1/0, оборот 11.0 тыс. KZT; выраженной структурной роли нет.",1,0,11000.0,0.0,1,0,0.0002857415605787906,0.0,3,False,False,1.0,1,0.0,0.0,False
100000004450649100,coordinator,0.9455696484201156,5,0.8700489541611037,"Связующий профиль: seed-ветвей 3, соседних кластеров 2; in/out degree 2/2, bridge pctl 95%.",2,2,192528.0,46527.0,2,2,0.00029732278784983304,0.24166355023684866,3,False,False,1.0,3,8.735956701421877e-05,0.0,False
100000008767065100,peripheral,0.8099354695149088,2,0.09635068980863373,"Периферийный профиль: in/out degree 1/0, оборот 10.0 тыс. KZT; выраженной структурной роли нет.",1,0,10000.0,0.0,1,0,0.0002855542479716347,0.0,3,False,False,1.0,1,0.0,0.0,False
100000003035737100,coordinator,0.9287650200267024,5,0.8976412995104583,"Связующий профиль: seed-ветвей 3, соседних кластеров 1; in/out degree 2/1, bridge pctl 82%.",2,1,809170.0,6544.53,3,1,0.00037655124729773457,0.008087954323566123,3,False,False,1.0,3,1.3357079252003561e-05,0.0,False
100000002748761100,terminal,0.8849936804628394,13,0.678237650200267,"Получатель-кандидат: 1 плательщ., 3 tx, 796.8 тыс. KZT; исходящих рёбер 0.",1,0,796800.0,0.0,3,0,0.0003217186282942501,0.0,3,False,False,1.0,1,0.0,0.0,False
100000008432942100,terminal,0.7703113484646196,10,0.6751223854027593,"Получатель-кандидат: 1 плательщ., 2 tx, 44.5 тыс. KZT; исходящих рёбер 0.",1,0,44542.0,0.0,2,0,0.000286528377993895,0.0,3,False,False,1.0,2,0.0,0.0,False
100000004278574100,coordinator,0.7215776591010237,5,0.8001780151312862,"Связующий профиль: seed-ветвей 3, соседних кластеров 0; in/out degree 1/1, bridge pctl 82%.",1,1,25000.0,12500.0,1,1,0.0002848408029268031,0.5,3,False,False,1.0,3,1.3357079252003561e-05,0.0,False
100000000926766100,peripheral,0.440865598575879,23,0.5028927458834,"Периферийный профиль: in/out degree 1/1, оборот 24.8 тыс. KZT; выраженной структурной роли нет.",1,1,18750.0,6000.0,1,1,0.0003161622634665864,0.32,3,False,False,1.0,1,0.0,0.32,True
100000008661550100,peripheral,0.8099354695149088,7,0.09635068980863373,"Периферийный профиль: in/out degree 1/0, оборот 22.8 тыс. KZT; выраженной структурной роли нет.",1,0,22800.0,0.0,1,0,0.0002875697832344334,0.0,3,False,False,1.0,1,0.0,0.0,False
100000000783406100,peripheral,0.8099354695149088,17,0.09635068980863373,"Периферийный профиль: in/out degree 1/0, оборот 6.1 тыс. KZT; выраженной структурной роли нет.",1,0,6066.0,0.0,1,0,0.0002886182012311112,0.0,3,False,False,1.0,1,0.0,0.0,False
100000008730371100,terminal,0.933589497107254,3,0.7472185135736538,"Получатель-кандидат: 2 плательщ., 3 tx, 520.0 тыс. KZT; исходящих рёбер 0.",2,0,520000.0,0.0,3,0,0.000852487275622241,0.0,3,False,False,1.0,1,0.0,0.0,False
100000002878467100,terminal,0.8818533155318202,2,0.6328437917222964,"Получатель-кандидат: 2 плательщ., 2 tx, 200.0 тыс. KZT; исходящих рёбер 0.",2,0,200000.0,0.0,2,0,0.000312794112996369,0.0,3,False,False,1.0,1,0.0,0.0,False
100000003171587100,coordinator,0.9415509568313307,11,0.8967512238540276,"Связующий профиль: seed-ветвей 3, соседних кластеров 1; in/out degree 2/2, bridge pctl 90%.",2,2,700000.0,431300.0,2,7,0.0003142525170501296,0.6161428571428571,3,False,False,1.0,3,2.968239833778569e-05,0.0,False
100000002696152100,coordinator,0.725028927458834,30,0.936359590565198,"Связующий профиль: seed-ветвей 1, соседних кластеров 0; in/out degree 1/2, bridge pctl 86%.",1,2,21800.0,69000.0,3,8,0.0011972941202183776,3.165137614678899,3,False,False,1.0,1,1.4841199168892845e-05,0.0,True
100000002109656100,peripheral,0.8099354695149088,13,0.5262572318647085,"Периферийный профиль: in/out degree 1/0, оборот 500.0 тыс. KZT; выраженной структурной роли нет.",1,0,500000.0,0.0,1,0,0.0003076827063265133,0.0,3,False,False,1.0,1,0.0,0.0,False
100000001317336100,coordinator,0.6939741878059634,27,0.851357365376057,"Связующий профиль: seed-ветвей 1, соседних кластеров 0; in/out degree 1/2, bridge pctl 90%.",1,2,131196.0,1752000.0,1,3,0.0003417888666457828,13.354065672733924,3,False,False,1.0,1,2.968239833778569e-05,0.0,False
100000005222360100,peripheral,0.440865598575879,9,0.6132621272808189,"Периферийный профиль: in/out degree 1/1, оборот 32.0 тыс. KZT; выраженной структурной роли нет.",1,1,5000.0,27000.0,1,1,0.0006006689434640244,5.4,3,False,False,1.0,1,0.0008094390026714157,0.0,True
100000001445848100,transit,0.5412527472527472,17,0.8237650200267023,"Признаки транзита: вход 546.0 тыс., выход 351.9 тыс. KZT; совпадение в тот же день 12%, двусторонних дней 3.",1,1,546000.0,351850.0,13,14,0.0006963650367985873,0.6444139194139195,3,False,False,1.0,1,0.0,0.11721611721611722,True
100000008720856100,coordinator,0.6532042723631508,14,0.7725856697819314,"Связующий профиль: seed-ветвей 1, соседних кластеров 0; in/out degree 1/1, bridge pctl 82%.",1,1,18105.0,46000.0,1,2,0.00031755882501978785,2.5407346037006353,3,False,False,1.0,1,1.3357079252003561e-05,0.0,False
100000002448088100,coordinator,0.84216955941255,15,0.888295505117935,"Связующий профиль: seed-ветвей 2, соседних кластеров 0; in/out degree 3/1, bridge pctl 82%.",3,1,20000.0,25000.0,3,1,0.0005055709221346284,1.25,3,False,False,1.0,2,1.3357079252003561e-05,0.5,False
100000003109805100,peripheral,0.8099354695149088,17,0.20026702269692923,"Периферийный профиль: in/out degree 1/0, оборот 36.9 тыс. KZT; выраженной структурной роли нет.",1,0,36929.0,0.0,1,0,0.000289807463593526,0.0,3,False,False,1.0,1,0.0,0.0,False
100000008223661100,distributor,0.821856890288742,2,0.7930574098798397,"Признаки распределения: 5 получ., 5 tx, 262.6 тыс. KZT; вход: 2 плательщ., 202.0 тыс. KZT.",2,5,202000.0,262580.0,2,5,0.00031305790762755254,1.29990099009901,3,False,False,1.0,1,4.947066389630948e-07,0.16527227722772278,False
100000004096559100,peripheral,0.8099354695149088,26,0.5193591455273698,"Периферийный профиль: in/out degree 1/0, оборот 46.2 тыс. KZT; выраженной структурной роли нет.",1,0,46200.0,0.0,1,0,0.0009694177333305317,0.0,3,False,False,1.0,1,0.0,0.0,False
100000002257794100,peripheral,0.8099354695149088,21,0.5785491766800178,"Периферийный профиль: in/out degree 1/0, оборот 154.0 тыс. KZT; выраженной структурной роли нет.",1,0,154000.0,0.0,1,0,0.000854506295269514,0.0,3,False,False,1.0,1,0.0,0.0,False
100000003112578100,peripheral,0.8099354695149088,13,0.376502002670227,"Периферийный профиль: in/out degree 1/0, оборот 101.1 тыс. KZT; выраженной структурной роли нет.",1,0,101080.0,0.0,1,0,0.0002888174435523571,0.0,3,False,False,1.0,1,0.0,0.0,False
100000007020162100,peripheral,0.8099354695149088,9,0.3871829105473965,"Периферийный профиль: in/out degree 1/0, оборот 86.4 тыс. KZT; выраженной структурной роли нет.",1,0,86395.0,0.0,1,0,0.0003083734022307554,0.0,3,False,False,1.0,1,0.0,0.0,False
100000001934935100,peripheral,0.8099354695149088,10,0.5549621717846017,"Периферийный профиль: in/out degree 1/0, оборот 118.9 тыс. KZT; выраженной структурной роли нет.",1,0,118935.0,0.0,1,0,0.0002906889425081024,0.0,3,False,False,1.0,2,0.0,0.0,False
100000002663511100,peripheral,0.8099354695149088,3,0.4984423676012461,"Периферийный профиль: in/out degree 1/0, оборот 268.9 тыс. KZT; выраженной структурной роли нет.",1,0,268940.0,0.0,1,0,0.0003077060498053975,0.0,3,False,False,1.0,1,0.0,0.0,False
100000003338583100,peripheral,0.8099354695149088,21,0.09635068980863373,"Периферийный профиль: in/out degree 1/0, оборот 21.8 тыс. KZT; выраженной структурной роли нет.",1,0,21765.0,0.0,1,0,0.00028859528915468034,0.0,3,False,False,1.0,1,0.0,0.0,False
100000002904919100,coordinator,0.6126702269692924,3,0.7458834000890076,"Связующий профиль: seed-ветвей 1, соседних кластеров 0; in/out degree 1/1, bridge pctl 82%.",1,1,60325.0,5500.0,1,1,0.00028934634383529336,0.09117281392457521,3,False,False,1.0,1,1.3357079252003561e-05,0.0,False
100000005127767100,peripheral,0.8099354695149088,1,0.3591455273698264,"Периферийный профиль: in/out degree 1/0, оборот 7.0 тыс. KZT; выраженной структурной роли нет.",1,0,7000.0,0.0,1,0,0.0004200068811255304,0.0,3,False,False,1.0,1,0.0,0.0,False
100000004066647100,peripheral,0.8099354695149088,16,0.2654650645304851,"Периферийный профиль: in/out degree 1/0, оборот 51.0 тыс. KZT; выраженной структурной роли нет.",1,0,51000.0,0.0,1,0,0.00029269716296446546,0.0,3,False,False,1.0,1,0.0,0.0,False
100000002394199100,peripheral,0.38199821984868715,8,0.6252781486426346,"Периферийный профиль: in/out degree 1/1, оборот 354.2 тыс. KZT; выраженной структурной роли нет.",1,1,277398.0,76777.0,3,1,0.0031600985477437983,0.2767756076107254,3,False,False,1.0,1,0.0,0.2767756076107254,True
100000003968044100,distributor,0.8568920898228894,3,0.886070315976858,"Признаки распределения: 3 получ., 4 tx, 311.0 тыс. KZT; вход: 1 плательщ., 40.0 тыс. KZT.",1,3,40000.0,311000.0,1,4,0.00029438661287478017,7.775,3,False,False,1.0,2,1.530003422256316e-05,0.0,True
100000001808684100,transit,0.6079437413337159,14,0.807743658210948,"Признаки транзита: вход 48.4 тыс., выход 37.7 тыс. KZT; совпадение в тот же день 62%, двусторонних дней 1.",1,1,48400.0,37700.0,3,2,0.0011628470664690152,0.7789256198347108,3,False,False,1.0,1,0.0,0.6198347107438017,True
100000008097580100,terminal,0.8387560302625723,3,0.7227414330218068,"Получатель-кандидат: 2 плательщ., 4 tx, 32.0 тыс. KZT; исходящих рёбер 0.",2,0,32000.0,0.0,4,0,0.0006705156425069511,0.0,3,False,False,1.0,1,0.0,0.0,False
100000008687617100,terminal,0.7691681352914999,7,0.5794392523364486,"Получатель-кандидат: 1 плательщ., 2 tx, 43.4 тыс. KZT; исходящих рёбер 0.",1,0,43350.0,0.0,2,0,0.0002907536794694725,0.0,3,False,False,1.0,1,0.0,0.0,False
100000005667841100,terminal,0.8518474410324879,2,0.6203827325322653,"Получатель-кандидат: 2 плательщ., 2 tx, 186.0 тыс. KZT; исходящих рёбер 0.",2,0,186000.0,0.0,2,0,0.00031061471952621917,0.0,3,False,False,1.0,1,0.0,0.0,False
100000001329153100,peripheral,0.8099354695149088,10,0.5625278148642635,"Периферийный профиль: in/out degree 1/0, оборот 150.7 тыс. KZT; выраженной структурной роли нет.",1,0,150687.0,0.0,1,0,0.00029246473115024775,0.0,3,False,False,1.0,2,0.0,0.0,False
100000007689942100,coordinator,0.7122118380062304,3,0.8931909212283045,"Связующий профиль: seed-ветвей 1, соседних кластеров 0; in/out degree 1/2, bridge pctl 82%.",1,2,5000.0,25000.0,1,2,0.0008850291586572349,5.0,3,False,False,1.0,1,1.3357079252003561e-05,0.0,True
100000006476758100,peripheral,0.8099354695149088,6,0.39118825100133514,"Периферийный профиль: in/out degree 1/0, оборот 5.2 тыс. KZT; выраженной структурной роли нет.",1,0,5200.0,0.0,1,0,0.0005143533005906582,0.0,3,False,False,1.0,1,0.0,0.0,False
100000002184107100,peripheral,0.8099354695149088,17,0.09635068980863373,"Периферийный профиль: in/out degree 1/0, оборот 6.1 тыс. KZT; выраженной структурной роли нет.",1,0,6066.0,0.0,1,0,0.0002886182012311112,0.0,3,False,False,1.0,1,0.0,0.0,False
100000008663723100,peripheral,0.8099354695149088,7,0.09635068980863373,"Периферийный профиль: in/out degree 1/0, оборот 15.6 тыс. KZT; выраженной структурной роли нет.",1,0,15600.0,0.0,1,0,0.0002864542575462446,0.0,3,False,False,1.0,1,0.0,0.0,False
100000000254336100,coordinator,0.8527169559412551,10,0.8660436137071651,"Связующий профиль: seed-ветвей 2, соседних кластеров 1; in/out degree 2/1, bridge pctl 82%.",2,1,97177.0,60000.0,2,1,0.0002903571630695892,0.6174300503205491,3,False,False,1.0,2,1.3357079252003561e-05,0.28390462763822716,False
100000008750464100,peripheral,0.8099354695149088,7,0.09635068980863373,"Периферийный профиль: in/out degree 1/0, оборот 8.5 тыс. KZT; выраженной структурной роли нет.",1,0,8500.0,0.0,1,0,0.0002853542252703917,0.0,3,False,False,1.0,1,0.0,0.0,False
100000001530709100,peripheral,0.8099354695149088,10,0.514018691588785,"Периферийный профиль: in/out degree 1/0, оборот 54.0 тыс. KZT; выраженной структурной роли нет.",1,0,53961.0,0.0,1,0,0.0002870551527866755,0.0,3,False,False,1.0,2,0.0,0.0,False
100000000656682100,coordinator,0.7424343569203382,10,0.8193146417445483,"Связующий профиль: seed-ветвей 2, соседних кластеров 0; in/out degree 1/2, bridge pctl 89%.",1,2,71000.0,80000.0,1,3,0.00028800809000869345,1.1267605633802817,3,False,False,1.0,2,2.6714158504007122e-05,0.0,False
100000008755754100,peripheral,0.8099354695149088,13,0.09635068980863373,"Периферийный профиль: in/out degree 1/0, оборот 7.0 тыс. KZT; выраженной структурной роли нет.",1,0,7000.0,0.0,1,0,0.00029429739104552957,0.0,3,False,False,1.0,1,0.0,0.0,False
100000002691583100,peripheral,0.8099354695149088,24,0.5460614152202937,"Периферийный профиль: in/out degree 1/0, оборот 285.2 тыс. KZT; выраженной структурной роли нет.",1,0,285200.0,0.0,1,0,0.00035492073852512766,0.0,3,False,False,1.0,1,0.0,0.0,False
100000005241556100,peripheral,0.8099354695149088,2,0.5447263017356475,"Периферийный профиль: in/out degree 1/0, оборот 100.0 тыс. KZT; выраженной структурной роли нет.",1,0,100000.0,0.0,1,0,0.0005457881779801592,0.0,3,False,False,1.0,1,0.0,0.0,False
100000004713684100,peripheral,0.8099354695149088,10,0.4739652870493992,"Периферийный профиль: in/out degree 1/0, оборот 37.5 тыс. KZT; выраженной структурной роли нет.",1,0,37500.0,0.0,1,0,0.00028613454127123227,0.0,3,False,False,1.0,2,0.0,0.0,False
100000006919124100,peripheral,0.8099354695149088,10,0.43079661771250555,"Периферийный профиль: in/out degree 1/0, оборот 25.0 тыс. KZT; выраженной структурной роли нет.",1,0,25000.0,0.0,1,0,0.0002854354559214333,0.0,3,False,False,1.0,2,0.0,0.0,False
100000003006633100,peripheral,0.8099354695149088,17,0.09635068980863373,"Периферийный профиль: in/out degree 1/0, оборот 10.0 тыс. KZT; выраженной структурной роли нет.",1,0,10000.0,0.0,1,0,0.00029158907554375395,0.0,3,False,False,1.0,1,0.0,0.0,False
100000008306857100,peripheral,0.8099354695149088,13,0.3951935914552737,"Периферийный профиль: in/out degree 1/0, оборот 125.0 тыс. KZT; выраженной структурной роли нет.",1,0,125000.0,0.0,1,0,0.0002899486404980049,0.0,3,False,False,1.0,1,0.0,0.0,False
100000003671721100,peripheral,0.8099354695149088,12,0.4236760124610592,"Периферийный профиль: in/out degree 1/0, оборот 5.0 тыс. KZT; выраженной структурной роли нет.",1,0,5000.0,0.0,1,0,0.0005553712304016509,0.0,3,False,False,1.0,1,0.0,0.0,False
100000002613929100,peripheral,0.8099354695149088,8,0.4688473520249221,"Периферийный профиль: in/out degree 1/0, оборот 28.6 тыс. KZT; выраженной структурной роли нет.",1,0,28560.0,0.0,1,0,0.0007758113847816843,0.0,3,False,False,1.0,1,0.0,0.0,False
100000008669310100,terminal,0.7873716065865599,10,0.6800178015131286,"Получатель-кандидат: 1 плательщ., 2 tx, 59.6 тыс. KZT; исходящих рёбер 0.",1,0,59567.0,0.0,2,0,0.00028736867858435334,0.0,3,False,False,1.0,2,0.0,0.0,False
100000006573438100,peripheral,0.8099354695149088,5,0.09635068980863373,"Периферийный профиль: in/out degree 1/0, оборот 5.0 тыс. KZT; выраженной структурной роли нет.",1,0,5000.0,0.0,1,0,0.0002974557453757715,0.0,3,False,False,1.0,1,0.0,0.0,False
100000006165886100,coordinator,0.6707142857142858,3,0.8482421005785492,"Связующий профиль: seed-ветвей 2, соседних кластеров 1; in/out degree 2/1, bridge pctl 39%.",2,1,184481.0,75000.0,2,1,0.0002969344657672689,0.4065459315593476,3,False,False,1.0,2,0.0,0.4065459315593476,False
100000008491390100,peripheral,0.8099354695149088,10,0.47085002225189143,"Периферийный профиль: in/out degree 1/0, оборот 36.0 тыс. KZT; выраженной структурной роли нет.",1,0,36000.0,0.0,1,0,0.00028605065102925637,0.0,3,False,False,1.0,2,0.0,0.0,False
100000005186131100,transit,0.7781352914997777,10,0.8344459279038718,"Признаки транзита: вход 10.0 тыс., выход 10.0 тыс. KZT; совпадение в тот же день 100%, двусторонних дней 1.",1,1,10000.0,10000.0,1,1,0.0002845965535016746,1.0,3,False,False,1.0,2,1.3357079252003561e-05,1.0,False
100000001550419100,peripheral,0.8099354695149088,9,0.09635068980863373,"Периферийный профиль: in/out degree 1/0, оборот 23.0 тыс. KZT; выраженной структурной роли нет.",1,0,23000.0,0.0,1,0,0.00029051602463042573,0.0,3,False,False,1.0,1,0.0,0.0,False
100000004979283100,peripheral,0.8099354695149088,12,0.21272808188696038,"Периферийный профиль: in/out degree 1/0, оборот 40.1 тыс. KZT; выраженной структурной роли нет.",1,0,40132.0,0.0,1,0,0.0002988858445050903,0.0,3,False,False,1.0,1,0.0,0.0,False
100000002537811100,coordinator,0.8267111704494883,6,0.8242100578549176,"Связующий профиль: seed-ветвей 2, соседних кластеров 0; in/out degree 1/1, bridge pctl 88%.",1,1,52000.0,15000.0,1,1,0.0012191914689398398,0.28846153846153844,3,False,False,1.0,2,1.92935589195607e-05,0.0,False
100000002990675100,peripheral,0.8099354695149088,5,0.5367156208277704,"Периферийный профиль: in/out degree 1/0, оборот 51.1 тыс. KZT; выраженной структурной роли нет.",1,0,51143.0,0.0,1,0,0.0002856810574612419,0.0,3,False,False,1.0,3,0.0,0.0,False
100000008763688100,peripheral,0.8099354695149088,7,0.09635068980863373,"Периферийный профиль: in/out degree 1/0, оборот 21.0 тыс. KZT; выраженной структурной роли нет.",1,0,21000.0,0.0,1,0,0.0002872909018123862,0.0,3,False,False,1.0,1,0.0,0.0,False
100000002809896100,peripheral,0.8099354695149088,12,0.2067200712060525,"Периферийный профиль: in/out degree 1/0, оборот 38.0 тыс. KZT; выраженной структурной роли нет.",1,0,38000.0,0.0,1,0,0.0002980970194180799,0.0,3,False,False,1.0,1,0.0,0.0,False
100000008716072100,peripheral,0.8099354695149088,7,0.09635068980863373,"Периферийный профиль: in/out degree 1/0, оборот 12.1 тыс. KZT; выраженной структурной роли нет.",1,0,12100.0,0.0,1,0,0.00028591198811448614,0.0,3,False,False,1.0,1,0.0,0.0,False
100000001279272100,coordinator,0.7808633733867378,3,0.9305740987983978,"Связующий профиль: seed-ветвей 1, соседних кластеров 1; in/out degree 1/2, bridge pctl 98%.",1,2,250000.0,136758.0,1,2,0.0003060391858163566,0.547032,3,False,False,1.0,1,0.00033671747560312697,0.0,True
100000001714173100,terminal,0.9031786381842457,2,0.7303070761014686,"Получатель-кандидат: 1 плательщ., 6 tx, 638.9 тыс. KZT; исходящих рёбер 0.",1,0,638905.0,0.0,6,0,0.0005672616446214741,0.0,3,False,False,1.0,1,0.0,0.0,False
100000008729597100,peripheral,0.8099354695149088,3,0.35246995994659547,"Периферийный профиль: in/out degree 1/0, оборот 83.1 тыс. KZT; выраженной структурной роли нет.",1,0,83090.0,0.0,1,0,0.0003008094873856607,0.0,3,False,False,1.0,1,0.0,0.0,False
100000002255058100,terminal,0.8614166444147753,15,0.7013796172674678,"Получатель-кандидат: 1 плательщ., 2 tx, 491.5 тыс. KZT; исходящих рёбер 0.",1,0,491500.0,0.0,2,0,0.00042361171494298487,0.0,3,False,False,1.0,1,0.0,0.0,False
100000006111442100,peripheral,0.8099354695149088,2,0.310636404094348,"Периферийный профиль: in/out degree 1/0, оборот 64.0 тыс. KZT; выраженной структурной роли нет.",1,0,64000.0,0.0,1,0,0.00029400022679966335,0.0,3,False,False,1.0,1,0.0,0.0,False
100000008686247100,peripheral,0.4404984423676013,20,0.4962171784601691,"Периферийный профиль: in/out degree 1/1, оборот 27.0 тыс. KZT; выраженной структурной роли нет.",1,1,22000.0,5000.0,2,1,0.0003119291757444656,0.22727272727272727,3,False,False,1.0,1,0.0,0.0,True
100000001893287100,transit,0.5270491106675305,14,0.8104138851802403,"Признаки транзита: вход 18.0 тыс., выход 152.7 тыс. KZT; совпадение в тот же день 67%, двусторонних дней 2.",1,1,18000.0,152700.0,3,14,0.000613755098445249,8.483333333333333,3,False,False,1.0,1,0.0,0.6666666666666666,True
100000005172860100,peripheral,0.8099354695149088,0,0.09635068980863373,"Периферийный профиль: in/out degree 1/0, оборот 15.2 тыс. KZT; выраженной структурной роли нет.",1,0,15209.2,0.0,1,0,0.00029021804340054555,0.0,3,False,False,1.0,1,0.0,0.0,False
100000001788284100,distributor,0.8376213907892895,23,0.951935914552737,"Признаки распределения: 5 получ., 8 tx, 296.7 тыс. KZT; вход: 1 плательщ., 8.0 тыс. KZT.",1,5,8000.0,296700.0,1,8,0.0002977439426062625,37.0875,3,False,False,1.0,1,4.4523597506678535e-05,1.0,True
100000008755580100,peripheral,0.8099354695149088,7,0.09635068980863373,"Периферийный профиль: in/out degree 1/0, оборот 16.0 тыс. KZT; выраженной структурной роли нет.",1,0,16000.0,0.0,1,0,0.0002865162311955884,0.0,3,False,False,1.0,1,0.0,0.0,False
100000003896956100,coordinator,0.6091922563417891,1,0.7712505562972852,"Связующий профиль: seed-ветвей 1, соседних кластеров 0; in/out degree 1/1, bridge pctl 85%.",1,1,10000.0,27000.0,1,2,0.0002870127500995615,2.7,3,False,False,1.0,1,1.3401751757863106e-05,0.0,False
100000002475601100,peripheral,0.8099354695149088,11,0.46150422785936807,"Периферийный профиль: in/out degree 1/0, оборот 232.3 тыс. KZT; выраженной структурной роли нет.",1,0,232301.0,0.0,1,0,0.0003004666314283885,0.0,3,False,False,1.0,1,0.0,0.0,False
100000008619857100,coordinator,0.7050578549176679,0,0.8353360035603026,"Связующий профиль: seed-ветвей 2, соседних кластеров 1; in/out degree 1/2, bridge pctl 78%.",1,2,29000.0,13000.0,1,2,0.000285659163233369,0.4482758620689655,3,False,False,1.0,2,9.481877246792651e-07,0.27586206896551724,False
100000001373265100,coordinator,0.6499465954606142,3,0.753004005340454,"Связующий профиль: seed-ветвей 1, соседних кластеров 0; in/out degree 1/1, bridge pctl 82%.",1,1,142482.0,5000.0,1,1,0.00031279810973388445,0.0350921519911287,3,False,False,1.0,1,1.3357079252003561e-05,0.0,False
100000004185681100,peripheral,0.8099354695149088,0,0.4098798397863818,"Периферийный профиль: in/out degree 1/0, оборот 10.0 тыс. KZT; выраженной структурной роли нет.",1,0,10000.0,0.0,1,0,0.0005321238886732093,0.0,3,False,False,1.0,1,0.0,0.0,False
100000003031633100,terminal,0.8307072541166,2,0.6475300400534045,"Получатель-кандидат: 1 плательщ., 2 tx, 414.0 тыс. KZT; исходящих рёбер 0.",1,0,414000.0,0.0,2,0,0.00031305925160502173,0.0,3,False,False,1.0,1,0.0,0.0,False
100000002632742100,terminal,0.8872615932354251,2,0.7102803738317757,"Получатель-кандидат: 2 плательщ., 2 tx, 235.5 тыс. KZT; исходящих рёбер 0.",2,0,235500.0,0.0,2,0,0.00031582157659739546,0.0,3,False,False,1.0,2,0.0,0.0,False
100000005847078100,peripheral,0.8099354695149088,7,0.09635068980863373,"Периферийный профиль: in/out degree 1/0, оборот 16.3 тыс. KZT; выраженной структурной роли нет.",1,0,16300.0,0.0,1,0,0.0002865627114325963,0.0,3,False,False,1.0,1,0.0,0.0,False
100000002807334100,peripheral,0.8099354695149088,5,0.5416110369381397,"Периферийный профиль: in/out degree 1/0, оборот 54.7 тыс. KZT; выраженной структурной роли нет.",1,0,54715.0,0.0,1,0,0.0002857958640709277,0.0,3,False,False,1.0,3,0.0,0.0,False
100000008748795100,peripheral,0.8099354695149088,10,0.4993324432576769,"Периферийный профиль: in/out degree 1/0, оборот 47.1 тыс. KZT; выраженной структурной роли нет.",1,0,47057.0,0.0,1,0,0.00028666903396627454,0.0,3,False,False,1.0,2,0.0,0.0,False
100000003899899100,coordinator,0.7519136626613262,1,0.8460169114374722,"Связующий профиль: seed-ветвей 1, соседних кластеров 0; in/out degree 2/1, bridge pctl 86%.",2,1,218500.0,10000.0,5,1,0.0006499475508201438,0.04576659038901602,3,False,False,1.0,1,1.4841199168892845e-05,0.0,False
100000002308091100,peripheral,0.8099354695149088,13,0.5676457498887405,"Периферийный профиль: in/out degree 1/0, оборот 186.7 тыс. KZT; выраженной структурной роли нет.",1,0,186720.0,0.0,1,0,0.0005577182794218597,0.0,3,False,False,1.0,1,0.0,0.0,False
100000008680912100,peripheral,0.4404984423676013,0,0.5705384957721407,"Периферийный профиль: in/out degree 1/1, оборот 51.1 тыс. KZT; выраженной структурной роли нет.",1,1,45112.0,5990.85,2,1,0.0005414864909549984,0.13279947685759888,3,False,False,1.0,1,0.0,0.0,True
100000008742053100,distributor,0.9065008870028526,2,0.8624833110814419,"Признаки распределения: 12 получ., 12 tx, 2.79 млн KZT; вход: 1 плательщ., 10.0 тыс. KZT.",1,12,10000.0,2789000.0,1,12,0.0002847382989025887,278.9,3,False,False,1.0,1,8.307549733853502e-05,0.0,False
100000008473765100,peripheral,0.8099354695149088,3,0.17378727191811305,"Периферийный профиль: in/out degree 1/0, оборот 30.0 тыс. KZT; выраженной структурной роли нет.",1,0,30000.0,0.0,1,0,0.00029009296057283746,0.0,3,False,False,1.0,1,0.0,0.0,False
100000007472293100,distributor,0.8104615012547117,2,0.8090787716955942,"Признаки распределения: 3 получ., 3 tx, 345.9 тыс. KZT; вход: 1 плательщ., 5.0 тыс. KZT.",1,3,5000.0,345900.0,1,3,0.00028479576659673505,69.18,3,False,False,1.0,1,3.240328485208272e-05,0.0,False
100000008753061100,terminal,0.7503490876724521,7,0.5763239875389408,"Получатель-кандидат: 1 плательщ., 2 tx, 28.4 тыс. KZT; исходящих рёбер 0.",1,0,28400.0,0.0,2,0,0.00028843741432524697,0.0,3,False,False,1.0,1,0.0,0.0,False
100000008501413100,coordinator,0.6783311081441923,30,0.7659101023587005,"Связующий профиль: seed-ветвей 1, соседних кластеров 0; in/out degree 1/1, bridge pctl 86%.",1,1,5000.0,5100.0,1,1,0.00036455407258195293,1.02,3,False,False,1.0,1,1.4841199168892845e-05,0.0,False
100000002748581100,peripheral,0.8099354695149088,9,0.2162883845126836,"Периферийный профиль: in/out degree 1/0, оборот 41.2 тыс. KZT; выраженной структурной роли нет.",1,0,41180.0,0.0,1,0,0.0002956370456064332,0.0,3,False,False,1.0,1,0.0,0.0,False
100000001384826100,coordinator,0.7589875389408101,5,0.8540275923453493,"Связующий профиль: seed-ветвей 3, соседних кластеров 0; in/out degree 1/1, bridge pctl 82%.",1,1,364260.0,10000.0,1,1,0.0002957448595902965,0.027452918245209467,3,False,False,1.0,3,1.3357079252003561e-05,0.0,False
100000004099450100,peripheral,0.8099354695149088,3,0.17757009345794392,"Периферийный профиль: in/out degree 1/0, оборот 31.0 тыс. KZT; выраженной структурной роли нет.",1,0,31000.0,0.0,1,0,0.00029456126171533765,0.0,3,False,False,1.0,1,0.0,0.0,False
100000002926970100,peripheral,0.8099354695149088,12,0.411214953271028,"Периферийный профиль: in/out degree 1/0, оборот 85.0 тыс. KZT; выраженной структурной роли нет.",1,0,85000.0,0.0,1,0,0.00031548669066080347,0.0,3,False,False,1.0,1,0.0,0.0,False
100000002753146100,terminal,0.88516955941255,13,0.6809078771695594,"Получатель-кандидат: 1 плательщ., 3 tx, 803.5 тыс. KZT; исходящих рёбер 0.",1,0,803540.0,0.0,3,0,0.00032203736857074115,0.0,3,False,False,1.0,1,0.0,0.0,False
100000003943247100,peripheral,0.8099354695149088,10,0.48286604361370716,"Периферийный профиль: in/out degree 1/0, оборот 40.0 тыс. KZT; выраженной структурной роли нет.",1,0,40000.0,0.0,1,0,0.00028627435834119205,0.0,3,False,False,1.0,2,0.0,0.0,False
100000002872399100,terminal,0.9241313751668891,8,0.7525589675122385,"Получатель-кандидат: 1 плательщ., 9 tx, 1.09 млн KZT; исходящих рёбер 0.",1,0,1090000.0,0.0,9,0,0.0007009038306825848,0.0,3,False,False,1.0,1,0.0,0.0,False
100000008417359100,peripheral,0.3799176680017802,17,0.4917668001780151,"Периферийный профиль: in/out degree 1/2, оборот 151.6 тыс. KZT; выраженной структурной роли нет.",1,2,40810.0,110760.0,2,3,0.00029041387216837317,2.714040676304827,3,False,False,1.0,1,0.0,0.0,True
100000002614095100,peripheral,0.8099354695149088,7,0.09635068980863373,"Периферийный профиль: in/out degree 1/0, оборот 5.3 тыс. KZT; выраженной структурной роли нет.",1,0,5300.0,0.0,1,0,0.0002848584360756411,0.0,3,False,False,1.0,1,0.0,0.0,False
100000004717647100,distributor,0.8557742579143223,36,0.9270137961726747,"Признаки распределения: 5 получ., 10 tx, 2.24 млн KZT; вход: 1 плательщ., 300.0 тыс. KZT.",1,5,300000.0,2240000.0,2,10,0.0010148146518516705,7.466666666666667,3,False,False,1.0,1,5.3428317008014244e-05,0.15666666666666668,True
100000008537380100,peripheral,0.8099354695149088,7,0.09635068980863373,"Периферийный профиль: in/out degree 1/0, оборот 8.0 тыс. KZT; выраженной структурной роли нет.",1,0,8000.0,0.0,1,0,0.0002852767582087119,0.0,3,False,False,1.0,1,0.0,0.0,False
100000001534244100,coordinator,0.7168268802848242,2,0.8148642634623943,"Связующий профиль: seed-ветвей 1, соседних кластеров 0; in/out degree 2/1, bridge pctl 86%.",2,1,366000.0,45000.0,2,1,0.00033968084098226335,0.12295081967213115,3,False,False,1.0,1,1.4841199168892845e-05,0.0,False
100000008767950100,peripheral,0.8099354695149088,7,0.09635068980863373,"Периферийный профиль: in/out degree 1/0, оборот 17.4 тыс. KZT; выраженной структурной роли нет.",1,0,17350.0,0.0,1,0,0.0002867253922621238,0.0,3,False,False,1.0,1,0.0,0.0,False
100000004613582100,peripheral,0.440865598575879,26,0.5033377837116155,"Периферийный профиль: in/out degree 1/1, оборот 14.5 тыс. KZT; выраженной структурной роли нет.",1,1,5000.0,9500.0,1,1,0.0005500909018724101,1.9,3,False,False,1.0,1,0.0,0.0,False
100000008121806100,distributor,0.8393898790443367,11,0.910547396528705,"Признаки распределения: 4 получ., 6 tx, 248.5 тыс. KZT; вход: 1 плательщ., 67.0 тыс. KZT.",1,4,67000.0,248509.0,1,6,0.0002987225532930357,3.709089552238806,3,False,False,1.0,1,0.0005988147809319886,0.5223880597014925,True
100000002369443100,peripheral,0.8099354695149088,7,0.25500667556742324,"Периферийный профиль: in/out degree 1/0, оборот 50.0 тыс. KZT; выраженной структурной роли нет.",1,0,50000.0,0.0,1,0,0.00029178399138981355,0.0,3,False,False,1.0,1,0.0,0.0,False
100000008655779100,coordinator,0.7070983533600356,18,0.8050734312416555,"Связующий профиль: seed-ветвей 1, соседних кластеров 0; in/out degree 1/2, bridge pctl 91%.",1,2,47000.0,24704.0,1,2,0.00039445074056053566,0.5256170212765957,3,False,False,1.0,1,3.710299792223212e-05,0.0,False
100000008561016100,transit,0.8224342967800913,2,0.8669336893635959,"Признаки транзита: вход 180.0 тыс., выход 185.0 тыс. KZT; совпадение в тот же день 86%, двусторонних дней 2.",1,1,180000.0,185000.0,2,4,0.00029324834402569635,1.0277777777777777,3,False,False,1.0,1,1.6379918815166017e-05,0.8611111111111112,False
100000002727288100,peripheral,0.8099354695149088,1,0.31998219848687137,"Периферийный профиль: in/out degree 1/0, оборот 16.0 тыс. KZT; выраженной структурной роли нет.",1,0,16000.0,0.0,1,0,0.00036410325737973467,0.0,3,False,False,1.0,1,0.0,0.0,False
100000001270349100,peripheral,0.8099354695149088,9,0.5304850912327548,"Периферийный профиль: in/out degree 1/0, оборот 200.0 тыс. KZT; выраженной структурной роли нет.",1,0,200000.0,0.0,1,0,0.0003533025267101489,0.0,3,False,False,1.0,1,0.0,0.0,False
100000004722765100,distributor,0.7958166532735299,0,0.9123275478415666,"Признаки распределения: 3 получ., 9 tx, 2.28 млн KZT; вход: 1 плательщ., 230.0 тыс. KZT.",1,3,230000.0,2284500.0,1,9,0.0005780041497031208,9.932608695652174,3,False,False,1.0,1,4.007123775601068e-05,0.717391304347826,False
100000001677389100,coordinator,0.6018291054739653,17,0.7432131731197151,"Связующий профиль: seed-ветвей 1, соседних кластеров 0; in/out degree 1/1, bridge pctl 82%.",1,1,11000.0,5400.0,1,1,0.0002870768321550655,0.4909090909090909,3,False,False,1.0,1,1.3357079252003561e-05,0.0,False
100000005857058100,terminal,0.8773475745438363,1,0.7267467734757455,"Получатель-кандидат: 3 плательщ., 3 tx, 80.2 тыс. KZT; исходящих рёбер 0.",3,0,80222.0,0.0,3,0,0.0003876405082530459,0.0,3,False,False,1.0,3,0.0,0.0,False
100000008760098100,peripheral,0.440865598575879,2,0.5411659991099244,"Периферийный профиль: in/out degree 1/1, оборот 397.0 тыс. KZT; выраженной структурной роли нет.",1,1,7000.0,390000.0,1,1,0.0002850991591466949,55.714285714285715,3,False,False,1.0,1,5.041296225623919e-06,0.0,False
100000002838519100,peripheral,0.8099354695149088,9,0.2376502002670227,"Периферийный профиль: in/out degree 1/0, оборот 46.9 тыс. KZT; выраженной структурной роли нет.",1,0,46900.0,0.0,1,0,0.0002972482799289174,0.0,3,False,False,1.0,1,0.0,0.0,False
100000002597623100,peripheral,0.8099354695149088,10,0.43079661771250555,"Периферийный профиль: in/out degree 1/0, оборот 16.4 тыс. KZT; выраженной структурной роли нет.",1,0,16418.0,0.0,1,0,0.0002849554918836753,0.0,3,False,False,1.0,2,0.0,0.0,False
100000003635660100,peripheral,0.8099354695149088,3,0.43079661771250555,"Периферийный профиль: in/out degree 1/0, оборот 19.0 тыс. KZT; выраженной структурной роли нет.",1,0,18985.0,0.0,1,0,0.00028894933485911433,0.0,3,False,False,1.0,2,0.0,0.0,False
100000008676812100,peripheral,0.8099354695149088,16,0.5607476635514018,"Периферийный профиль: in/out degree 1/0, оборот 230.8 тыс. KZT; выраженной структурной роли нет.",1,0,230800.0,0.0,1,0,0.0004703421920400154,0.0,3,False,False,1.0,1,0.0,0.0,False
100000003213473100,distributor,0.9301775608218366,10,0.9301290609701824,"Признаки распределения: 11 получ., 12 tx, 240.0 тыс. KZT; вход: 1 плательщ., 57.5 тыс. KZT.",1,11,57500.0,240000.0,2,12,0.00028725307783091056,4.173913043478261,3,False,False,1.0,2,6.702312056629493e-05,0.0,True
100000003071649100,peripheral,0.8099354695149088,2,0.4370271473075211,"Периферийный профиль: in/out degree 1/0, оборот 189.5 тыс. KZT; выраженной структурной роли нет.",1,0,189500.0,0.0,1,0,0.0002937344832403446,0.0,3,False,False,1.0,1,0.0,0.0,False
100000002433697100,coordinator,0.745255896751224,5,0.9417000445037829,"Связующий профиль: seed-ветвей 3, соседних кластеров 0; in/out degree 1/1, bridge pctl 85%.",1,1,130000.0,110000.0,1,1,0.00028821557728766735,0.8461538461538461,3,False,False,1.0,3,1.3401751757863106e-05,0.8461538461538461,False
100000008612257100,peripheral,0.8099354695149088,5,0.09635068980863373,"Периферийный профиль: in/out degree 1/0, оборот 9.5 тыс. KZT; выраженной структурной роли нет.",1,0,9500.0,0.0,1,0,0.00028631595456280926,0.0,3,False,False,1.0,1,0.0,0.0,False
100000002736033100,coordinator,0.6329572763684913,17,0.7556742323097463,"Связующий профиль: seed-ветвей 1, соседних кластеров 0; in/out degree 1/1, bridge pctl 85%.",1,1,34530.0,11000.0,1,1,0.00029357869936769306,0.3185635679119606,3,False,False,1.0,1,1.3401751757863106e-05,0.0,False
100000008687990100,peripheral,0.8099354695149088,7,0.09635068980863373,"Периферийный профиль: in/out degree 1/0, оборот 17.6 тыс. KZT; выраженной структурной роли нет.",1,0,17600.0,0.0,1,0,0.0002867641257929637,0.0,3,False,False,1.0,1,0.0,0.0,False
100000008776310100,peripheral,0.8099354695149088,7,0.09635068980863373,"Периферийный профиль: in/out degree 1/0, оборот 19.2 тыс. KZT; выраженной структурной роли нет.",1,0,19200.0,0.0,1,0,0.000287012020390339,0.0,3,False,False,1.0,1,0.0,0.0,False
100000007267915100,peripheral,0.38199821984868715,0,0.5051179350244771,"Периферийный профиль: in/out degree 2/1, оборот 31.0 тыс. KZT; выраженной структурной роли нет.",2,1,21000.0,10000.0,3,1,0.0002898198704009405,0.47619047619047616,3,False,False,1.0,1,2.1047518821338946e-06,0.0,False
100000004217419100,coordinator,0.7384290164663996,3,0.8228749443702714,"Связующий профиль: seed-ветвей 1, соседних кластеров 0; in/out degree 2/1, bridge pctl 82%.",2,1,118200.0,7700.0,3,1,0.0005805438538977778,0.06514382402707276,3,False,False,1.0,1,1.3357079252003561e-05,0.06514382402707276,False
100000002773323100,coordinator,0.7008322207387628,2,0.8277703604806409,"Связующий профиль: seed-ветвей 1, соседних кластеров 0; in/out degree 2/1, bridge pctl 82%.",2,1,285000.0,1171644.0,2,2,0.0003237029238215822,4.111031578947369,3,False,False,1.0,1,1.3357079252003561e-05,0.0,False
100000002528544100,peripheral,0.8099354695149088,11,0.4445927903871829,"Периферийный профиль: in/out degree 1/0, оборот 192.9 тыс. KZT; выраженной структурной роли нет.",1,0,192912.0,0.0,1,0,0.0002976808684840623,0.0,3,False,False,1.0,1,0.0,0.0,False
100000003760160100,peripheral,0.8099354695149088,5,0.5669781931464174,"Периферийный профиль: in/out degree 1/0, оборот 104.5 тыс. KZT; выраженной структурной роли нет.",1,0,104470.0,0.0,1,0,0.00028739502500735434,0.0,3,False,False,1.0,3,0.0,0.0,False
100000000640800100,distributor,0.819204252244129,11,0.8611481975967957,"Признаки распределения: 4 получ., 6 tx, 518.1 тыс. KZT; вход: 1 плательщ., 80.0 тыс. KZT.",1,4,80000.0,518135.0,1,6,0.00030157193366505964,6.4766875,3,False,False,1.0,1,0.00012251586594863532,0.2014,False
100000008238112100,peripheral,0.8099354695149088,5,0.5967957276368492,"Периферийный профиль: in/out degree 1/0, оборот 190.0 тыс. KZT; выраженной структурной роли нет.",1,0,190000.0,0.0,1,0,0.0002901440197795898,0.0,3,False,False,1.0,3,0.0,0.0,False
100000008751349100,peripheral,0.8099354695149088,24,0.09635068980863373,"Периферийный профиль: in/out degree 1/0, оборот 11.6 тыс. KZT; выраженной структурной роли нет.",1,0,11630.0,0.0,1,0,0.000286927799113551,0.0,3,False,False,1.0,1,0.0,0.0,False
100000002963189100,distributor,0.8892044663138159,9,0.9323542501112595,"Признаки распределения: 7 получ., 15 tx, 5.22 млн KZT; вход: 1 плательщ., 490.0 тыс. KZT.",1,7,490000.0,5219000.0,3,15,0.00042206260305702013,10.651020408163266,3,False,False,1.0,1,5.6396556841792816e-05,0.0,True
100000008548853100,peripheral,0.8099354695149088,7,0.09635068980863373,"Периферийный профиль: in/out degree 1/0, оборот 14.0 тыс. KZT; выраженной структурной роли нет.",1,0,14000.0,0.0,1,0,0.0002862063629488693,0.0,3,False,False,1.0,1,0.0,0.0,False
100000003164661100,terminal,0.8895850467289719,25,0.7298620382732532,"Получатель-кандидат: 1 плательщ., 3 tx, 596.2 тыс. KZT; исходящих рёбер 0.",1,0,596200.0,0.0,3,0,0.000596834423651948,0.0,3,False,False,1.0,1,0.0,0.0,False
100000000791285100,distributor,0.7892605709651,24,0.897196261682243,"Признаки распределения: 3 получ., 3 tx, 650.0 тыс. KZT; вход: 1 плательщ., 1.12 млн KZT.",1,3,1120000.0,650000.0,2,3,0.0005624014777172328,0.5803571428571429,3,False,False,1.0,1,2.6714158504007122e-05,0.5535714285714286,True
100000003192309100,coordinator,0.5903871829105474,7,0.7734757454383623,"Связующий профиль: seed-ветвей 1, соседних кластеров 0; in/out degree 1/1, bridge pctl 79%.",1,1,17200.0,213000.0,1,1,0.00028670215214361987,12.383720930232558,3,False,False,1.0,1,2.968239833778569e-06,0.0,False
100000002891765100,peripheral,0.8099354695149088,9,0.2986203827325323,"Периферийный профиль: in/out degree 1/0, оборот 55.6 тыс. KZT; выраженной структурной роли нет.",1,0,55576.0,0.0,1,0,0.0002996921731075665,0.0,3,False,False,1.0,1,0.0,0.0,False
100000001740277100,peripheral,0.440865598575879,8,0.5429461504227859,"Периферийный профиль: in/out degree 1/1, оборот 13.7 тыс. KZT; выраженной структурной роли нет.",1,1,8700.0,5000.0,1,1,0.00037423884754002475,0.5747126436781609,3,False,False,1.0,1,0.0,0.0,True
100000002232266100,peripheral,0.8099354695149088,3,0.22897196261682243,"Периферийный профиль: in/out degree 1/0, оборот 45.0 тыс. KZT; выраженной структурной роли нет.",1,0,45000.0,0.0,1,0,0.0002931207982483385,0.0,3,False,False,1.0,1,0.0,0.0,False
100000006701983100,peripheral,0.8099354695149088,7,0.1584334668446818,"Периферийный профиль: in/out degree 1/0, оборот 27.0 тыс. KZT; выраженной структурной роли нет.",1,0,27000.0,0.0,1,0,0.0002882205065525436,0.0,3,False,False,1.0,1,0.0,0.0,False
100000002871199100,peripheral,0.8099354695149088,9,0.09635068980863373,"Периферийный профиль: in/out degree 1/0, оборот 23.2 тыс. KZT; выраженной структурной роли нет.",1,0,23186.0,0.0,1,0,0.00029056841791433866,0.0,3,False,False,1.0,1,0.0,0.0,False
100000002757791100,peripheral,0.8099354695149088,9,0.37383177570093457,"Периферийный профиль: in/out degree 1/0, оборот 73.0 тыс. KZT; выраженной структурной роли нет.",1,0,73050.0,0.0,1,0,0.0003093364146754419,0.0,3,False,False,1.0,1,0.0,0.0,False
100000000572276100,coordinator,0.5878237650200266,7,0.7414330218068536,"Связующий профиль: seed-ветвей 1, соседних кластеров 0; in/out degree 1/1, bridge pctl 79%.",1,1,13075.0,34547.0,1,1,0.0002860630488847617,2.6422179732313578,3,False,False,1.0,1,2.968239833778569e-06,0.0,False
100000001853812100,peripheral,0.8099354695149088,3,0.3213173119715176,"Периферийный профиль: in/out degree 1/0, оборот 70.0 тыс. KZT; выраженной структурной роли нет.",1,0,70000.0,0.0,1,0,0.0002981671943741735,0.0,3,False,False,1.0,1,0.0,0.0,False
100000004726132100,coordinator,0.6512283044058744,3,0.7886070315976857,"Связующий профиль: seed-ветвей 1, соседних кластеров 0; in/out degree 1/1, bridge pctl 82%.",1,1,349000.0,24000.0,1,2,0.0003147519384517869,0.06876790830945559,3,False,False,1.0,1,1.3357079252003561e-05,0.0,False
100000001785161100,terminal,0.79993769470405,13,0.6248331108144193,"Получатель-кандидат: 2 плательщ., 2 tx, 30.0 тыс. KZT; исходящих рёбер 0.",2,0,30000.0,0.0,2,0,0.00032922535330884187,0.0,3,False,False,1.0,1,0.0,0.0,False
100000002612809100,distributor,0.7367388486793307,31,0.829105473965287,"Признаки распределения: 3 получ., 4 tx, 114.0 тыс. KZT; вход: 1 плательщ., 30.0 тыс. KZT.",1,3,30000.0,114000.0,2,4,0.0004256982170433211,3.8,3,False,False,1.0,1,0.0,0.0,True
100000008769097100,peripheral,0.8099354695149088,7,0.1791277258566978,"Периферийный профиль: in/out degree 1/0, оборот 31.1 тыс. KZT; выраженной структурной роли нет.",1,0,31100.0,0.0,1,0,0.0002888557364583178,0.0,3,False,False,1.0,1,0.0,0.0,False
100000004488265100,peripheral,0.8099354695149088,3,0.207832665776591,"Периферийный профиль: in/out degree 1/0, оборот 38.7 тыс. KZT; выраженной структурной роли нет.",1,0,38740.0,0.0,1,0,0.00029185718065842937,0.0,3,False,False,1.0,1,0.0,0.0,False
100000002509598100,peripheral,0.8099354695149088,13,0.4819759679572764,"Периферийный профиль: in/out degree 1/0, оборот 305.6 тыс. KZT; выраженной структурной роли нет.",1,0,305550.0,0.0,1,0,0.00029848700205890405,0.0,3,False,False,1.0,1,0.0,0.0,False
100000008706846100,peripheral,0.8099354695149088,7,0.09635068980863373,"Периферийный профиль: in/out degree 1/0, оборот 14.2 тыс. KZT; выраженной структурной роли нет.",1,0,14200.0,0.0,1,0,0.0002862373497735412,0.0,3,False,False,1.0,1,0.0,0.0,False
100000001280798100,peripheral,0.8099354695149088,12,0.09635068980863373,"Периферийный профиль: in/out degree 1/0, оборот 23.8 тыс. KZT; выраженной структурной роли нет.",1,0,23785.0,0.0,1,0,0.000292837568849669,0.0,3,False,False,1.0,1,0.0,0.0,False
100000006664478100,transit,0.6591787029170206,9,0.8095238095238095,"Признаки транзита: вход 55.0 тыс., выход 60.0 тыс. KZT; совпадение в тот же день 73%, двусторонних дней 1.",1,2,55000.0,60000.0,3,2,0.0006130167646730561,1.0909090909090908,3,False,False,1.0,1,0.0,0.7272727272727273,False
100000003781406100,terminal,0.7447024477080553,8,0.6835781041388518,"Получатель-кандидат: 1 плательщ., 2 tx, 45.0 тыс. KZT; исходящих рёбер 0.",1,0,45000.0,0.0,2,0,0.0007181143022086883,0.0,3,False,False,1.0,2,0.0,0.0,False
100000008708595100,peripheral,0.8099354695149088,7,0.09635068980863373,"Периферийный профиль: in/out degree 1/0, оборот 17.2 тыс. KZT; выраженной структурной роли нет.",1,0,17200.0,0.0,1,0,0.00028670215214361987,0.0,3,False,False,1.0,1,0.0,0.0,False
100000004611571100,peripheral,0.8099354695149088,10,0.43079661771250555,"Периферийный профиль: in/out degree 1/0, оборот 22.6 тыс. KZT; выраженной структурной роли нет.",1,0,22550.0,0.0,1,0,0.0002852984351928727,0.0,3,False,False,1.0,2,0.0,0.0,False
100000008576243100,terminal,0.8770976412995105,0,0.7365376056964842,"Получатель-кандидат: 2 плательщ., 4 tx, 82.9 тыс. KZT; исходящих рёбер 0.",2,0,82920.0,0.0,4,0,0.0016387812839980327,0.0,3,False,False,1.0,2,0.0,0.0,False
100000008662216100,peripheral,0.8099354695149088,7,0.15331553182020471,"Периферийный профиль: in/out degree 1/0, оборот 26.2 тыс. KZT; выраженной структурной роли нет.",1,0,26200.0,0.0,1,0,0.00028809655925385595,0.0,3,False,False,1.0,1,0.0,0.0,False
100000002681544100,terminal,0.8478901646639965,0,0.6372941700044504,"Получатель-кандидат: 2 плательщ., 2 tx, 166.1 тыс. KZT; исходящих рёбер 0.",2,0,166072.0,0.0,2,0,0.00033381440495880676,0.0,3,False,False,1.0,1,0.0,0.0,False
100000007864477100,coordinator,0.9470160213618157,0,0.9572763684913218,"Связующий профиль: seed-ветвей 2, соседних кластеров 4; in/out degree 2/6, bridge pctl 95%.",2,6,76000.0,203500.0,2,10,0.0003030861122086869,2.6776315789473686,3,False,False,1.0,2,8.900483216460157e-05,0.46710526315789475,False
100000004746397100,coordinator,0.7986270582999555,5,0.9190031152647975,"Связующий профиль: seed-ветвей 3, соседних кластеров 1; in/out degree 1/1, bridge pctl 99%.",1,1,219520.0,7500.0,1,1,0.00029109281348561563,0.03416545189504373,3,False,False,1.0,3,0.0009063466792763319,0.0,True
100000003814002100,peripheral,0.8099354695149088,5,0.4931019136626613,"Периферийный профиль: in/out degree 1/0, оборот 30.0 тыс. KZT; выраженной структурной роли нет.",1,0,30000.0,0.0,1,0,0.00028500150646779663,0.0,3,False,False,1.0,3,0.0,0.0,False
100000003962994100,peripheral,0.8099354695149088,1,0.3796172674677348,"Периферийный профиль: in/out degree 1/0, оборот 10.0 тыс. KZT; выраженной структурной роли нет.",1,0,10000.0,0.0,1,0,0.00047827956508425686,0.0,3,False,False,1.0,1,0.0,0.0,False
100000003366471100,coordinator,0.8182576769025367,3,0.8562527814864264,"Связующий профиль: seed-ветвей 2, соседних кластеров 0; in/out degree 2/1, bridge pctl 82%.",2,1,329789.0,20000.0,5,1,0.0003583575140917923,0.0606448365470043,3,False,False,1.0,2,1.3357079252003561e-05,0.0606448365470043,False
100000003561031100,coordinator,0.5999065420560747,3,0.7423230974632844,"Связующий профиль: seed-ветвей 1, соседних кластеров 0; in/out degree 1/1, bridge pctl 82%.",1,1,13300.0,5000.0,1,1,0.00028672196796077965,0.37593984962406013,3,False,False,1.0,1,1.3357079252003561e-05,0.0,False
100000001690439100,peripheral,0.8099354695149088,0,0.37694704049844235,"Периферийный профиль: in/out degree 1/0, оборот 14.2 тыс. KZT; выраженной структурной роли нет.",1,0,14200.0,0.0,1,0,0.00047410003288980555,0.0,3,False,False,1.0,1,0.0,0.0,False
100000002954780100,peripheral,0.8099354695149088,2,0.40053404539385845,"Периферийный профиль: in/out degree 1/0, оборот 133.4 тыс. KZT; выраженной структурной роли нет.",1,0,133400.0,0.0,1,0,0.0002908637032464746,0.0,3,False,False,1.0,1,0.0,0.0,False
100000008720668100,peripheral,0.8099354695149088,7,0.09635068980863373,"Периферийный профиль: in/out degree 1/0, оборот 16.0 тыс. KZT; выраженной структурной роли нет.",1,0,16000.0,0.0,1,0,0.0002865162311955884,0.0,3,False,False,1.0,1,0.0,0.0,False
100000002459164100,peripheral,0.8099354695149088,17,0.415665331553182,"Периферийный профиль: in/out degree 1/0, оборот 20.0 тыс. KZT; выраженной структурной роли нет.",1,0,20000.0,0.0,1,0,0.0005386020384112223,0.0,3,False,False,1.0,1,0.0,0.0,False
100000005082652100,peripheral,0.8099354695149088,26,0.37427681352915,"Периферийный профиль: in/out degree 1/0, оборот 30.0 тыс. KZT; выраженной структурной роли нет.",1,0,30000.0,0.0,1,0,0.0004055510563879689,0.0,3,False,False,1.0,1,0.0,0.0,False
100000005041905100,peripheral,0.3539719626168224,7,0.5180240320427236,"Периферийный профиль: in/out degree 1/1, оборот 1.09 млн KZT; выраженной структурной роли нет.",1,1,5000.0,1080351.0,1,5,0.0002848119558386332,216.0702,3,False,False,1.0,1,0.0,0.0,True
100000008653041100,peripheral,0.8099354695149088,7,0.16310636404094347,"Периферийный профиль: in/out degree 1/0, оборот 28.0 тыс. KZT; выраженной структурной роли нет.",1,0,28000.0,0.0,1,0,0.00028837544067590316,0.0,3,False,False,1.0,1,0.0,0.0,False
100000008722417100,distributor,0.9005063129440077,5,0.9479305740987984,"Признаки распределения: 3 получ., 6 tx, 720.0 тыс. KZT; вход: 1 плательщ., 331.9 тыс. KZT.",1,3,331900.0,720000.0,1,6,0.0002947047862729863,2.16932811087677,3,False,False,1.0,3,4.007123775601068e-05,0.7833684844832781,False
100000008625905100,coordinator,0.72115709835336,1,0.846906987093903,"Связующий профиль: seed-ветвей 1, соседних кластеров 0; in/out degree 1/2, bridge pctl 90%.",1,2,197800.0,635000.0,1,2,0.0005420444892301178,3.210313447927199,3,False,False,1.0,1,2.968239833778569e-05,0.0,False
100000007487729100,peripheral,0.8099354695149088,3,0.09635068980863373,"Периферийный профиль: in/out degree 1/0, оборот 25.0 тыс. KZT; выраженной структурной роли нет.",1,0,25000.0,0.0,1,0,0.00029252436303917593,0.0,3,False,False,1.0,1,0.0,0.0,False
100000000838385100,coordinator,0.7167779261237204,18,0.9492656875834445,"Связующий профиль: seed-ветвей 1, соседних кластеров 0; in/out degree 1/2, bridge pctl 82%.",1,2,436900.0,177500.0,8,6,0.0019278575472770339,0.40627145799954223,3,False,False,1.0,1,1.3357079252003561e-05,0.19111924925612267,True
100000004750321100,terminal,0.8268471740097909,12,0.6105919003115264,"Получатель-кандидат: 2 плательщ., 2 tx, 50.2 тыс. KZT; исходящих рёбер 0.",2,0,50185.0,0.0,2,0,0.0003108056294448618,0.0,3,False,False,1.0,1,0.0,0.0,False
100000008664774100,peripheral,0.8099354695149088,7,0.09635068980863373,"Периферийный профиль: in/out degree 1/0, оборот 16.3 тыс. KZT; выраженной структурной роли нет.",1,0,16300.0,0.0,1,0,0.0002865627114325963,0.0,3,False,False,1.0,1,0.0,0.0,False
100000006274203100,coordinator,0.9934846461949266,16,0.9964396973742768,"Связующий профиль: seed-ветвей 4, соседних кластеров 1; in/out degree 2/3, bridge pctl 88%.",2,3,3417512.0,72000.0,41,3,0.0006280413261390025,0.02106795821053445,3,False,False,1.0,4,2.310280003957653e-05,0.0014630526535093365,True
100000002185328100,distributor,0.8230632762875754,15,0.8019581664441477,"Признаки распределения: 4 получ., 4 tx, 55.0 тыс. KZT; вход: 1 плательщ., 15.0 тыс. KZT.",1,4,15000.0,55000.0,1,4,0.0003497926664732509,3.6666666666666665,3,False,False,1.0,1,4.007123775601068e-05,0.0,False
100000008254576100,coordinator,0.6154472630173564,17,0.7663551401869159,"Связующий профиль: seed-ветвей 1, соседних кластеров 0; in/out degree 1/1, bridge pctl 82%.",1,1,8000.0,60000.0,1,1,0.0002900787174793702,7.5,3,False,False,1.0,1,1.3357079252003561e-05,0.0,False
100000001689968100,terminal,0.9304630173564754,5,0.737427681352915,"Получатель-кандидат: 3 плательщ., 3 tx, 344.3 тыс. KZT; исходящих рёбер 0.",3,0,344333.75,0.0,3,0,0.00033722128374170647,0.0,3,False,False,1.0,3,0.0,0.0,False
100000002236528100,peripheral,0.8099354695149088,0,0.34979973297730305,"Периферийный профиль: in/out degree 1/0, оборот 66.0 тыс. KZT; выраженной структурной роли нет.",1,0,66000.0,0.0,1,0,0.0003055512576162562,0.0,3,False,False,1.0,1,0.0,0.0,False
100000002670960100,peripheral,0.8099354695149088,13,0.5211392968402314,"Периферийный профиль: in/out degree 1/0, оборот 480.3 тыс. KZT; выраженной структурной роли нет.",1,0,480310.0,0.0,1,0,0.0003067515496434111,0.0,3,False,False,1.0,1,0.0,0.0,False
100000003557488100,coordinator,0.7140809968847351,27,0.9127725856697819,"Связующий профиль: seed-ветвей 1, соседних кластеров 0; in/out degree 1/2, bridge pctl 86%.",1,2,664992.0,138000.0,3,4,0.0005767622130723308,0.20752129348924497,3,False,False,1.0,1,1.4841199168892845e-05,0.177445743708195,True
100000003888197100,peripheral,0.8099354695149088,5,0.5562972852692479,"Периферийный профиль: in/out degree 1/0, оборот 83.2 тыс. KZT; выраженной структурной роли нет.",1,0,83167.0,0.0,1,0,0.0002867103315005973,0.0,3,False,False,1.0,3,0.0,0.0,False
100000002799941100,peripheral,0.8099354695149088,16,0.5723186470850022,"Периферийный профиль: in/out degree 1/0, оборот 600.0 тыс. KZT; выраженной структурной роли нет.",1,0,600000.0,0.0,1,0,0.00038591819984101213,0.0,3,False,False,1.0,1,0.0,0.0,False
100000001632325100,terminal,0.8169285269247887,7,0.6154873164218959,"Получатель-кандидат: 1 плательщ., 3 tx, 85.6 тыс. KZT; исходящих рёбер 0.",1,0,85600.0,0.0,3,0,0.000297299646181414,0.0,3,False,False,1.0,1,0.0,0.0,False
100000008620570100,coordinator,0.9262105028927459,0,0.8504672897196262,"Связующий профиль: seed-ветвей 2, соседних кластеров 1; in/out degree 2/2, bridge pctl 88%.",2,2,145000.0,31800.0,2,2,0.00034656400457328516,0.2193103448275862,3,False,False,1.0,2,2.196398204760898e-05,0.06896551724137931,False
100000005308954100,coordinator,0.6662349799732977,1,0.7623497997329773,"Связующий профиль: seed-ветвей 1, соседних кластеров 0; in/out degree 1/1, bridge pctl 82%.",1,1,69020.0,30000.0,1,1,0.00035736902841411694,0.43465662126919735,3,False,False,1.0,1,1.3357079252003561e-05,0.0,False
100000008468762100,terminal,0.8489894080996885,2,0.6137071651090342,"Получатель-кандидат: 2 плательщ., 2 tx, 170.0 тыс. KZT; исходящих рёбер 0.",2,0,170000.0,0.0,2,0,0.00030871023214781233,0.0,3,False,False,1.0,1,0.0,0.0,False
100000002305007100,peripheral,0.8099354695149088,7,0.30040053404539385,"Периферийный профиль: in/out degree 1/0, оборот 56.0 тыс. KZT; выраженной структурной роли нет.",1,0,56000.0,0.0,1,0,0.0002927135961299709,0.0,3,False,False,1.0,1,0.0,0.0,False
100000008314863100,peripheral,0.8099354695149088,6,0.3907432131731197,"Периферийный профиль: in/out degree 1/0, оборот 12.0 тыс. KZT; выраженной структурной роли нет.",1,0,12000.0,0.0,1,0,0.0005138944434956001,0.0,3,False,False,1.0,1,0.0,0.0,False
100000005709551100,peripheral,0.8099354695149088,0,0.43079661771250555,"Периферийный профиль: in/out degree 1/0, оборот 24.6 тыс. KZT; выраженной структурной роли нет.",1,0,24560.0,0.0,1,0,0.0002930611113136797,0.0,3,False,False,1.0,2,0.0,0.0,False
100000008297199100,peripheral,0.8099354695149088,3,0.49043168669336895,"Периферийный профиль: in/out degree 1/0, оборот 42.3 тыс. KZT; выраженной структурной роли нет.",1,0,42268.0,0.0,1,0,0.00029497341975270213,0.0,3,False,False,1.0,2,0.0,0.0,False
100000003271151100,peripheral,0.8099354695149088,3,0.43613707165109034,"Периферийный профиль: in/out degree 1/0, оборот 127.3 тыс. KZT; выраженной структурной роли нет.",1,0,127294.0,0.0,1,0,0.00030973232315951717,0.0,3,False,False,1.0,1,0.0,0.0,False
100000007005380100,peripheral,0.8099354695149088,14,0.16466399643969737,"Периферийный профиль: in/out degree 1/0, оборот 9.4 тыс. KZT; выраженной структурной роли нет.",1,0,9400.0,0.0,1,0,0.00030144145391008465,0.0,3,False,False,1.0,1,0.0,0.0,False
100000004451012100,distributor,0.7932520474734177,16,0.7890520694259012,"Признаки распределения: 3 получ., 3 tx, 65.7 тыс. KZT; вход: 1 плательщ., 91.2 тыс. KZT.",1,3,91245.0,65740.0,1,3,0.0002995308253125467,0.7204778344018851,3,False,False,1.0,1,4.007123775601068e-05,0.0,False
100000004779204100,coordinator,0.7027525589675122,10,0.8420115709835336,"Связующий профиль: seed-ветвей 2, соседних кластеров 0; in/out degree 1/1, bridge pctl 82%.",1,1,30450.0,20000.0,1,2,0.00028574025713394563,0.6568144499178982,3,False,False,1.0,2,1.3357079252003561e-05,0.3284072249589491,False
100000002793881100,terminal,0.9130579439252338,2,0.7338673787271918,"Получатель-кандидат: 3 плательщ., 3 tx, 785.6 тыс. KZT; исходящих рёбер 0.",3,0,785600.0,0.0,3,0,0.00037301302450602715,0.0,3,False,False,1.0,2,0.0,0.0,False
100000008671129100,peripheral,0.8099354695149088,7,0.15331553182020471,"Периферийный профиль: in/out degree 1/0, оборот 26.2 тыс. KZT; выраженной структурной роли нет.",1,0,26200.0,0.0,1,0,0.00028809655925385595,0.0,3,False,False,1.0,1,0.0,0.0,False
100000002095257100,peripheral,0.8099354695149088,22,0.3506898086337339,"Периферийный профиль: in/out degree 1/0, оборот 8.5 тыс. KZT; выраженной структурной роли нет.",1,0,8500.0,0.0,1,0,0.0003940862290315346,0.0,3,False,False,1.0,1,0.0,0.0,False
100000002194329100,peripheral,0.8099354695149088,10,0.43079661771250555,"Периферийный профиль: in/out degree 1/0, оборот 25.2 тыс. KZT; выраженной структурной роли нет.",1,0,25170.0,0.0,1,0,0.00028544496348219056,0.0,3,False,False,1.0,2,0.0,0.0,False
100000001884825100,terminal,0.9318515353805074,2,0.6862483311081442,"Получатель-кандидат: 3 плательщ., 3 tx, 495.0 тыс. KZT; исходящих рёбер 0.",3,0,495000.0,0.0,3,0,0.0003382972366913358,0.0,3,False,False,1.0,1,0.0,0.0,False
100000008692291100,coordinator,0.8216510903426791,2,0.8477970627503337,"Связующий профиль: seed-ветвей 1, соседних кластеров 1; in/out degree 3/3, bridge pctl 92%.",3,3,160000.0,156000.0,3,3,0.00030628641796782275,0.975,3,False,False,1.0,1,4.007123775601068e-05,0.0,False
100000002697752100,terminal,0.8792591010235871,3,0.7004895416110369,"Получатель-кандидат: 2 плательщ., 2 tx, 190.8 тыс. KZT; исходящих рёбер 0.",2,0,190785.0,0.0,2,0,0.0003276937617486774,0.0,3,False,False,1.0,2,0.0,0.0,False
100000007170072100,coordinator,0.671764574988874,11,0.8340008900756565,"Связующий профиль: seed-ветвей 1, соседних кластеров 0; in/out degree 1/2, bridge pctl 89%.",1,2,100000.0,99500.0,1,9,0.0003059555957758657,0.995,3,False,False,1.0,1,2.6714158504007122e-05,0.0,False
100000002373144100,coordinator,0.6080240320427236,3,0.7449933244325768,"Связующий профиль: seed-ветвей 1, соседних кластеров 0; in/out degree 1/1, bridge pctl 82%.",1,1,46468.0,10764.0,1,1,0.00028812682248914026,0.2316432813979513,3,False,False,1.0,1,1.3357079252003561e-05,0.0,False
100000000287768100,peripheral,0.8099354695149088,3,0.19492656875834447,"Периферийный профиль: in/out degree 1/0, оборот 35.2 тыс. KZT; выраженной структурной роли нет.",1,0,35168.0,0.0,1,0,0.0002871323365822679,0.0,3,False,False,1.0,1,0.0,0.0,False
100000004508696100,distributor,0.8072258880682724,1,0.9212283044058746,"Признаки распределения: 3 получ., 4 tx, 111.0 тыс. KZT; вход: 1 плательщ., 7.0 тыс. KZT.",1,3,7000.0,111000.0,1,4,0.0004200068811255304,15.857142857142858,3,False,False,1.0,1,2.9781670573029123e-05,1.0,True
100000008688109100,peripheral,0.8099354695149088,7,0.09635068980863373,"Периферийный профиль: in/out degree 1/0, оборот 12.8 тыс. KZT; выраженной структурной роли нет.",1,0,12800.0,0.0,1,0,0.0002860204420008378,0.0,3,False,False,1.0,1,0.0,0.0,False
100000008724461100,transit,0.7290303655472254,2,0.8589230084557188,"Признаки транзита: вход 100.1 тыс., выход 130.0 тыс. KZT; совпадение в тот же день 100%, двусторонних дней 1.",1,1,100111.0,130000.0,1,1,0.00028916022026579833,1.298558599954051,3,False,False,1.0,1,1.632531908578213e-05,1.0,False
100000001714413100,peripheral,0.8099354695149088,5,0.6092567868268803,"Периферийный профиль: in/out degree 1/0, оборот 250.2 тыс. KZT; выраженной структурной роли нет.",1,0,250172.0,0.0,1,0,0.0002920779904733224,0.0,3,False,False,1.0,3,0.0,0.0,False
100000008672493100,peripheral,0.8099354695149088,7,0.09635068980863373,"Периферийный профиль: in/out degree 1/0, оборот 14.0 тыс. KZT; выраженной структурной роли нет.",1,0,14000.0,0.0,1,0,0.0002862063629488693,0.0,3,False,False,1.0,1,0.0,0.0,False
100000003241965100,peripheral,0.8099354695149088,12,0.09635068980863373,"Периферийный профиль: in/out degree 1/0, оборот 15.0 тыс. KZT; выраженной структурной роли нет.",1,0,15000.0,0.0,1,0,0.00028958718029930034,0.0,3,False,False,1.0,1,0.0,0.0,False
100000002241986100,distributor,0.9147794467238576,5,0.8696039163328882,"Признаки распределения: 6 получ., 12 tx, 3.08 млн KZT; вход: 1 плательщ., 280.0 тыс. KZT.",1,6,280000.0,3077000.0,1,12,0.0002930366835174734,10.989285714285714,3,False,False,1.0,3,8.014247551202137e-05,0.0,False
100000004140994100,peripheral,0.8099354695149088,7,0.09635068980863373,"Периферийный профиль: in/out degree 1/0, оборот 18.6 тыс. KZT; выраженной структурной роли нет.",1,0,18650.0,0.0,1,0,0.00028692680662249125,0.0,3,False,False,1.0,1,0.0,0.0,False
100000008489922100,coordinator,1.0,2,0.9942145082331998,"Связующий профиль: seed-ветвей 2, соседних кластеров 2; in/out degree 3/36, bridge pctl 98%.",3,36,262010.0,3789900.0,5,41,0.0005825208476341567,14.464715087210411,3,False,False,1.0,2,0.0004773244099058903,0.18319911453761306,True
100000001252290100,coordinator,0.7389074321317313,5,0.8037383177570093,"Связующий профиль: seed-ветвей 3, соседних кластеров 0; in/out degree 1/1, bridge pctl 82%.",1,1,141005.0,5000.0,1,1,0.0002885692857813941,0.03545973547037339,3,False,False,1.0,3,1.3357079252003561e-05,0.0,False
100000008667799100,peripheral,0.8099354695149088,7,0.18802848242100578,"Периферийный профиль: in/out degree 1/0, оборот 34.0 тыс. KZT; выраженной структурной роли нет.",1,0,34000.0,0.0,1,0,0.00028930504541606057,0.0,3,False,False,1.0,1,0.0,0.0,False
100000008684951100,peripheral,0.8099354695149088,7,0.09635068980863373,"Периферийный профиль: in/out degree 1/0, оборот 17.2 тыс. KZT; выраженной структурной роли нет.",1,0,17200.0,0.0,1,0,0.00028670215214361987,0.0,3,False,False,1.0,1,0.0,0.0,False
100000006126743100,peripheral,0.8099354695149088,5,0.5425011125945706,"Периферийный профиль: in/out degree 1/0, оборот 55.0 тыс. KZT; выраженной структурной роли нет.",1,0,55000.0,0.0,1,0,0.0002858050241727643,0.0,3,False,False,1.0,3,0.0,0.0,False
100000003009900100,peripheral,0.8099354695149088,12,0.09635068980863373,"Периферийный профиль: in/out degree 1/0, оборот 16.0 тыс. KZT; выраженной структурной роли нет.",1,0,15998.0,0.0,1,0,0.0002899564333184544,0.0,3,False,False,1.0,1,0.0,0.0,False
100000001745217100,peripheral,0.8099354695149088,3,0.25500667556742324,"Периферийный профиль: in/out degree 1/0, оборот 50.0 тыс. KZT; выраженной структурной роли нет.",1,0,50000.0,0.0,1,0,0.00028843766534073965,0.0,3,False,False,1.0,1,0.0,0.0,False
100000002886166100,terminal,0.8471357365376058,21,0.6493101913662661,"Получатель-кандидат: 1 плательщ., 3 tx, 185.0 тыс. KZT; исходящих рёбер 0.",1,0,185000.0,0.0,3,0,0.0003227797951035863,0.0,3,False,False,1.0,1,0.0,0.0,False
100000002956779100,peripheral,0.8099354695149088,15,0.5656430796617713,"Периферийный профиль: in/out degree 1/0, оборот 411.0 тыс. KZT; выраженной структурной роли нет.",1,0,411000.0,0.0,1,0,0.0004007516099733968,0.0,3,False,False,1.0,1,0.0,0.0,False
100000008568512100,peripheral,0.8099354695149088,5,0.5981308411214953,"Периферийный профиль: in/out degree 1/0, оборот 199.6 тыс. KZT; выраженной структурной роли нет.",1,0,199640.0,0.0,1,0,0.0002904538562066253,0.0,3,False,False,1.0,3,0.0,0.0,False
100000008583360100,coordinator,0.6570493991989319,12,0.789942145082332,"Связующий профиль: seed-ветвей 1, соседних кластеров 0; in/out degree 1/1, bridge pctl 82%.",1,1,112843.0,170000.0,1,1,0.0003257884059035939,1.5065179054083992,3,False,False,1.0,1,1.3357079252003561e-05,0.0,False
100000001130176100,terminal,0.7431820204717401,14,0.6711170449488206,"Получатель-кандидат: 1 плательщ., 2 tx, 25.0 тыс. KZT; исходящих рёбер 0.",1,0,25000.0,0.0,2,0,0.0005546793139325692,0.0,3,False,False,1.0,1,0.0,0.0,False
100000001145749100,peripheral,0.8099354695149088,6,0.378727191811304,"Периферийный профиль: in/out degree 1/0, оборот 10.0 тыс. KZT; выраженной структурной роли нет.",1,0,10000.0,0.0,1,0,0.0004755849171166394,0.0,3,False,False,1.0,1,0.0,0.0,False
100000005367445100,peripheral,0.440865598575879,8,0.6052514463729417,"Периферийный профиль: in/out degree 1/1, оборот 10.0 тыс. KZT; выраженной структурной роли нет.",1,1,5000.0,5000.0,1,1,0.0019379271118237815,1.0,3,False,False,1.0,1,0.0,0.0,True
100000003917461100,coordinator,0.8051312861593235,8,0.9666221628838452,"Связующий профиль: seed-ветвей 2, соседних кластеров 0; in/out degree 1/2, bridge pctl 87%.",1,2,10000.0,140000.0,1,5,0.0003967252062312805,14.0,3,False,False,1.0,2,1.7869002343817477e-05,1.0,True
100000008200810100,peripheral,0.8099354695149088,13,0.5189141076991545,"Периферийный профиль: in/out degree 1/0, оборот 475.0 тыс. KZT; выраженной структурной роли нет.",1,0,475000.0,0.0,1,0,0.00030650043527127944,0.0,3,False,False,1.0,1,0.0,0.0,False
100000002554175100,peripheral,0.8099354695149088,12,0.09635068980863373,"Периферийный профиль: in/out degree 1/0, оборот 24.6 тыс. KZT; выраженной структурной роли нет.",1,0,24621.0,0.0,1,0,0.0002931468830019864,0.0,3,False,False,1.0,1,0.0,0.0,False
100000008751380100,terminal,0.8986057854917668,2,0.7200712060525145,"Получатель-кандидат: 2 плательщ., 2 tx, 345.8 тыс. KZT; исходящих рёбер 0.",2,0,345780.0,0.0,2,0,0.000311180394511708,0.0,3,False,False,1.0,2,0.0,0.0,False
100000004071444100,coordinator,0.643324432576769,3,0.7805963506898086,"Связующий профиль: seed-ветвей 1, соседних кластеров 0; in/out degree 1/1, bridge pctl 82%.",1,1,247350.0,100000.0,1,1,0.00030580596567005464,0.40428542551041036,3,False,False,1.0,1,1.3357079252003561e-05,0.0,False
100000001141268100,coordinator,0.722487761459724,2,0.8299955496217178,"Связующий профиль: seed-ветвей 1, соседних кластеров 0; in/out degree 2/1, bridge pctl 86%.",2,1,480000.0,10000.0,2,1,0.0003627986755320867,0.020833333333333332,3,False,False,1.0,1,1.4841199168892845e-05,0.0,False
100000002645993100,distributor,0.875303673199113,0,0.9630618602581219,"Признаки распределения: 5 получ., 9 tx, 87.0 тыс. KZT; вход: 2 плательщ., 49.6 тыс. KZT.",2,5,49650.0,86980.0,4,9,0.00029172043666510054,1.7518630412890233,3,False,False,1.0,2,5.0827359375890096e-05,1.0,True
100000002546921100,peripheral,0.8099354695149088,9,0.09635068980863373,"Периферийный профиль: in/out degree 1/0, оборот 20.0 тыс. KZT; выраженной структурной роли нет.",1,0,20000.0,0.0,1,0,0.00028967097166408785,0.0,3,False,False,1.0,1,0.0,0.0,False
100000008753897100,peripheral,0.8099354695149088,7,0.09635068980863373,"Периферийный профиль: in/out degree 1/0, оборот 24.1 тыс. KZT; выраженной структурной роли нет.",1,0,24050.0,0.0,1,0,0.00028776345088863287,0.0,3,False,False,1.0,1,0.0,0.0,False
100000000870121100,peripheral,0.8099354695149088,11,0.21539830885625277,"Периферийный профиль: in/out degree 1/0, оборот 12.0 тыс. KZT; выраженной структурной роли нет.",1,0,12000.0,0.0,1,0,0.00031392327985523374,0.0,3,False,False,1.0,1,0.0,0.0,False
100000003171006100,terminal,0.8811312861593236,2,0.6733422340898977,"Получатель-кандидат: 2 плательщ., 2 tx, 485.0 тыс. KZT; исходящих рёбер 0.",2,0,485000.0,0.0,2,0,0.0003330959731845655,0.0,3,False,False,1.0,1,0.0,0.0,False
100000001690558100,peripheral,0.8099354695149088,16,0.5861148197596796,"Периферийный профиль: in/out degree 1/0, оборот 740.0 тыс. KZT; выраженной структурной роли нет.",1,0,740000.0,0.0,1,0,0.0004096904132521534,0.0,3,False,False,1.0,1,0.0,0.0,False
100000008667795100,peripheral,0.8099354695149088,7,0.18802848242100578,"Периферийный профиль: in/out degree 1/0, оборот 34.0 тыс. KZT; выраженной структурной роли нет.",1,0,34000.0,0.0,1,0,0.00028930504541606057,0.0,3,False,False,1.0,1,0.0,0.0,False
100000005674387100,peripheral,0.8099354695149088,7,0.15331553182020471,"Периферийный профиль: in/out degree 1/0, оборот 26.2 тыс. KZT; выраженной структурной роли нет.",1,0,26200.0,0.0,1,0,0.00028809655925385595,0.0,3,False,False,1.0,1,0.0,0.0,False
100000003636627100,peripheral,0.321906987093903,14,0.6386292834890965,"Периферийный профиль: in/out degree 1/1, оборот 87.0 тыс. KZT; выраженной структурной роли нет.",1,1,77000.0,10000.0,8,1,0.002082445507515672,0.12987012987012986,3,False,False,1.0,1,0.0,0.0,True
100000001275752100,peripheral,0.8099354695149088,2,0.41477525589675124,"Периферийный профиль: in/out degree 1/0, оборот 151.5 тыс. KZT; выраженной структурной роли нет.",1,0,151500.0,0.0,1,0,0.0002917899263817517,0.0,3,False,False,1.0,1,0.0,0.0,False
100000002459240100,peripheral,0.8099354695149088,5,0.5852247441032488,"Периферийный профиль: in/out degree 1/0, оборот 150.0 тыс. KZT; выраженной структурной роли нет.",1,0,150000.0,0.0,1,0,0.00028885839145164147,0.0,3,False,False,1.0,3,0.0,0.0,False
100000002644285100,peripheral,0.8099354695149088,13,0.5262572318647085,"Периферийный профиль: in/out degree 1/0, оборот 500.0 тыс. KZT; выраженной структурной роли нет.",1,0,500000.0,0.0,1,0,0.0003076827063265133,0.0,3,False,False,1.0,1,0.0,0.0,False
100000005186109100,peripheral,0.8099354695149088,1,0.44503782821539833,"Периферийный профиль: in/out degree 1/0, оборот 5.0 тыс. KZT; выраженной структурной роли нет.",1,0,5000.0,0.0,1,0,0.0006020725205959006,0.0,3,False,False,1.0,1,0.0,0.0,False
100000005317181100,coordinator,0.7622452158433466,3,0.7850467289719626,"Связующий профиль: seed-ветвей 2, соседних кластеров 0; in/out degree 1/1, bridge pctl 82%.",1,1,141250.0,14500.0,1,1,0.00032058334849629664,0.10265486725663717,3,False,False,1.0,2,1.3357079252003561e-05,0.0,False
100000003001661100,distributor,0.8427038531699579,18,0.9038718291054739,"Признаки распределения: 5 получ., 8 tx, 439.5 тыс. KZT; вход: 1 плательщ., 110.0 тыс. KZT.",1,5,110000.0,439500.0,1,8,0.0005424517551634743,3.9954545454545456,3,False,False,1.0,1,5.3428317008014244e-05,0.0,True
100000000288317100,distributor,0.7949537909320423,3,0.8130841121495327,"Признаки распределения: 3 получ., 3 tx, 53.5 тыс. KZT; вход: 2 плательщ., 100.0 тыс. KZT.",2,3,100000.0,53500.0,2,3,0.00031110423310818644,0.535,3,False,False,1.0,1,4.007123775601068e-05,0.165,False
100000004368189100,coordinator,0.5330663106364041,13,0.6964842011570983,"Связующий профиль: seed-ветвей 1, соседних кластеров 0; in/out degree 1/2, bridge pctl 39%.",1,2,384600.0,28200.0,1,2,0.00030222534313555365,0.07332293291731669,3,False,False,1.0,1,0.0,0.0,False
100000004493586100,peripheral,0.8099354695149088,0,0.09635068980863373,"Периферийный профиль: in/out degree 1/0, оборот 7.5 тыс. KZT; выраженной структурной роли нет.",1,0,7500.0,0.0,1,0,0.0002870851566641418,0.0,3,False,False,1.0,1,0.0,0.0,False
100000004114962100,terminal,0.8739387627948376,5,0.7129506008010681,"Получатель-кандидат: 2 плательщ., 2 tx, 165.0 тыс. KZT; исходящих рёбер 0.",2,0,165000.0,0.0,2,0,0.0007067031302646673,0.0,3,False,False,1.0,3,0.0,0.0,False
100000008088082100,coordinator,0.7493146417445483,0,0.7970627503337784,"Связующий профиль: seed-ветвей 2, соседних кластеров 0; in/out degree 1/1, bridge pctl 85%.",1,1,39138.0,50000.0,1,1,0.0002984173546673811,1.2775307884920026,3,False,False,1.0,2,1.3401751757863106e-05,0.0,False
100000008595687100,peripheral,0.440865598575879,1,0.4668446817979528,"Периферийный профиль: in/out degree 1/1, оборот 74.8 тыс. KZT; выраженной структурной роли нет.",1,1,64395.0,10400.0,1,1,0.0003031977913019528,0.161503222299868,3,False,False,1.0,1,0.0,0.0,True
100000001248999100,peripheral,0.8099354695149088,17,0.09635068980863373,"Периферийный профиль: in/out degree 1/0, оборот 23.4 тыс. KZT; выраженной структурной роли нет.",1,0,23425.0,0.0,1,0,0.000287697455504184,0.0,3,False,False,1.0,1,0.0,0.0,False
100000002736316100,terminal,0.9152309746328438,0,0.7174009790832221,"Получатель-кандидат: 3 плательщ., 3 tx, 266.9 тыс. KZT; исходящих рёбер 0.",3,0,266921.0,0.0,3,0,0.00038156277618131866,0.0,3,False,False,1.0,2,0.0,0.0,False
100000008596924100,peripheral,0.8099354695149088,14,0.5122385402759234,"Периферийный профиль: in/out degree 1/0, оборот 100.0 тыс. KZT; выраженной структурной роли нет.",1,0,100000.0,0.0,1,0,0.0004136331807823666,0.0,3,False,False,1.0,1,0.0,0.0,False
100000008598972100,peripheral,0.8099354695149088,11,0.39207832665776593,"Периферийный профиль: in/out degree 1/0, оборот 120.0 тыс. KZT; выраженной структурной роли нет.",1,0,120000.0,0.0,1,0,0.00029252421185919973,0.0,3,False,False,1.0,1,0.0,0.0,False
100000002769809100,peripheral,0.8099354695149088,16,0.5104583889630618,"Периферийный профиль: in/out degree 1/0, оборот 113.4 тыс. KZT; выраженной структурной роли нет.",1,0,113422.0,0.0,1,0,0.0003755930700620937,0.0,3,False,False,1.0,1,0.0,0.0,False
100000003089553100,peripheral,0.8099354695149088,2,0.4423676012461059,"Периферийный профиль: in/out degree 1/0, оборот 150.0 тыс. KZT; выраженной структурной роли нет.",1,0,150000.0,0.0,1,0,0.0003054179622960563,0.0,3,False,False,1.0,1,0.0,0.0,False
100000002343825100,coordinator,0.7400200267022696,2,0.8526924788607032,"Связующий профиль: seed-ветвей 1, соседних кластеров 0; in/out degree 3/2, bridge pctl 89%.",3,2,350000.0,89800.0,4,2,0.00033182820027903223,0.25657142857142856,3,False,False,1.0,1,2.6714158504007122e-05,0.14285714285714285,False
100000002015633100,peripheral,0.8099354695149088,5,0.5616377392078327,"Периферийный профиль: in/out degree 1/0, оборот 95.0 тыс. KZT; выраженной структурной роли нет.",1,0,94970.0,0.0,1,0,0.00028708968827946665,0.0,3,False,False,1.0,3,0.0,0.0,False
100000002906470100,peripheral,0.8099354695149088,16,0.42234089897641297,"Периферийный профиль: in/out degree 1/0, оборот 130.0 тыс. KZT; выраженной структурной роли нет.",1,0,130000.0,0.0,1,0,0.0003061114833893237,0.0,3,False,False,1.0,1,0.0,0.0,False
100000005628518100,terminal,0.8216078326657765,16,0.6973742768135291,"Получатель-кандидат: 1 плательщ., 3 tx, 77.0 тыс. KZT; исходящих рёбер 0.",1,0,77000.0,0.0,3,0,0.000529840457566832,0.0,3,False,False,1.0,1,0.0,0.0,False
100000002958139100,terminal,0.8371453493546952,2,0.6048064085447263,"Получатель-кандидат: 1 плательщ., 2 tx, 209.5 тыс. KZT; исходящих рёбер 0.",1,0,209500.0,0.0,2,0,0.0002987235218336169,0.0,3,False,False,1.0,1,0.0,0.0,False
100000008754747100,peripheral,0.8099354695149088,7,0.23186470850022253,"Периферийный профиль: in/out degree 1/0, оборот 45.5 тыс. KZT; выраженной структурной роли нет.",1,0,45500.0,0.0,1,0,0.0002910867878346955,0.0,3,False,False,1.0,1,0.0,0.0,False
100000008776720100,peripheral,0.8099354695149088,7,0.09635068980863373,"Периферийный профиль: in/out degree 1/0, оборот 26.1 тыс. KZT; выраженной структурной роли нет.",1,0,26150.0,0.0,1,0,0.00028808881254768797,0.0,3,False,False,1.0,1,0.0,0.0,False
100000008576528100,peripheral,0.8099354695149088,5,0.4886515353805073,"Периферийный профиль: in/out degree 1/0, оборот 28.0 тыс. KZT; выраженной структурной роли нет.",1,0,28000.0,0.0,1,0,0.0002849372250513992,0.0,3,False,False,1.0,3,0.0,0.0,False
100000004603109100,consolidator,0.7930485091232754,20,0.9546061415220294,"Признаки сбора: 3 плательщ., 8 tx, 2.73 млн KZT; выход: 2 получ., 400.0 тыс. KZT; seed-ветвей 1.",3,2,2730000.0,400000.0,8,2,0.0033684357652332755,0.14652014652014653,3,False,False,1.0,1,0.0,0.057692307692307696,True
100000008721637100,transit,0.4771163629684925,9,0.7619047619047619,"Признаки транзита: вход 24.0 тыс., выход 127.0 тыс. KZT; совпадение в тот же день 50%, двусторонних дней 1.",1,2,24041.0,127000.0,1,2,0.0002888901015922834,5.282642152988644,3,False,False,1.0,1,7.32413178984862e-05,0.49914729004617114,False
100000004491749100,peripheral,0.8099354695149088,14,0.4000890075656431,"Периферийный профиль: in/out degree 1/0, оборот 50.0 тыс. KZT; выраженной структурной роли нет.",1,0,50000.0,0.0,1,0,0.00034883523300210104,0.0,3,False,False,1.0,1,0.0,0.0,False
100000005171642100,transit,0.8327272030522135,9,0.9194481530930129,"Признаки транзита: вход 696.8 тыс., выход 683.6 тыс. KZT; совпадение в тот же день 94%, двусторонних дней 2.",2,1,696800.0,683600.0,5,4,0.002916192687661781,0.9810562571756601,3,False,False,1.0,1,0.0,0.9443168771526981,True
100000008682426100,peripheral,0.8099354695149088,9,0.09635068980863373,"Периферийный профиль: in/out degree 1/0, оборот 20.0 тыс. KZT; выраженной структурной роли нет.",1,0,20000.0,0.0,1,0,0.00028967097166408785,0.0,3,False,False,1.0,1,0.0,0.0,False
100000006209210100,peripheral,0.8099354695149088,0,0.5398308856252781,"Периферийный профиль: in/out degree 1/0, оборот 229.1 тыс. KZT; выраженной структурной роли нет.",1,0,229111.0,0.0,1,0,0.0003587204326348377,0.0,3,False,False,1.0,1,0.0,0.0,False
100000003888527100,peripheral,0.8099354695149088,5,0.3462394303515799,"Периферийный профиль: in/out degree 1/0, оборот 30.0 тыс. KZT; выраженной структурной роли нет.",1,0,30000.0,0.0,1,0,0.0003645480461454519,0.0,3,False,False,1.0,1,0.0,0.0,False
100000008490127100,distributor,0.9207821924948676,5,0.8598130841121495,"Признаки распределения: 6 получ., 9 tx, 923.0 тыс. KZT; вход: 1 плательщ., 431.8 тыс. KZT.",1,6,431755.0,923000.0,2,9,0.0002979141966901682,2.137786476126507,3,False,False,1.0,3,8.014247551202137e-05,0.0,False
100000004336228100,terminal,0.7552991544281265,3,0.5772140631953716,"Получатель-кандидат: 1 плательщ., 2 tx, 51.4 тыс. KZT; исходящих рёбер 0.",1,0,51407.0,0.0,2,0,0.00029441408864746746,0.0,3,False,False,1.0,1,0.0,0.0,False
100000006844004100,peripheral,0.8099354695149088,0,0.4161103693813974,"Периферийный профиль: in/out degree 1/0, оборот 20.6 тыс. KZT; выраженной структурной роли нет.",1,0,20600.0,0.0,1,0,0.0005421888778731533,0.0,3,False,False,1.0,1,0.0,0.0,False
100000001688676100,peripheral,0.8099354695149088,16,0.42456608811748997,"Периферийный профиль: in/out degree 1/0, оборот 133.7 тыс. KZT; выраженной структурной роли нет.",1,0,133700.0,0.0,1,0,0.0003067397490294753,0.0,3,False,False,1.0,1,0.0,0.0,False
100000008712036100,peripheral,0.8099354695149088,7,0.09635068980863373,"Периферийный профиль: in/out degree 1/0, оборот 21.0 тыс. KZT; выраженной структурной роли нет.",1,0,21000.0,0.0,1,0,0.0002872909018123862,0.0,3,False,False,1.0,1,0.0,0.0,False
100000004697956100,peripheral,0.440865598575879,14,0.5558522474410325,"Периферийный профиль: in/out degree 1/1, оборот 20.0 тыс. KZT; выраженной структурной роли нет.",1,1,10000.0,10000.0,1,1,0.00046560955407455855,1.0,3,False,False,1.0,1,0.0,0.0,True
100000004921657100,transit,0.5714390585975834,6,0.7383177570093458,"Признаки транзита: вход 8.3 тыс., выход 22.2 тыс. KZT; совпадение в тот же день 100%, двусторонних дней 1.",1,1,8300.0,22190.0,1,1,0.0003592083913632033,2.6734939759036145,3,False,False,1.0,1,0.0,1.0,False
100000000408846100,peripheral,0.8099354695149088,24,0.2131731197151758,"Периферийный профиль: in/out degree 1/0, оборот 40.5 тыс. KZT; выраженной структурной роли нет.",1,0,40500.0,0.0,1,0,0.00029410313325403507,0.0,3,False,False,1.0,1,0.0,0.0,False
100000003406094100,distributor,0.7953647174654481,1,0.8851802403204272,"Признаки распределения: 3 получ., 3 tx, 47.0 тыс. KZT; вход: 1 плательщ., 70.0 тыс. KZT.",1,3,70000.0,47000.0,4,3,0.000772254154797293,0.6714285714285714,3,False,False,1.0,1,2.968239833778569e-05,0.0,True
100000008695566100,peripheral,0.8099354695149088,7,0.1864708500222519,"Периферийный профиль: in/out degree 1/0, оборот 33.7 тыс. KZT; выраженной структурной роли нет.",1,0,33700.0,0.0,1,0,0.0002892585651790527,0.0,3,False,False,1.0,1,0.0,0.0,False
100000005974542100,terminal,0.8293025367156208,19,0.6880284824210058,"Получатель-кандидат: 1 плательщ., 3 tx, 94.5 тыс. KZT; исходящих рёбер 0.",1,0,94500.0,0.0,3,0,0.00048248871608294337,0.0,3,False,False,1.0,1,0.0,0.0,False
100000001887715100,consolidator,0.7847263017356476,2,0.9101023587004895,"Признаки сбора: 3 плательщ., 4 tx, 1.33 млн KZT; выход: 1 получ., 750.0 тыс. KZT; seed-ветвей 1.",3,1,1331500.0,750000.0,4,1,0.0007264886232712753,0.5632745024408562,3,False,False,1.0,1,1.4841199168892845e-05,0.5632745024408562,False
100000002472632100,coordinator,0.7578949710725412,23,0.8638184245660881,"Связующий профиль: seed-ветвей 1, соседних кластеров 0; in/out degree 2/1, bridge pctl 86%.",2,1,502400.0,20000.0,3,1,0.0009788555056549557,0.03980891719745223,3,False,False,1.0,1,1.4841199168892845e-05,0.0,False
100000004629688100,peripheral,0.40060080106809076,32,0.5531820204717401,"Периферийный профиль: in/out degree 1/1, оборот 20.0 тыс. KZT; выраженной структурной роли нет.",1,1,5000.0,15000.0,1,2,0.0003854244067801784,3.0,3,False,False,1.0,1,0.0,0.0,True
100000002459832100,terminal,0.9169851357365376,11,0.7360925678682688,"Получатель-кандидат: 2 плательщ., 2 tx, 880.6 тыс. KZT; исходящих рёбер 0.",2,0,880606.0,0.0,2,0,0.0003908552212773727,0.0,3,False,False,1.0,2,0.0,0.0,False
100000006100920100,peripheral,0.8099354695149088,0,0.4543836226079217,"Периферийный профиль: in/out degree 1/0, оборот 100.0 тыс. KZT; выраженной структурной роли нет.",1,0,100000.0,0.0,1,0,0.00032467557111925363,0.0,3,False,False,1.0,1,0.0,0.0,False
100000001439416100,coordinator,0.6722919448153092,0,0.8798397863818425,"Связующий профиль: seed-ветвей 1, соседних кластеров 0; in/out degree 1/2, bridge pctl 82%.",1,2,10000.0,165000.0,1,3,0.00034110618168689197,16.5,3,False,False,1.0,1,1.3357079252003561e-05,0.0,True
100000002121357100,coordinator,0.7114330218068535,2,0.8046283934134402,"Связующий профиль: seed-ветвей 1, соседних кластеров 0; in/out degree 2/1, bridge pctl 86%.",2,1,255300.0,113000.0,2,1,0.0003244777888160268,0.4426165295730513,3,False,False,1.0,1,1.4841199168892845e-05,0.0,False
100000002970466100,coordinator,0.7295638629283488,10,0.8161993769470405,"Связующий профиль: seed-ветвей 2, соседних кластеров 0; in/out degree 1/2, bridge pctl 89%.",1,2,23317.0,93000.0,1,3,0.0002853413310699364,3.9885062400823434,3,False,False,1.0,2,2.6714158504007122e-05,0.0,False
100000002581346100,peripheral,0.8099354695149088,5,0.591010235870049,"Периферийный профиль: in/out degree 1/0, оборот 166.4 тыс. KZT; выраженной структурной роли нет.",1,0,166400.0,0.0,1,0,0.00028938549906610026,0.0,3,False,False,1.0,3,0.0,0.0,False
100000008738658100,peripheral,0.8099354695149088,7,0.17089452603471295,"Периферийный профиль: in/out degree 1/0, оборот 29.9 тыс. KZT; выраженной структурной роли нет.",1,0,29920.0,0.0,1,0,0.0002886729141927535,0.0,3,False,False,1.0,1,0.0,0.0,False
100000005910114100,coordinator,1.0,0,0.9968847352024922,"Связующий профиль: seed-ветвей 3, соседних кластеров 4; in/out degree 3/19, bridge pctl 100%.",3,19,326144.0,1469993.0,3,56,0.0003595266303709213,4.507190075549451,3,False,False,1.0,3,0.004490399217484822,0.5671911793563579,True
100000001046626100,peripheral,0.8099354695149088,5,0.5852247441032488,"Периферийный профиль: in/out degree 1/0, оборот 150.0 тыс. KZT; выраженной структурной роли нет.",1,0,150000.0,0.0,1,0,0.00028885839145164147,0.0,3,False,False,1.0,3,0.0,0.0,False
100000006492770100,coordinator,0.7428593680462838,10,0.8099688473520249,"Связующий профиль: seed-ветвей 2, соседних кластеров 0; in/out degree 1/1, bridge pctl 82%.",1,1,269000.0,20000.0,1,1,0.00029908160194950877,0.07434944237918216,3,False,False,1.0,2,1.3357079252003561e-05,0.0,False
100000001674850100,terminal,0.8612569648420116,2,0.636849132176235,"Получатель-кандидат: 2 плательщ., 2 tx, 237.0 тыс. KZT; исходящих рёбер 0.",2,0,237000.0,0.0,2,0,0.00031239253948381297,0.0,3,False,False,1.0,1,0.0,0.0,False
100000000860514100,coordinator,0.6524833110814419,23,0.7779261237205163,"Связующий профиль: seed-ветвей 1, соседних кластеров 0; in/out degree 1/1, bridge pctl 86%.",1,1,12000.0,50000.0,1,1,0.0003045972712984761,4.166666666666667,3,False,False,1.0,1,1.4841199168892845e-05,0.0,False
100000003650146100,peripheral,0.8099354695149088,1,0.09635068980863373,"Периферийный профиль: in/out degree 1/0, оборот 14.4 тыс. KZT; выраженной структурной роли нет.",1,0,14400.0,0.0,1,0,0.0002984897158959675,0.0,3,False,False,1.0,1,0.0,0.0,False
100000001227106100,peripheral,0.8099354695149088,5,0.5901201602136181,"Периферийный профиль: in/out degree 1/0, оборот 164.8 тыс. KZT; выраженной структурной роли нет.",1,0,164765.0,0.0,1,0,0.0002893329490081954,0.0,3,False,False,1.0,3,0.0,0.0,False
100000003647799100,peripheral,0.8099354695149088,5,0.5643079661771251,"Периферийный профиль: in/out degree 1/0, оборот 100.0 тыс. KZT; выраженной структурной роли нет.",1,0,100000.0,0.0,1,0,0.00028725135604170613,0.0,3,False,False,1.0,3,0.0,0.0,False
100000008293431100,distributor,0.828449829548983,3,0.8980863373386738,"Признаки распределения: 5 получ., 7 tx, 297.0 тыс. KZT; вход: 1 плательщ., 15.0 тыс. KZT.",1,5,15000.0,297000.0,1,7,0.0002853573992575067,19.8,3,False,False,1.0,1,5.0051944197091124e-05,0.0,True
100000002975287100,peripheral,0.8099354695149088,5,0.09635068980863373,"Периферийный профиль: in/out degree 1/0, оборот 15.0 тыс. KZT; выраженной структурной роли нет.",1,0,15000.0,0.0,1,0,0.0002876351841812678,0.0,3,False,False,1.0,1,0.0,0.0,False
100000008507703100,peripheral,0.8099354695149088,7,0.16644414775255897,"Периферийный профиль: in/out degree 1/0, оборот 28.5 тыс. KZT; выраженной структурной роли нет.",1,0,28500.0,0.0,1,0,0.00028845290773758293,0.0,3,False,False,1.0,1,0.0,0.0,False
100000001733687100,peripheral,0.8099354695149088,2,0.4975522919448153,"Периферийный профиль: in/out degree 1/0, оборот 300.0 тыс. KZT; выраженной структурной роли нет.",1,0,300000.0,0.0,1,0,0.00030506769564443416,0.0,3,False,False,1.0,1,0.0,0.0,False
100000004552204100,coordinator,0.7114374721851356,14,0.8918558077436582,"Связующий профиль: seed-ветвей 1, соседних кластеров 0; in/out degree 1/2, bridge pctl 82%.",1,2,22500.0,10000.0,2,2,0.0008576379018354305,0.4444444444444444,3,False,False,1.0,1,1.3357079252003561e-05,0.0,True
100000008223756100,terminal,0.8975505117935025,11,0.7191811303960837,"Получатель-кандидат: 2 плательщ., 2 tx, 331.7 тыс. KZT; исходящих рёбер 0.",2,0,331682.0,0.0,2,0,0.00035420394465619955,0.0,3,False,False,1.0,2,0.0,0.0,False
100000002956769100,terminal,0.9140252781486427,2,0.7080551846906987,"Получатель-кандидат: 3 плательщ., 3 tx, 840.0 тыс. KZT; исходящих рёбер 0.",3,0,840000.0,0.0,3,0,0.0003825941161973919,0.0,3,False,False,1.0,1,0.0,0.0,False
100000008555233100,peripheral,0.8099354695149088,2,0.5598575878949711,"Периферийный профиль: in/out degree 1/0, оборот 440.6 тыс. KZT; выраженной структурной роли нет.",1,0,440600.0,0.0,1,0,0.0003613559710489592,0.0,3,False,False,1.0,1,0.0,0.0,False
100000002346166100,peripheral,0.8099354695149088,7,0.09635068980863373,"Периферийный профиль: in/out degree 1/0, оборот 6.0 тыс. KZT; выраженной структурной роли нет.",1,0,6000.0,0.0,1,0,0.00028496688996199277,0.0,3,False,False,1.0,1,0.0,0.0,False
100000000878006100,peripheral,0.8099354695149088,5,0.5278148642634624,"Периферийный профиль: in/out degree 1/0, оборот 47.0 тыс. KZT; выраженной структурной роли нет.",1,0,47003.0,0.0,1,0,0.00028554799492929925,0.0,3,False,False,1.0,3,0.0,0.0,False
100000004997515100,coordinator,0.9611927013796173,2,0.8811748998664887,"Связующий профиль: seed-ветвей 2, соседних кластеров 1; in/out degree 4/4, bridge pctl 93%.",4,4,395000.0,54500.0,4,4,0.00035460764329655524,0.1379746835443038,3,False,False,1.0,2,5.9563341146058246e-05,0.0,False
100000007653003100,peripheral,0.8099354695149088,17,0.3724966622162884,"Периферийный профиль: in/out degree 1/0, оборот 100.0 тыс. KZT; выраженной структурной роли нет.",1,0,100000.0,0.0,1,0,0.00029966234512513785,0.0,3,False,False,1.0,1,0.0,0.0,False
100000000661131100,peripheral,0.8099354695149088,7,0.09635068980863373,"Периферийный профиль: in/out degree 1/0, оборот 15.6 тыс. KZT; выраженной структурной роли нет.",1,0,15600.0,0.0,1,0,0.0002864542575462446,0.0,3,False,False,1.0,1,0.0,0.0,False
100000003880331100,distributor,0.9209656150861384,11,0.9902091677792613,"Признаки распределения: 16 получ., 31 tx, 3.90 млн KZT; вход: 1 плательщ., 100.0 тыс. KZT.",1,16,100000.0,3904908.0,1,31,0.0003059555957758657,39.04908,3,False,False,1.0,1,0.00035598042983271997,1.0,True
100000003204491100,coordinator,0.6382443257676903,3,0.8807298620382733,"Связующий профиль: seed-ветвей 1, соседних кластеров 0; in/out degree 1/1, bridge pctl 85%.",1,1,140000.0,100000.0,1,2,0.0002963583495547673,0.7142857142857143,3,False,False,1.0,1,1.3401751757863106e-05,0.7142857142857143,False
100000008463968100,peripheral,0.8099354695149088,7,0.09635068980863373,"Периферийный профиль: in/out degree 1/0, оборот 10.0 тыс. KZT; выраженной структурной роли нет.",1,0,10000.0,0.0,1,0,0.00028558662645543104,0.0,3,False,False,1.0,1,0.0,0.0,False
100000002712416100,terminal,0.8619350244770805,2,0.6920338228749444,"Получатель-кандидат: 2 плательщ., 2 tx, 116.8 тыс. KZT; исходящих рёбер 0.",2,0,116800.0,0.0,2,0,0.00030101033469092975,0.0,3,False,False,1.0,2,0.0,0.0,False
100000008754997100,peripheral,0.8099354695149088,7,0.09635068980863373,"Периферийный профиль: in/out degree 1/0, оборот 18.0 тыс. KZT; выраженной структурной роли нет.",1,0,18000.0,0.0,1,0,0.00028682609944230753,0.0,3,False,False,1.0,1,0.0,0.0,False
100000008011573100,peripheral,0.8099354695149088,5,0.09635068980863373,"Периферийный профиль: in/out degree 1/0, оборот 15.0 тыс. KZT; выраженной структурной роли нет.",1,0,15000.0,0.0,1,0,0.0002876351841812678,0.0,3,False,False,1.0,1,0.0,0.0,False
100000003178549100,coordinator,0.8500979083222074,17,0.9296840231419671,"Связующий профиль: seed-ветвей 1, соседних кластеров 4; in/out degree 2/4, bridge pctl 91%.",2,4,250000.0,89080.0,2,4,0.00035013923320301795,0.35632,3,False,False,1.0,1,3.409296191790036e-05,0.0,True
100000000534581100,coordinator,0.8677236315086783,3,0.8179795282599021,"Связующий профиль: seed-ветвей 2, соседних кластеров 1; in/out degree 2/1, bridge pctl 82%.",2,1,55960.0,40000.0,2,1,0.0002968212256015154,0.7147962830593281,3,False,False,1.0,2,1.3357079252003561e-05,0.0,False
100000007138613100,coordinator,0.9697285269247886,10,0.9052069425901201,"Связующий профиль: seed-ветвей 3, соседних кластеров 2; in/out degree 3/2, bridge pctl 89%.",3,2,1002000.0,179000.0,3,2,0.0003521481059088668,0.17864271457085829,3,False,False,1.0,3,2.6714158504007122e-05,0.0,False
100000002380341100,peripheral,0.8099354695149088,0,0.3324432576769025,"Периферийный профиль: in/out degree 1/0, оборот 57.6 тыс. KZT; выраженной структурной роли нет.",1,0,57566.4,0.0,1,0,0.0003074312834346868,0.0,3,False,False,1.0,1,0.0,0.0,False
100000008309514100,peripheral,0.8099354695149088,7,0.09635068980863373,"Периферийный профиль: in/out degree 1/0, оборот 17.2 тыс. KZT; выраженной структурной роли нет.",1,0,17200.0,0.0,1,0,0.00028670215214361987,0.0,3,False,False,1.0,1,0.0,0.0,False
100000003134474100,peripheral,0.8099354695149088,5,0.570983533600356,"Периферийный профиль: in/out degree 1/0, оборот 116.0 тыс. KZT; выраженной структурной роли нет.",1,0,116000.0,0.0,1,0,0.00028776560737288543,0.0,3,False,False,1.0,3,0.0,0.0,False
100000002373386100,peripheral,0.8099354695149088,7,0.09635068980863373,"Периферийный профиль: in/out degree 1/0, оборот 24.0 тыс. KZT; выраженной структурной роли нет.",1,0,24000.0,0.0,1,0,0.00028775570418246494,0.0,3,False,False,1.0,1,0.0,0.0,False
100000008684767100,peripheral,0.8099354695149088,7,0.1791277258566978,"Периферийный профиль: in/out degree 1/0, оборот 31.1 тыс. KZT; выраженной структурной роли нет.",1,0,31100.0,0.0,1,0,0.0002888557364583178,0.0,3,False,False,1.0,1,0.0,0.0,False
100000008332511100,peripheral,0.8099354695149088,13,0.5634178905206942,"Периферийный профиль: in/out degree 1/0, оборот 100.0 тыс. KZT; выраженной структурной роли нет.",1,0,100000.0,0.0,1,0,0.001104323033607261,0.0,3,False,False,1.0,1,0.0,0.0,False
100000005754335100,peripheral,0.8099354695149088,5,0.4143302180685358,"Периферийный профиль: in/out degree 1/0, оборот 44.0 тыс. KZT; выраженной структурной роли нет.",1,0,44037.0,0.0,1,0,0.0004022190311816121,0.0,3,False,False,1.0,1,0.0,0.0,False
100000008547295100,peripheral,0.8099354695149088,14,0.42545616377392076,"Периферийный профиль: in/out degree 1/0, оборот 15.0 тыс. KZT; выраженной структурной роли нет.",1,0,15000.0,0.0,1,0,0.00055880212957468,0.0,3,False,False,1.0,1,0.0,0.0,False
100000001875167100,terminal,0.8449534490431687,5,0.7494437027147307,"Получатель-кандидат: 1 плательщ., 2 tx, 1.00 млн KZT; исходящих рёбер 0.",1,0,1000000.0,0.0,2,0,0.0003161779934205426,0.0,3,False,False,1.0,3,0.0,0.0,False
100000004670388100,coordinator,0.7056297285269246,33,0.9626168224299065,"Связующий профиль: seed-ветвей 1, соседних кластеров 0; in/out degree 1/2, bridge pctl 87%.",1,2,160354.0,720000.0,1,4,0.0005106658992087246,4.490065729573319,3,False,False,1.0,1,1.632531908578213e-05,1.0,True
100000004097972100,coordinator,0.7866533155318202,3,0.8215398308856253,"Связующий профиль: seed-ветвей 2, соседних кластеров 0; in/out degree 1/2, bridge pctl 89%.",1,2,118878.0,10000.0,1,2,0.0003147949695400046,0.0841198539679335,3,False,False,1.0,2,2.6714158504007122e-05,0.04205992698396675,False
100000000481716100,peripheral,0.8099354695149088,9,0.32932799287939474,"Периферийный профиль: in/out degree 1/0, оборот 8.0 тыс. KZT; выраженной структурной роли нет.",1,0,8000.0,0.0,1,0,0.00037496698411178123,0.0,3,False,False,1.0,1,0.0,0.0,False
100000005089460100,peripheral,0.8099354695149088,7,0.09635068980863373,"Периферийный профиль: in/out degree 1/0, оборот 12.3 тыс. KZT; выраженной структурной роли нет.",1,0,12300.0,0.0,1,0,0.000285942974939158,0.0,3,False,False,1.0,1,0.0,0.0,False
100000003105929100,coordinator,0.7701958166444148,5,0.8629283489096573,"Связующий профиль: seed-ветвей 3, соседних кластеров 0; in/out degree 1/1, bridge pctl 85%.",1,1,429567.0,156354.0,2,1,0.00029784387282062947,0.3639804733603838,3,False,False,1.0,3,1.3401751757863106e-05,0.0,False
100000008379273100,distributor,0.8040590840110605,12,0.8673787271918113,"Признаки распределения: 4 получ., 4 tx, 38.0 тыс. KZT; вход: 2 плательщ., 36.0 тыс. KZT.",2,4,36000.0,38000.0,2,4,0.000297386894349846,1.0555555555555556,3,False,False,1.0,1,1.3357079252003561e-05,0.0,True
100000005357705100,distributor,0.8483112811471611,3,0.9514908767245216,"Признаки распределения: 4 получ., 5 tx, 387.1 тыс. KZT; вход: 1 плательщ., 52.6 тыс. KZT.",1,4,52595.0,387080.0,1,5,0.00029465389339136715,7.35963494628767,3,False,False,1.0,1,5.3428317008014244e-05,1.0,False
100000003111305100,terminal,0.951596261682243,2,0.7325322652425457,"Получатель-кандидат: 4 плательщ., 4 tx, 509.3 тыс. KZT; исходящих рёбер 0.",4,0,509338.0,0.0,4,0,0.0004013706334333252,0.0,3,False,False,1.0,2,0.0,0.0,False
100000008503177100,peripheral,0.8099354695149088,3,0.18691588785046728,"Периферийный профиль: in/out degree 1/0, оборот 34.0 тыс. KZT; выраженной структурной роли нет.",1,0,33951.0,0.0,1,0,0.0002908904930165644,0.0,3,False,False,1.0,1,0.0,0.0,False
100000000955529100,peripheral,0.440865598575879,6,0.32532265242545616,"Периферийный профиль: in/out degree 1/1, оборот 90.5 тыс. KZT; выраженной структурной роли нет.",1,1,27000.0,63500.0,1,1,0.0002940270963612723,2.3518518518518516,3,False,False,1.0,1,0.0,0.0,False
100000008695689100,peripheral,0.8099354695149088,7,0.15331553182020471,"Периферийный профиль: in/out degree 1/0, оборот 26.2 тыс. KZT; выраженной структурной роли нет.",1,0,26200.0,0.0,1,0,0.00028809655925385595,0.0,3,False,False,1.0,1,0.0,0.0,False
100000004184158100,peripheral,0.8099354695149088,3,0.46105919003115264,"Периферийный профиль: in/out degree 1/0, оборот 203.8 тыс. KZT; выраженной структурной роли нет.",1,0,203805.0,0.0,1,0,0.00030197367462450093,0.0,3,False,False,1.0,1,0.0,0.0,False
100000005475379100,distributor,0.8020123289926375,0,0.7912772585669782,"Признаки распределения: 3 получ., 3 tx, 81.0 тыс. KZT; вход: 1 плательщ., 108.4 тыс. KZT.",1,3,108370.0,81000.0,1,3,0.00041911385736223376,0.7474393282273692,3,False,False,1.0,1,4.007123775601068e-05,0.0,False
100000003093299100,peripheral,0.8099354695149088,10,0.43079661771250555,"Периферийный профиль: in/out degree 1/0, оборот 15.0 тыс. KZT; выраженной структурной роли нет.",1,0,15000.0,0.0,1,0,0.00028487618764159414,0.0,3,False,False,1.0,2,0.0,0.0,False
100000008767027100,peripheral,0.8099354695149088,2,0.09635068980863373,"Периферийный профиль: in/out degree 1/0, оборот 5.0 тыс. KZT; выраженной структурной роли нет.",1,0,5000.0,0.0,1,0,0.00028479576659673505,0.0,3,False,False,1.0,1,0.0,0.0,False
100000004539443100,terminal,0.8091967957276369,6,0.69826435246996,"Получатель-кандидат: 2 плательщ., 2 tx, 62.0 тыс. KZT; исходящих рёбер 0.",2,0,61990.0,0.0,2,0,0.0009498234569681597,0.0,3,False,False,1.0,1,0.0,0.0,False
100000007863304100,peripheral,0.8099354695149088,5,0.4773030707610147,"Периферийный профиль: in/out degree 1/0, оборот 25.0 тыс. KZT; выраженной структурной роли нет.",1,0,25000.0,0.0,1,0,0.0002848408029268031,0.0,3,False,False,1.0,3,0.0,0.0,False
100000004959752100,peripheral,0.8099354695149088,6,0.46194926568758343,"Периферийный профиль: in/out degree 1/0, оборот 22.2 тыс. KZT; выраженной структурной роли нет.",1,0,22200.0,0.0,1,0,0.000779568196637049,0.0,3,False,False,1.0,2,0.0,0.0,False
100000002214664100,coordinator,0.58456608811749,7,0.8838451268357811,"Связующий профиль: seed-ветвей 1, соседних кластеров 0; in/out degree 1/1, bridge pctl 79%.",1,1,7950.0,76950.0,1,2,0.0002852690115025439,9.679245283018869,3,False,False,1.0,1,2.968239833778569e-06,1.0,False
100000008192264100,transit,0.7822812187665615,5,0.8896306186025812,"Признаки транзита: вход 162.8 тыс., выход 187.9 тыс. KZT; совпадение в тот же день 100%, двусторонних дней 1.",1,1,162810.0,187910.0,1,2,0.00028927011392366694,1.1541674344327744,3,False,False,1.0,3,1.3357079252003561e-05,1.0,False
100000000942301100,terminal,0.7868439697374277,3,0.6786826880284824,"Получатель-кандидат: 1 плательщ., 2 tx, 57.6 тыс. KZT; исходящих рёбер 0.",1,0,57580.0,0.0,2,0,0.0002989351423782494,0.0,3,False,False,1.0,2,0.0,0.0,False
100000002578653100,peripheral,0.8099354695149088,0,0.19581664441477525,"Периферийный профиль: in/out degree 1/0, оборот 20.0 тыс. KZT; выраженной структурной роли нет.",1,0,20000.0,0.0,1,0,0.0003095996212636863,0.0,3,False,False,1.0,1,0.0,0.0,False
100000002511581100,peripheral,0.8099354695149088,7,0.09635068980863373,"Периферийный профиль: in/out degree 1/0, оборот 17.6 тыс. KZT; выраженной структурной роли нет.",1,0,17600.0,0.0,1,0,0.0002867641257929637,0.0,3,False,False,1.0,1,0.0,0.0,False
100000005610717100,coordinator,0.9425478415665332,3,0.9279038718291055,"Связующий профиль: seed-ветвей 3, соседних кластеров 2; in/out degree 4/1, bridge pctl 82%.",4,1,484500.0,265200.0,6,7,0.00034253652837969883,0.5473684210526316,3,False,False,1.0,3,1.3357079252003561e-05,0.27285861713106296,False
100000005704413100,coordinator,1.0,12,0.9982198486871384,"Связующий профиль: seed-ветвей 2, соседних кластеров 4; in/out degree 3/32, bridge pctl 98%.",3,32,97834.67,1363593.0,4,35,0.0005959479770254015,13.9377278014021,3,False,False,1.0,2,0.00041654299000692583,0.8875654203157224,True
100000000976943100,coordinator,0.6688518024032043,0,0.8059635068980864,"Связующий профиль: seed-ветвей 1, соседних кластеров 0; in/out degree 1/1, bridge pctl 82%.",1,1,70000.0,84000.0,1,3,0.0003712880008241966,1.2,3,False,False,1.0,1,1.3357079252003561e-05,0.15714285714285714,False
100000008708061100,peripheral,0.8099354695149088,7,0.09635068980863373,"Периферийный профиль: in/out degree 1/0, оборот 8.7 тыс. KZT; выраженной структурной роли нет.",1,0,8650.0,0.0,1,0,0.0002853774653888956,0.0,3,False,False,1.0,1,0.0,0.0,False
100000003986141100,peripheral,0.8099354695149088,5,0.09635068980863373,"Периферийный профиль: in/out degree 1/0, оборот 5.3 тыс. KZT; выраженной структурной роли нет.",1,0,5286.32,0.0,1,0,0.0002853052615703172,0.0,3,False,False,1.0,1,0.0,0.0,False
100000005037490100,transit,0.6774632843791722,11,0.8255451713395638,"Признаки транзита: вход 15.0 тыс., выход 30.0 тыс. KZT; совпадение в тот же день 93%, двусторонних дней 1.",1,2,15000.0,30000.0,1,3,0.0003213947785135833,2.0,3,False,False,1.0,1,1.3357079252003561e-05,0.9333333333333333,True
100000004257714100,peripheral,0.8099354695149088,7,0.28749443702714733,"Периферийный профиль: in/out degree 1/0, оборот 52.2 тыс. KZT; выраженной структурной роли нет.",1,0,52220.0,0.0,1,0,0.00029212794514367176,0.0,3,False,False,1.0,1,0.0,0.0,False
100000000569479100,peripheral,0.8099354695149088,3,0.5603026257231865,"Периферийный профиль: in/out degree 1/0, оборот 320.0 тыс. KZT; выраженной структурной роли нет.",1,0,320000.0,0.0,1,0,0.0003926718812837937,0.0,3,False,False,1.0,1,0.0,0.0,False
100000007303047100,peripheral,0.8099354695149088,7,0.2879394748553627,"Периферийный профиль: in/out degree 1/0, оборот 52.2 тыс. KZT; выраженной структурной роли нет.",1,0,52250.0,0.0,1,0,0.00029213259316737255,0.0,3,False,False,1.0,1,0.0,0.0,False
100000008708743100,peripheral,0.8099354695149088,7,0.09635068980863373,"Периферийный профиль: in/out degree 1/0, оборот 15.6 тыс. KZT; выраженной структурной роли нет.",1,0,15550.0,0.0,1,0,0.0002864465108400766,0.0,3,False,False,1.0,1,0.0,0.0,False
100000008745863100,peripheral,0.8099354695149088,7,0.09635068980863373,"Периферийный профиль: in/out degree 1/0, оборот 22.9 тыс. KZT; выраженной структурной роли нет.",1,0,22900.0,0.0,1,0,0.0002875852766467694,0.0,3,False,False,1.0,1,0.0,0.0,False
100000005048668100,coordinator,0.9348620382732532,0,0.9821984868713841,"Связующий профиль: seed-ветвей 3, соседних кластеров 2; in/out degree 2/8, bridge pctl 98%.",2,8,16668.0,159400.0,2,11,0.00028699417679822975,9.563234941204703,3,False,False,1.0,3,0.0005198633365803585,0.41996640268778496,True
100000006522972100,peripheral,0.8099354695149088,14,0.16733422340898976,"Периферийный профиль: in/out degree 1/0, оборот 9.5 тыс. KZT; выраженной структурной роли нет.",1,0,9515.0,0.0,1,0,0.00030165437725041965,0.0,3,False,False,1.0,1,0.0,0.0,False
100000008759857100,peripheral,0.3799176680017802,2,0.5402759234534935,"Периферийный профиль: in/out degree 1/2, оборот 999.0 тыс. KZT; выраженной структурной роли нет.",1,2,5000.0,994000.0,1,3,0.00028479576659673505,198.8,3,False,False,1.0,1,5.041296225623919e-06,0.0,False
100000005342513100,peripheral,0.4404984423676013,4,0.6190476190476191,"Периферийный профиль: in/out degree 1/1, оборот 265.0 тыс. KZT; выраженной структурной роли нет.",1,1,235000.0,30000.0,2,1,0.001136699828696867,0.1276595744680851,3,False,False,1.0,1,0.0,0.1276595744680851,True
100000004750897100,peripheral,0.8099354695149088,32,0.38451268357810414,"Периферийный профиль: in/out degree 1/0, оборот 10.0 тыс. KZT; выраженной структурной роли нет.",1,0,10000.0,0.0,1,0,0.00048681152833852134,0.0,3,False,False,1.0,1,0.0,0.0,False
100000001140785100,terminal,0.8579152647975079,2,0.6337338673787272,"Получатель-кандидат: 2 плательщ., 2 tx, 215.0 тыс. KZT; исходящих рёбер 0.",2,0,215000.0,0.0,2,0,0.00031361886920458216,0.0,3,False,False,1.0,1,0.0,0.0,False
100000002821425100,peripheral,0.8099354695149088,13,0.470404984423676,"Периферийный профиль: in/out degree 1/0, оборот 275.0 тыс. KZT; выраженной структурной роли нет.",1,0,275000.0,0.0,1,0,0.00029704226682940825,0.0,3,False,False,1.0,1,0.0,0.0,False
100000003221510100,coordinator,0.7299376947040498,10,0.8184245660881175,"Связующий профиль: seed-ветвей 2, соседних кластеров 0; in/out degree 1/2, bridge pctl 89%.",1,2,24000.0,120000.0,1,3,0.0002853795290934494,5.0,3,False,False,1.0,2,2.6714158504007122e-05,0.0,False
100000003031003100,terminal,0.9169018246550957,2,0.6426346239430352,"Получатель-кандидат: 3 плательщ., 3 tx, 280.1 тыс. KZT; исходящих рёбер 0.",3,0,280090.0,0.0,3,0,0.00030979098989231737,0.0,3,False,False,1.0,1,0.0,0.0,False
100000003060187100,peripheral,0.8099354695149088,16,0.3627058299955496,"Периферийный профиль: in/out degree 1/0, оборот 93.0 тыс. KZT; выраженной структурной роли нет.",1,0,93046.0,0.0,1,0,0.00029983663785792863,0.0,3,False,False,1.0,1,0.0,0.0,False
100000008718811100,peripheral,0.8099354695149088,7,0.32843791722296395,"Периферийный профиль: in/out degree 1/0, оборот 73.3 тыс. KZT; выраженной структурной роли нет.",1,0,73300.0,0.0,1,0,0.0002953939564640914,0.0,3,False,False,1.0,1,0.0,0.0,False
100000008043184100,peripheral,0.8099354695149088,17,0.2639074321317312,"Периферийный профиль: in/out degree 1/0, оборот 50.6 тыс. KZT; выраженной структурной роли нет.",1,0,50564.0,0.0,1,0,0.00029193794051134126,0.0,3,False,False,1.0,1,0.0,0.0,False
100000002530224100,peripheral,0.8099354695149088,2,0.38807298620382735,"Периферийный профиль: in/out degree 1/0, оборот 113.0 тыс. KZT; выраженной структурной роли нет.",1,0,113000.0,0.0,1,0,0.00028981978324870366,0.0,3,False,False,1.0,1,0.0,0.0,False
100000008754608100,peripheral,0.8099354695149088,7,0.09635068980863373,"Периферийный профиль: in/out degree 1/0, оборот 12.3 тыс. KZT; выраженной структурной роли нет.",1,0,12300.0,0.0,1,0,0.000285942974939158,0.0,3,False,False,1.0,1,0.0,0.0,False
100000006989232100,peripheral,0.8099354695149088,3,0.09635068980863373,"Периферийный профиль: in/out degree 1/0, оборот 22.2 тыс. KZT; выраженной структурной роли нет.",1,0,22194.0,0.0,1,0,0.0002859905259490146,0.0,3,False,False,1.0,1,0.0,0.0,False
100000006532229100,peripheral,0.8099354695149088,2,0.37917222963951935,"Периферийный профиль: in/out degree 1/0, оборот 105.0 тыс. KZT; выраженной структурной роли нет.",1,0,105000.0,0.0,1,0,0.00029900375917379,0.0,3,False,False,1.0,1,0.0,0.0,False
100000005661829100,coordinator,0.6290342679127725,3,0.8362260792167334,"Связующий профиль: seed-ветвей 1, соседних кластеров 2; in/out degree 1/2, bridge pctl 77%.",1,2,37790.0,40362.0,1,4,0.0002904540848275999,1.0680603334215402,3,False,False,1.0,1,1.7520860129942943e-07,0.43662344535591424,False
100000004553349100,peripheral,0.8099354695149088,14,0.09635068980863373,"Периферийный профиль: in/out degree 1/0, оборот 7.8 тыс. KZT; выраженной структурной роли нет.",1,0,7755.0,0.0,1,0,0.00029839572438964106,0.0,3,False,False,1.0,1,0.0,0.0,False
100000002945626100,terminal,0.9356329327992879,2,0.6915887850467289,"Получатель-кандидат: 3 плательщ., 3 tx, 584.0 тыс. KZT; исходящих рёбер 0.",3,0,584000.0,0.0,3,0,0.00033587686741796345,0.0,3,False,False,1.0,1,0.0,0.0,False
100000008775471100,terminal,0.8390175344904318,2,0.684913217623498,"Получатель-кандидат: 1 плательщ., 2 tx, 580.0 тыс. KZT; исходящих рёбер 0.",1,0,580000.0,0.0,2,0,0.0003563656811158824,0.0,3,False,False,1.0,1,0.0,0.0,False
100000000404740100,peripheral,0.8099354695149088,23,0.2607921673342234,"Периферийный профиль: in/out degree 1/0, оборот 25.0 тыс. KZT; depth=4, исходящие неизвестны.",1,0,25000.0,0.0,1,0,0.0005545956246023709,0.0,4,False,True,0.45,1,0.0,0.0,False
100000004268036100,peripheral,0.8099354695149088,9,0.016688918558077435,"Периферийный профиль: in/out degree 1/0, оборот 5.5 тыс. KZT; depth=4, исходящие неизвестны.",1,0,5500.0,0.0,1,0,0.0002869611996101867,0.0,4,False,True,0.45,1,0.0,0.0,False
100000001256409100,peripheral,0.8099354695149088,11,0.24655095683133066,"Периферийный профиль: in/out degree 1/0, оборот 8.0 тыс. KZT; depth=4, исходящие неизвестны.",1,0,8000.0,0.0,1,0,0.0005438890385963892,0.0,4,False,True,0.45,1,0.0,0.0,False
100000005360814100,peripheral,0.5319982198486871,11,0.41032487761459724,"Периферийный профиль: in/out degree 1/0, оборот 144.0 тыс. KZT; depth=4, исходящие неизвестны.",1,0,144000.0,0.0,3,0,0.0004311693429061709,0.0,4,False,True,0.45,1,0.0,0.0,False
100000002369454100,peripheral,0.8099354695149088,3,0.18001780151312863,"Периферийный профиль: in/out degree 1/0, оборот 25.0 тыс. KZT; depth=4, исходящие неизвестны.",1,0,25000.0,0.0,1,0,0.00042634752844373353,0.0,4,False,True,0.45,1,0.0,0.0,False
100000004272302100,peripheral,0.8099354695149088,0,0.016688918558077435,"Периферийный профиль: in/out degree 1/0, оборот 10.0 тыс. KZT; depth=4, исходящие неизвестны.",1,0,10000.0,0.0,1,0,0.0002861878806573696,0.0,4,False,True,0.45,1,0.0,0.0,False
100000008727982100,peripheral,0.5904984423676013,9,0.3969737427681353,"Периферийный профиль: in/out degree 1/0, оборот 30.0 тыс. KZT; depth=4, исходящие неизвестны.",1,0,30000.0,0.0,2,0,0.0005126998238893478,0.0,4,False,True,0.45,1,0.0,0.0,False
100000000600707100,peripheral,0.5904984423676013,31,0.4379172229639519,"Периферийный профиль: in/out degree 1/0, оборот 89.0 тыс. KZT; depth=4, исходящие неизвестны.",1,0,89000.0,0.0,2,0,0.0005665291283739045,0.0,4,False,True,0.45,1,0.0,0.0,False
100000004500781100,terminal,0.5028918558077438,9,0.6332888295505118,"Получатель-кандидат: 1 плательщ., 5 tx, 74.0 тыс. KZT; обрезан на depth=4; терминальность вероятностная.",1,0,74000.0,0.0,5,0,0.0006766807612538268,0.0,4,False,True,0.45,1,0.0,0.0,False
100000008703533100,peripheral,0.8099354695149088,2,0.04138851802403204,"Периферийный профиль: in/out degree 1/0, оборот 75.0 тыс. KZT; depth=4, исходящие неизвестны.",1,0,75000.0,0.0,1,0,0.0002939295838912185,0.0,4,False,True,0.45,1,0.0,0.0,False
100000004549591100,peripheral,0.8099354695149088,1,0.30485091232754785,"Периферийный профиль: in/out degree 1/0, оборот 49.0 тыс. KZT; depth=4, исходящие неизвестны.",1,0,49000.0,0.0,1,0,0.0004416344617883487,0.0,4,False,True,0.45,1,0.0,0.0,False
100000002700161100,peripheral,0.8099354695149088,6,0.3818424566088118,"Периферийный профиль: in/out degree 1/0, оборот 39.0 тыс. KZT; depth=4, исходящие неизвестны.",1,0,39000.0,0.0,1,0,0.0008962265665583473,0.0,4,False,True,0.45,1,0.0,0.0,False
100000003134550100,peripheral,0.8099354695149088,2,0.19003115264797507,"Периферийный профиль: in/out degree 1/0, оборот 100.0 тыс. KZT; depth=4, исходящие неизвестны.",1,0,100000.0,0.0,1,0,0.00029722701678101284,0.0,4,False,True,0.45,1,0.0,0.0,False
100000001957974100,peripheral,0.8099354695149088,9,0.4539385847797063,"Периферийный профиль: in/out degree 1/0, оборот 500.0 тыс. KZT; depth=4, исходящие неизвестны.",1,0,500000.0,0.0,1,0,0.00031840720403756597,0.0,4,False,True,0.45,1,0.0,0.0,False
100000001246806100,peripheral,0.8099354695149088,2,0.4650645304850912,"Периферийный профиль: in/out degree 1/0, оборот 130.0 тыс. KZT; depth=4, исходящие неизвестны.",1,0,130000.0,0.0,1,0,0.0005298234724478235,0.0,4,False,True,0.45,1,0.0,0.0,False
100000003622955100,peripheral,0.8099354695149088,6,0.3449043168669337,"Периферийный профиль: in/out degree 1/0, оборот 15.0 тыс. KZT; depth=4, исходящие неизвестны.",1,0,15000.0,0.0,1,0,0.00132035003382116,0.0,4,False,True,0.45,2,0.0,0.0,False
100000003692843100,peripheral,0.5904984423676013,1,0.4971072541165999,"Периферийный профиль: in/out degree 1/0, оборот 510.0 тыс. KZT; depth=4, исходящие неизвестны.",1,0,510000.0,0.0,2,0,0.0005263212182693017,0.0,4,False,True,0.45,1,0.0,0.0,False
100000008629504100,peripheral,0.8099354695149088,3,0.025367156208277702,"Периферийный профиль: in/out degree 1/0, оборот 20.0 тыс. KZT; depth=4, исходящие неизвестны.",1,0,20000.0,0.0,1,0,0.00030037087373152826,0.0,4,False,True,0.45,1,0.0,0.0,False
100000005621418100,peripheral,0.8099354695149088,24,0.02892745883400089,"Периферийный профиль: in/out degree 1/0, оборот 30.0 тыс. KZT; depth=4, исходящие неизвестны.",1,0,30000.0,0.0,1,0,0.00030610072780921054,0.0,4,False,True,0.45,1,0.0,0.0,False
100000004167082100,peripheral,0.8099354695149088,0,0.2757009345794392,"Периферийный профиль: in/out degree 1/0, оборот 13.3 тыс. KZT; depth=4, исходящие неизвестны.",1,0,13300.0,0.0,1,0,0.00038272521056676985,0.0,4,False,True,0.45,2,0.0,0.0,False
100000004379306100,peripheral,0.8099354695149088,3,0.22741433021806853,"Периферийный профиль: in/out degree 1/0, оборот 15.0 тыс. KZT; depth=4, исходящие неизвестны.",1,0,15000.0,0.0,1,0,0.0005289005270260227,0.0,4,False,True,0.45,1,0.0,0.0,False
100000004856746100,peripheral,0.8099354695149088,18,0.016688918558077435,"Периферийный профиль: in/out degree 1/0, оборот 20.0 тыс. KZT; depth=4, исходящие неизвестны.",1,0,20000.0,0.0,1,0,0.000298380358567776,0.0,4,False,True,0.45,1,0.0,0.0,False
100000004891562100,peripheral,0.8099354695149088,9,0.3342234089897641,"Периферийный профиль: in/out degree 1/0, оборот 103.4 тыс. KZT; depth=4, исходящие неизвестны.",1,0,103400.0,0.0,1,0,0.00033900687572283955,0.0,4,False,True,0.45,1,0.0,0.0,False
100000007042175100,peripheral,0.8099354695149088,10,0.40898976412995103,"Периферийный профиль: in/out degree 1/0, оборот 60.0 тыс. KZT; depth=4, исходящие неизвестны.",1,0,60000.0,0.0,1,0,0.000530840873831046,0.0,4,False,True,0.45,2,0.0,0.0,False
100000002670463100,peripheral,0.8099354695149088,9,0.027592345349354695,"Периферийный профиль: in/out degree 1/0, оборот 31.5 тыс. KZT; depth=4, исходящие неизвестны.",1,0,31500.0,0.0,1,0,0.00030078334035512006,0.0,4,False,True,0.45,1,0.0,0.0,False
100000005567828100,peripheral,0.8099354695149088,12,0.45705384957721407,"Периферийный профиль: in/out degree 1/0, оборот 94.0 тыс. KZT; depth=4, исходящие неизвестны.",1,0,94000.0,0.0,1,0,0.0003189569741351276,0.0,4,False,True,0.45,2,0.0,0.0,False
100000004200745100,terminal,0.5231028037383179,8,0.62572318647085,"Получатель-кандидат: 1 плательщ., 4 tx, 130.0 тыс. KZT; обрезан на depth=4; терминальность вероятностная.",1,0,130000.0,0.0,4,0,0.0005971668229973223,0.0,4,False,True,0.45,2,0.0,0.0,False
100000003989033100,terminal,0.5735140186915888,13,0.650200267022697,"Получатель-кандидат: 1 плательщ., 13 tx, 373.4 тыс. KZT; обрезан на depth=4; терминальность вероятностная.",1,0,373400.0,0.0,13,0,0.0005952275035053236,0.0,4,False,True,0.45,1,0.0,0.0,False
100000005146665100,peripheral,0.8099354695149088,9,0.016688918558077435,"Периферийный профиль: in/out degree 1/0, оборот 5.5 тыс. KZT; depth=4, исходящие неизвестны.",1,0,5500.0,0.0,1,0,0.00028491608702576384,0.0,4,False,True,0.45,1,0.0,0.0,False
100000003096787100,peripheral,0.8099354695149088,12,0.2757009345794392,"Периферийный профиль: in/out degree 1/0, оборот 16.4 тыс. KZT; depth=4, исходящие неизвестны.",1,0,16400.0,0.0,1,0,0.00029012965647904807,0.0,4,False,True,0.45,2,0.0,0.0,False
100000003074515100,peripheral,0.8099354695149088,2,0.4712950600801068,"Периферийный профиль: in/out degree 1/0, оборот 105.0 тыс. KZT; depth=4, исходящие неизвестны.",1,0,105000.0,0.0,1,0,0.0002977553214896428,0.0,4,False,True,0.45,2,0.0,0.0,False
100000004377043100,peripheral,0.8099354695149088,18,0.03827325322652426,"Периферийный профиль: in/out degree 1/0, оборот 5.7 тыс. KZT; depth=4, исходящие неизвестны.",1,0,5700.0,0.0,1,0,0.00036139778708454593,0.0,4,False,True,0.45,1,0.0,0.0,False
100000008680061100,peripheral,0.5904984423676013,0,0.19982198486871383,"Периферийный профиль: in/out degree 1/0, оборот 41.3 тыс. KZT; depth=4, исходящие неизвестны.",1,0,41300.0,0.0,2,0,0.0003089565681741371,0.0,4,False,True,0.45,1,0.0,0.0,False
100000008471634100,peripheral,0.8099354695149088,23,0.33155318202047174,"Периферийный профиль: in/out degree 1/0, оборот 20.0 тыс. KZT; depth=4, исходящие неизвестны.",1,0,20000.0,0.0,1,0,0.0011160644650287962,0.0,4,False,True,0.45,1,0.0,0.0,False
100000002119762100,terminal,0.5064726301735647,5,0.645749888740543,"Получатель-кандидат: 1 плательщ., 6 tx, 77.0 тыс. KZT; обрезан на depth=4; терминальность вероятностная.",1,0,77000.0,0.0,6,0,0.0005263978441273966,0.0,4,False,True,0.45,3,0.0,0.0,False
100000008628818100,peripheral,0.8099354695149088,12,0.3658210947930574,"Периферийный профиль: in/out degree 1/0, оборот 46.3 тыс. KZT; depth=4, исходящие неизвестны.",1,0,46310.0,0.0,1,0,0.0003012408043024159,0.0,4,False,True,0.45,2,0.0,0.0,False
100000007510567100,peripheral,0.8099354695149088,12,0.3916332888295505,"Периферийный профиль: in/out degree 1/0, оборот 52.0 тыс. KZT; depth=4, исходящие неизвестны.",1,0,52000.0,0.0,1,0,0.00030335455993982686,0.0,4,False,True,0.45,2,0.0,0.0,False
100000004780327100,peripheral,0.8099354695149088,9,0.016688918558077435,"Периферийный профиль: in/out degree 1/0, оборот 12.0 тыс. KZT; depth=4, исходящие неизвестны.",1,0,12000.0,0.0,1,0,0.00029041673479642005,0.0,4,False,True,0.45,1,0.0,0.0,False
100000008376785100,peripheral,0.5904984423676013,5,0.5109034267912772,"Периферийный профиль: in/out degree 1/0, оборот 234.2 тыс. KZT; depth=4, исходящие неизвестны.",1,0,234250.0,0.0,2,0,0.0005286571752102255,0.0,4,False,True,0.45,3,0.0,0.0,False
100000005745873100,peripheral,0.8099354695149088,10,0.5255896751223854,"Периферийный профиль: in/out degree 1/0, оборот 223.0 тыс. KZT; depth=4, исходящие неизвестны.",1,0,223000.0,0.0,1,0,0.0003145884713094265,0.0,4,False,True,0.45,2,0.0,0.0,False
100000002594214100,peripheral,0.8099354695149088,5,0.5803293279928794,"Периферийный профиль: in/out degree 1/0, оборот 1.00 млн KZT; depth=4, исходящие неизвестны.",1,0,1000000.0,0.0,1,0,0.000364986645309555,0.0,4,False,True,0.45,3,0.0,0.0,False
100000001299323100,peripheral,0.8099354695149088,2,0.47485536270583,"Периферийный профиль: in/out degree 1/0, оборот 109.0 тыс. KZT; depth=4, исходящие неизвестны.",1,0,109000.0,0.0,1,0,0.00029827791334746407,0.0,4,False,True,0.45,2,0.0,0.0,False
100000003838587100,peripheral,0.8099354695149088,9,0.258121940364931,"Периферийный профиль: in/out degree 1/0, оборот 6.0 тыс. KZT; depth=4, исходящие неизвестны.",1,0,6000.0,0.0,1,0,0.0005518064617779996,0.0,4,False,True,0.45,1,0.0,0.0,False
100000000673915100,peripheral,0.8099354695149088,5,0.3386737872719181,"Периферийный профиль: in/out degree 1/0, оборот 20.2 тыс. KZT; depth=4, исходящие неизвестны.",1,0,20200.0,0.0,1,0,0.00028603132988501054,0.0,4,False,True,0.45,3,0.0,0.0,False
100000003061115100,peripheral,0.8099354695149088,3,0.3644859813084112,"Периферийный профиль: in/out degree 1/0, оборот 45.0 тыс. KZT; depth=4, исходящие неизвестны.",1,0,45000.0,0.0,1,0,0.0005307334995242746,0.0,4,False,True,0.45,2,0.0,0.0,False
100000004326224100,peripheral,0.8099354695149088,5,0.45638629283489096,"Периферийный профиль: in/out degree 1/0, оборот 60.0 тыс. KZT; depth=4, исходящие неизвестны.",1,0,60000.0,0.0,1,0,0.0005316970273213063,0.0,4,False,True,0.45,3,0.0,0.0,False
100000004988240100,peripheral,0.8099354695149088,10,0.2757009345794392,"Периферийный профиль: in/out degree 1/0, оборот 20.0 тыс. KZT; depth=4, исходящие неизвестны.",1,0,20000.0,0.0,1,0,0.0005267985149567501,0.0,4,False,True,0.45,2,0.0,0.0,False
100000008525136100,peripheral,0.8099354695149088,0,0.3386737872719181,"Периферийный профиль: in/out degree 1/0, оборот 14.1 тыс. KZT; depth=4, исходящие неизвестны.",1,0,14100.0,0.0,1,0,0.0002869685418094495,0.0,4,False,True,0.45,3,0.0,0.0,False
100000001991973100,peripheral,0.8099354695149088,9,0.016688918558077435,"Периферийный профиль: in/out degree 1/0, оборот 20.8 тыс. KZT; depth=4, исходящие неизвестны.",1,0,20800.0,0.0,1,0,0.0002950949978177821,0.0,4,False,True,0.45,1,0.0,0.0,False
100000004569637100,peripheral,0.8099354695149088,3,0.25723186470850024,"Периферийный профиль: in/out degree 1/0, оборот 5.5 тыс. KZT; depth=4, исходящие неизвестны.",1,0,5500.0,0.0,1,0,0.0005498067268033468,0.0,4,False,True,0.45,1,0.0,0.0,False
100000008675322100,terminal,0.5518691588785047,5,0.6430796617712505,"Получатель-кандидат: 1 плательщ., 4 tx, 340.0 тыс. KZT; обрезан на depth=4; терминальность вероятностная.",1,0,340000.0,0.0,4,0,0.0003176004132158723,0.0,4,False,True,0.45,3,0.0,0.0,False
100000004235471100,peripheral,0.8099354695149088,5,0.536270582999555,"Периферийный профиль: in/out degree 1/0, оборот 180.0 тыс. KZT; depth=4, исходящие неизвестны.",1,0,180000.0,0.0,1,0,0.00034666205230486034,0.0,4,False,True,0.45,3,0.0,0.0,False
100000003194831100,peripheral,0.8099354695149088,13,0.016688918558077435,"Периферийный профиль: in/out degree 1/0, оборот 6.3 тыс. KZT; depth=4, исходящие неизвестны.",1,0,6265.0,0.0,1,0,0.0002892585137101751,0.0,4,False,True,0.45,1,0.0,0.0,False
100000008588665100,peripheral,0.8099354695149088,3,0.2757009345794392,"Периферийный профиль: in/out degree 1/0, оборот 25.0 тыс. KZT; depth=4, исходящие неизвестны.",1,0,25000.0,0.0,1,0,0.0003504670299132578,0.0,4,False,True,0.45,2,0.0,0.0,False
100000003230329100,peripheral,0.8099354695149088,2,0.47619047619047616,"Периферийный профиль: in/out degree 1/0, оборот 110.0 тыс. KZT; depth=4, исходящие неизвестны.",1,0,110000.0,0.0,1,0,0.00029840856131191937,0.0,4,False,True,0.45,2,0.0,0.0,False
100000002217806100,peripheral,0.5904984423676013,1,0.37783711615487314,"Периферийный профиль: in/out degree 1/0, оборот 55.0 тыс. KZT; depth=4, исходящие неизвестны.",1,0,55000.0,0.0,2,0,0.0004609320752454728,0.0,4,False,True,0.45,1,0.0,0.0,False
100000004041294100,peripheral,0.5904984423676013,23,0.1606586559857588,"Периферийный профиль: in/out degree 1/0, оборот 17.8 тыс. KZT; depth=4, исходящие неизвестны.",1,0,17800.0,0.0,2,0,0.00029922052031328757,0.0,4,False,True,0.45,1,0.0,0.0,False
100000008583971100,terminal,0.5008411214953272,3,0.579884290164664,"Получатель-кандидат: 2 плательщ., 2 tx, 51.0 тыс. KZT; обрезан на depth=4; терминальность вероятностная.",2,0,51000.0,0.0,2,0,0.00032789536339838645,0.0,4,False,True,0.45,2,0.0,0.0,False
100000008251939100,peripheral,0.8099354695149088,12,0.35692033822874947,"Периферийный профиль: in/out degree 1/0, оборот 44.4 тыс. KZT; depth=4, исходящие неизвестны.",1,0,44360.0,0.0,1,0,0.00030051640650049117,0.0,4,False,True,0.45,2,0.0,0.0,False
100000004049912100,peripheral,0.8099354695149088,16,0.032487761459724075,"Периферийный профиль: in/out degree 1/0, оборот 10.0 тыс. KZT; depth=4, исходящие неизвестны.",1,0,10000.0,0.0,1,0,0.00032276579168908926,0.0,4,False,True,0.45,1,0.0,0.0,False
100000002227960100,peripheral,0.8099354695149088,15,0.016688918558077435,"Периферийный профиль: in/out degree 1/0, оборот 10.0 тыс. KZT; depth=4, исходящие неизвестны.",1,0,10000.0,0.0,1,0,0.0002977946813370279,0.0,4,False,True,0.45,1,0.0,0.0,False
100000008677368100,peripheral,0.8099354695149088,0,0.2340898976412995,"Периферийный профиль: in/out degree 1/0, оборот 13.5 тыс. KZT; depth=4, исходящие неизвестны.",1,0,13500.0,0.0,1,0,0.0005308630520905826,0.0,4,False,True,0.45,1,0.0,0.0,False
100000008631800100,peripheral,0.8099354695149088,9,0.016688918558077435,"Периферийный профиль: in/out degree 1/0, оборот 12.8 тыс. KZT; depth=4, исходящие неизвестны.",1,0,12850.0,0.0,1,0,0.0002908686124746198,0.0,4,False,True,0.45,1,0.0,0.0,False
100000003220685100,peripheral,0.5904984423676013,5,0.5522919448153093,"Периферийный профиль: in/out degree 1/0, оборот 1.31 млн KZT; depth=4, исходящие неизвестны.",1,0,1306000.0,0.0,2,0,0.0005343903302814113,0.0,4,False,True,0.45,3,0.0,0.0,False
100000003072205100,terminal,0.5176054739652871,2,0.6065865598575879,"Получатель-кандидат: 2 плательщ., 2 tx, 163.0 тыс. KZT; обрезан на depth=4; терминальность вероятностная.",2,0,163000.0,0.0,2,0,0.0003172268432774002,0.0,4,False,True,0.45,3,0.0,0.0,False
100000001202637100,peripheral,0.8099354695149088,12,0.24833110814419226,"Периферийный профиль: in/out degree 1/0, оборот 10.0 тыс. KZT; depth=4, исходящие неизвестны.",1,0,10000.0,0.0,1,0,0.0005454813241434709,0.0,4,False,True,0.45,1,0.0,0.0,False
100000002835874100,peripheral,0.8099354695149088,2,0.40720961281708945,"Периферийный профиль: in/out degree 1/0, оборот 58.7 тыс. KZT; depth=4, исходящие неизвестны.",1,0,58700.0,0.0,1,0,0.000291706320735362,0.0,4,False,True,0.45,2,0.0,0.0,False
100000002707106100,peripheral,0.5904984423676013,9,0.1606586559857588,"Периферийный профиль: in/out degree 1/0, оборот 15.0 тыс. KZT; depth=4, исходящие неизвестны.",1,0,15000.0,0.0,2,0,0.00028506838278630735,0.0,4,False,True,0.45,1,0.0,0.0,False
100000008343415100,peripheral,0.5319982198486871,11,0.4721851357365376,"Периферийный профиль: in/out degree 1/0, оборот 100.0 тыс. KZT; depth=4, исходящие неизвестны.",1,0,100000.0,0.0,3,0,0.0004314669467008193,0.0,4,False,True,0.45,2,0.0,0.0,False
100000004981068100,peripheral,0.8099354695149088,0,0.2757009345794392,"Периферийный профиль: in/out degree 1/0, оборот 10.0 тыс. KZT; depth=4, исходящие неизвестны.",1,0,10000.0,0.0,1,0,0.0003766723178908187,0.0,4,False,True,0.45,2,0.0,0.0,False
100000004241142100,peripheral,0.8099354695149088,10,0.2919448153093013,"Периферийный профиль: in/out degree 1/0, оборот 27.1 тыс. KZT; depth=4, исходящие неизвестны.",1,0,27102.0,0.0,1,0,0.0005270025472106011,0.0,4,False,True,0.45,2,0.0,0.0,False
100000008190411100,terminal,0.5541081441922564,28,0.6163773920783266,"Получатель-кандидат: 1 плательщ., 12 tx, 198.4 тыс. KZT; обрезан на depth=4; терминальность вероятностная.",1,0,198450.0,0.0,12,0,0.00042169732134061944,0.0,4,False,True,0.45,1,0.0,0.0,False
100000008699083100,peripheral,0.8099354695149088,2,0.34668446817979526,"Периферийный профиль: in/out degree 1/0, оборот 238.5 тыс. KZT; depth=4, исходящие неизвестны.",1,0,238500.0,0.0,1,0,0.00030473415565749023,0.0,4,False,True,0.45,1,0.0,0.0,False
100000008136608100,peripheral,0.8099354695149088,12,0.5077881619937694,"Периферийный профиль: in/out degree 1/0, оборот 170.0 тыс. KZT; depth=4, исходящие неизвестны.",1,0,170000.0,0.0,1,0,0.0005609574302399593,0.0,4,False,True,0.45,1,0.0,0.0,False
100000008695157100,terminal,0.5472950600801068,11,0.6074766355140186,"Получатель-кандидат: 1 плательщ., 3 tx, 425.5 тыс. KZT; обрезан на depth=4; терминальность вероятностная.",1,0,425546.0,0.0,3,0,0.0004945670131324062,0.0,4,False,True,0.45,1,0.0,0.0,False
100000000369781100,peripheral,0.8099354695149088,5,0.3386737872719181,"Периферийный профиль: in/out degree 1/0, оборот 5.0 тыс. KZT; depth=4, исходящие неизвестны.",1,0,5000.0,0.0,1,0,0.00052932117813608,0.0,4,False,True,0.45,3,0.0,0.0,False
100000003133045100,peripheral,0.8099354695149088,28,0.24432576769025366,"Периферийный профиль: in/out degree 1/0, оборот 68.0 тыс. KZT; depth=4, исходящие неизвестны.",1,0,68000.0,0.0,1,0,0.00033120726484429605,0.0,4,False,True,0.45,1,0.0,0.0,False
100000002474570100,peripheral,0.8099354695149088,9,0.016688918558077435,"Периферийный профиль: in/out degree 1/0, оборот 6.8 тыс. KZT; depth=4, исходящие неизвестны.",1,0,6750.0,0.0,1,0,0.0002876257256075393,0.0,4,False,True,0.45,1,0.0,0.0,False
100000002514975100,peripheral,0.8099354695149088,24,0.22474410324877614,"Периферийный профиль: in/out degree 1/0, оборот 17.9 тыс. KZT; depth=4, исходящие неизвестны.",1,0,17920.0,0.0,1,0,0.0005278984508583496,0.0,4,False,True,0.45,1,0.0,0.0,False
100000001089055100,peripheral,0.8099354695149088,17,0.03382287494437027,"Периферийный профиль: in/out degree 1/0, оборот 13.0 тыс. KZT; depth=4, исходящие неизвестны.",1,0,13000.0,0.0,1,0,0.0003274705870504651,0.0,4,False,True,0.45,1,0.0,0.0,False
100000000608031100,peripheral,0.8099354695149088,17,0.2616822429906542,"Периферийный профиль: in/out degree 1/0, оборот 30.0 тыс. KZT; depth=4, исходящие неизвестны.",1,0,30000.0,0.0,1,0,0.000535429953348812,0.0,4,False,True,0.45,1,0.0,0.0,False
100000002659103100,peripheral,0.8099354695149088,36,0.3978638184245661,"Периферийный профиль: in/out degree 1/0, оборот 165.0 тыс. KZT; depth=4, исходящие неизвестны.",1,0,165000.0,0.0,1,0,0.0003475764615264146,0.0,4,False,True,0.45,1,0.0,0.0,False
100000000733940100,peripheral,0.5904984423676013,27,0.4766355140186916,"Периферийный профиль: in/out degree 1/0, оборот 752.0 тыс. KZT; depth=4, исходящие неизвестны.",1,0,752000.0,0.0,2,0,0.00040873559775610603,0.0,4,False,True,0.45,1,0.0,0.0,False
100000001537524100,peripheral,0.8099354695149088,2,0.2416555407209613,"Периферийный профиль: in/out degree 1/0, оборот 150.0 тыс. KZT; depth=4, исходящие неизвестны.",1,0,150000.0,0.0,1,0,0.00029705418486690135,0.0,4,False,True,0.45,1,0.0,0.0,False
100000002971593100,peripheral,0.8099354695149088,5,0.4210057854917668,"Периферийный профиль: in/out degree 1/0, оборот 49.0 тыс. KZT; depth=4, исходящие неизвестны.",1,0,49050.0,0.0,1,0,0.0005272447517884329,0.0,4,False,True,0.45,3,0.0,0.0,False
100000006918814100,peripheral,0.5904984423676013,0,0.17534490431686695,"Периферийный профиль: in/out degree 1/0, оборот 20.0 тыс. KZT; depth=4, исходящие неизвестны.",1,0,20000.0,0.0,2,0,0.000302673000324164,0.0,4,False,True,0.45,1,0.0,0.0,False
100000007381662100,peripheral,0.8099354695149088,10,0.2757009345794392,"Периферийный профиль: in/out degree 1/0, оборот 11.0 тыс. KZT; depth=4, исходящие неизвестны.",1,0,11000.0,0.0,1,0,0.0002952281863790007,0.0,4,False,True,0.45,2,0.0,0.0,False
100000003199390100,peripheral,0.8099354695149088,5,0.5518469069870939,"Периферийный профиль: in/out degree 1/0, оборот 260.0 тыс. KZT; depth=4, исходящие неизвестны.",1,0,260000.0,0.0,1,0,0.0003744952821195381,0.0,4,False,True,0.45,3,0.0,0.0,False
100000007749747100,peripheral,0.8099354695149088,2,0.3115264797507788,"Периферийный профиль: in/out degree 1/0, оборот 50.0 тыс. KZT; depth=4, исходящие неизвестны.",1,0,50000.0,0.0,1,0,0.0004410829256657396,0.0,4,False,True,0.45,1,0.0,0.0,False
100000003447411100,terminal,0.5402937249666222,11,0.527369826435247,"Получатель-кандидат: 1 плательщ., 3 tx, 302.0 тыс. KZT; обрезан на depth=4; терминальность вероятностная.",1,0,302000.0,0.0,3,0,0.0003041501281968003,0.0,4,False,True,0.45,1,0.0,0.0,False
100000000500040100,peripheral,0.8099354695149088,10,0.2757009345794392,"Периферийный профиль: in/out degree 1/0, оборот 20.0 тыс. KZT; depth=4, исходящие неизвестны.",1,0,20000.0,0.0,1,0,0.0003043843782348632,0.0,4,False,True,0.45,2,0.0,0.0,False
100000008551752100,peripheral,0.5904984423676013,10,0.5086782376502003,"Периферийный профиль: in/out degree 1/0, оборот 406.0 тыс. KZT; depth=4, исходящие неизвестны.",1,0,406000.0,0.0,2,0,0.0003396596240180775,0.0,4,False,True,0.45,2,0.0,0.0,False
100000002876914100,peripheral,0.8099354695149088,9,0.016688918558077435,"Периферийный профиль: in/out degree 1/0, оборот 12.0 тыс. KZT; depth=4, исходящие неизвестны.",1,0,12000.0,0.0,1,0,0.00029041673479642005,0.0,4,False,True,0.45,1,0.0,0.0,False
100000004571634100,peripheral,0.8099354695149088,0,0.040498442367601244,"Периферийный профиль: in/out degree 1/0, оборот 20.0 тыс. KZT; depth=4, исходящие неизвестны.",1,0,20000.0,0.0,1,0,0.00037199945281640164,0.0,4,False,True,0.45,1,0.0,0.0,False
100000004610802100,terminal,0.5648244325767691,44,0.6283934134401424,"Получатель-кандидат: 1 плательщ., 18 tx, 241.0 тыс. KZT; обрезан на depth=4; терминальность вероятностная.",1,0,241000.0,0.0,18,0,0.00047116002957872096,0.0,4,False,True,0.45,1,0.0,0.0,False
100000001311175100,peripheral,0.8099354695149088,13,0.5215843346684468,"Периферийный профиль: in/out degree 1/0, оборот 300.0 тыс. KZT; depth=4, исходящие неизвестны.",1,0,300000.0,0.0,1,0,0.0005283363576881457,0.0,4,False,True,0.45,1,0.0,0.0,False
100000008740295100,peripheral,0.8099354695149088,2,0.5384957721406319,"Периферийный профиль: in/out degree 1/0, оборот 300.0 тыс. KZT; depth=4, исходящие неизвестны.",1,0,300000.0,0.0,1,0,0.000323231674558428,0.0,4,False,True,0.45,2,0.0,0.0,False
100000002596039100,peripheral,0.8099354695149088,11,0.35291499777481083,"Периферийный профиль: in/out degree 1/0, оборот 280.0 тыс. KZT; depth=4, исходящие неизвестны.",1,0,280000.0,0.0,1,0,0.00030268495420524656,0.0,4,False,True,0.45,1,0.0,0.0,False
100000002126791100,terminal,0.560917222963952,2,0.6448598130841121,"Получатель-кандидат: 1 плательщ., 3 tx, 1.31 млн KZT; обрезан на depth=4; терминальность вероятностная.",1,0,1313000.0,0.0,3,0,0.0005683342477715371,0.0,4,False,True,0.45,2,0.0,0.0,False
100000005783452100,terminal,0.535413217623498,2,0.6141522029372497,"Получатель-кандидат: 2 плательщ., 2 tx, 286.5 тыс. KZT; обрезан на depth=4; терминальность вероятностная.",2,0,286500.0,0.0,2,0,0.0003126942003406408,0.0,4,False,True,0.45,2,0.0,0.0,False
100000006693788100,peripheral,0.8099354695149088,3,0.22830440587449932,"Периферийный профиль: in/out degree 1/0, оборот 10.8 тыс. KZT; depth=4, исходящие неизвестны.",1,0,10764.0,0.0,1,0,0.0005289450843376639,0.0,4,False,True,0.45,1,0.0,0.0,False
100000002832753100,peripheral,0.8099354695149088,32,0.3137516688918558,"Периферийный профиль: in/out degree 1/0, оборот 12.5 тыс. KZT; depth=4, исходящие неизвестны.",1,0,12500.0,0.0,1,0,0.0007495345163044983,0.0,4,False,True,0.45,1,0.0,0.0,False
100000002981489100,peripheral,0.8099354695149088,5,0.3386737872719181,"Периферийный профиль: in/out degree 1/0, оборот 10.0 тыс. KZT; depth=4, исходящие неизвестны.",1,0,10000.0,0.0,1,0,0.0002867808070765126,0.0,4,False,True,0.45,3,0.0,0.0,False
100000003084870100,peripheral,0.8099354695149088,13,0.03693813974187806,"Периферийный профиль: in/out degree 1/0, оборот 6.5 тыс. KZT; depth=4, исходящие неизвестны.",1,0,6500.0,0.0,1,0,0.0003432498746127696,0.0,4,False,True,0.45,1,0.0,0.0,False
100000002791494100,peripheral,0.8099354695149088,12,0.4494882064975523,"Периферийный профиль: in/out degree 1/0, оборот 85.9 тыс. KZT; depth=4, исходящие неизвестны.",1,0,85860.0,0.0,1,0,0.00031593307766965745,0.0,4,False,True,0.45,2,0.0,0.0,False
100000003345947100,peripheral,0.4846350689808634,11,0.45794392523364486,"Периферийный профиль: in/out degree 1/0, оборот 79.5 тыс. KZT; depth=4, исходящие неизвестны.",1,0,79500.0,0.0,6,0,0.0004918257212475565,0.0,4,False,True,0.45,1,0.0,0.0,False
100000002733083100,peripheral,0.8099354695149088,12,0.2757009345794392,"Периферийный профиль: in/out degree 1/0, оборот 15.2 тыс. KZT; depth=4, исходящие неизвестны.",1,0,15200.0,0.0,1,0,0.0002896838732163252,0.0,4,False,True,0.45,2,0.0,0.0,False
100000003247600100,peripheral,0.8099354695149088,0,0.44281263907432133,"Периферийный профиль: in/out degree 1/0, оборот 58.0 тыс. KZT; depth=4, исходящие неизвестны.",1,0,58000.0,0.0,1,0,0.0008353770183407934,0.0,4,False,True,0.45,1,0.0,0.0,False
100000001378288100,terminal,0.5364886515353806,11,0.5976858032932799,"Получатель-кандидат: 1 плательщ., 3 tx, 268.0 тыс. KZT; обрезан на depth=4; терминальность вероятностная.",1,0,268000.0,0.0,3,0,0.0005202988517686438,0.0,4,False,True,0.45,1,0.0,0.0,False
100000002305477100,peripheral,0.8099354695149088,15,0.029817534490431688,"Периферийный профиль: in/out degree 1/0, оборот 20.0 тыс. KZT; depth=4, исходящие неизвестны.",1,0,20000.0,0.0,1,0,0.0003115520774522204,0.0,4,False,True,0.45,1,0.0,0.0,False
100000006638021100,terminal,0.5421862483311082,2,0.6243880729862038,"Получатель-кандидат: 2 плательщ., 2 tx, 388.5 тыс. KZT; обрезан на depth=4; терминальность вероятностная.",2,0,388500.0,0.0,2,0,0.0005412545784395982,0.0,4,False,True,0.45,2,0.0,0.0,False
100000008517061100,terminal,0.5381008010680909,9,0.6150422785936804,"Получатель-кандидат: 1 плательщ., 4 tx, 1.84 млн KZT; обрезан на depth=4; терминальность вероятностная.",1,0,1844000.0,0.0,4,0,0.0004107935458142497,0.0,4,False,True,0.45,1,0.0,0.0,False
100000005910895100,peripheral,0.8099354695149088,30,0.2932799287939475,"Периферийный профиль: in/out degree 1/0, оборот 5.1 тыс. KZT; depth=4, исходящие неизвестны.",1,0,5100.0,0.0,1,0,0.0005939082469165742,0.0,4,False,True,0.45,1,0.0,0.0,False
100000002723439100,peripheral,0.5904984423676013,30,0.4250111259457054,"Периферийный профиль: in/out degree 1/0, оборот 18.0 тыс. KZT; depth=4, исходящие неизвестны.",1,0,18000.0,0.0,2,0,0.0005495242423138779,0.0,4,False,True,0.45,1,0.0,0.0,False
100000002320495100,peripheral,0.8099354695149088,5,0.2358700489541611,"Периферийный профиль: in/out degree 1/0, оборот 13.5 тыс. KZT; depth=4, исходящие неизвестны.",1,0,13526.27,0.0,1,0,0.000532242921926327,0.0,4,False,True,0.45,1,0.0,0.0,False
100000002229615100,peripheral,0.8099354695149088,15,0.30930129060970185,"Периферийный профиль: in/out degree 1/0, оборот 25.0 тыс. KZT; depth=4, исходящие неизвестны.",1,0,25000.0,0.0,1,0,0.0007137725690363854,0.0,4,False,True,0.45,2,0.0,0.0,False
100000008327791100,peripheral,0.8099354695149088,17,0.23809523809523808,"Периферийный профиль: in/out degree 1/0, оборот 11.0 тыс. KZT; depth=4, исходящие неизвестны.",1,0,11000.0,0.0,1,0,0.0005335791796844353,0.0,4,False,True,0.45,1,0.0,0.0,False
100000002208836100,peripheral,0.8099354695149088,5,0.49443702714730753,"Периферийный профиль: in/out degree 1/0, оборот 90.0 тыс. KZT; depth=4, исходящие неизвестны.",1,0,90000.0,0.0,1,0,0.0003279859109881661,0.0,4,False,True,0.45,3,0.0,0.0,False
100000001724740100,terminal,0.5236575433911883,2,0.6123720516243881,"Получатель-кандидат: 1 плательщ., 4 tx, 185.0 тыс. KZT; обрезан на depth=4; терминальность вероятностная.",1,0,185000.0,0.0,4,0,0.0005332983776437379,0.0,4,False,True,0.45,1,0.0,0.0,False
100000004386286100,peripheral,0.8099354695149088,8,0.2923898531375167,"Периферийный профиль: in/out degree 1/0, оборот 12.5 тыс. KZT; depth=4, исходящие неизвестны.",1,0,12500.0,0.0,1,0,0.0005933238267609341,0.0,4,False,True,0.45,2,0.0,0.0,False
100000001714883100,peripheral,0.8099354695149088,9,0.016688918558077435,"Периферийный профиль: in/out degree 1/0, оборот 6.9 тыс. KZT; depth=4, исходящие неизвестны.",1,0,6900.0,0.0,1,0,0.00028770546872722156,0.0,4,False,True,0.45,1,0.0,0.0,False
100000008337304100,peripheral,0.5904984423676013,3,0.312861593235425,"Периферийный профиль: in/out degree 1/0, оборот 105.5 тыс. KZT; depth=4, исходящие неизвестны.",1,0,105465.0,0.0,2,0,0.00035227724062265414,0.0,4,False,True,0.45,1,0.0,0.0,False
100000000655469100,peripheral,0.5904984423676013,15,0.4401424121050289,"Периферийный профиль: in/out degree 1/0, оборот 20.0 тыс. KZT; depth=4, исходящие неизвестны.",1,0,20000.0,0.0,2,0,0.0003434697663946207,0.0,4,False,True,0.45,2,0.0,0.0,False
100000008722541100,terminal,0.5473030707610147,5,0.6421895861148198,"Получатель-кандидат: 1 плательщ., 4 tx, 280.0 тыс. KZT; обрезан на depth=4; терминальность вероятностная.",1,0,280000.0,0.0,4,0,0.00038145358957320755,0.0,4,False,True,0.45,3,0.0,0.0,False
100000004222274100,peripheral,0.8099354695149088,0,0.24566088117489987,"Периферийный профиль: in/out degree 1/0, оборот 15.5 тыс. KZT; depth=4, исходящие неизвестны.",1,0,15500.0,0.0,1,0,0.0005421488808304824,0.0,4,False,True,0.45,1,0.0,0.0,False
100000006232642100,terminal,0.5587182910547397,5,0.6008010680907877,"Получатель-кандидат: 1 плательщ., 4 tx, 456.0 тыс. KZT; обрезан на depth=4; терминальность вероятностная.",1,0,456000.0,0.0,4,0,0.00042528669371994616,0.0,4,False,True,0.45,1,0.0,0.0,False
100000004066370100,peripheral,0.5904984423676013,31,0.4459279038718291,"Периферийный профиль: in/out degree 1/0, оборот 65.0 тыс. KZT; depth=4, исходящие неизвестны.",1,0,65000.0,0.0,2,0,0.0005855735222942686,0.0,4,False,True,0.45,1,0.0,0.0,False
100000005685783100,peripheral,0.8099354695149088,7,0.22785936804628393,"Периферийный профиль: in/out degree 1/0, оборот 26.1 тыс. KZT; depth=4, исходящие неизвестны.",1,0,26150.0,0.0,1,0,0.0005289127758874295,0.0,4,False,True,0.45,1,0.0,0.0,False
100000006171671100,peripheral,0.8099354695149088,10,0.2757009345794392,"Периферийный профиль: in/out degree 1/0, оборот 10.0 тыс. KZT; depth=4, исходящие неизвестны.",1,0,10000.0,0.0,1,0,0.0005259443556983171,0.0,4,False,True,0.45,2,0.0,0.0,False
100000003481025100,peripheral,0.8099354695149088,0,0.22385402759234535,"Периферийный профиль: in/out degree 1/0, оборот 9.0 тыс. KZT; depth=4, исходящие неизвестны.",1,0,9000.0,0.0,1,0,0.0005278869556713508,0.0,4,False,True,0.45,1,0.0,0.0,False
100000003646145100,peripheral,0.8099354695149088,14,0.30396083667111706,"Периферийный профиль: in/out degree 1/0, оборот 5.0 тыс. KZT; depth=4, исходящие неизвестны.",1,0,5000.0,0.0,1,0,0.0006485333935020204,0.0,4,False,True,0.45,1,0.0,0.0,False
100000002659265100,peripheral,0.8099354695149088,2,0.33066310636404095,"Периферийный профиль: in/out degree 1/0, оборот 141.0 тыс. KZT; depth=4, исходящие неизвестны.",1,0,141000.0,0.0,1,0,0.00031794481767343923,0.0,4,False,True,0.45,1,0.0,0.0,False
100000003289281100,peripheral,0.8099354695149088,3,0.3538050734312417,"Периферийный профиль: in/out degree 1/0, оборот 40.0 тыс. KZT; depth=4, исходящие неизвестны.",1,0,40000.0,0.0,1,0,0.0005940770410068539,0.0,4,False,True,0.45,1,0.0,0.0,False
100000004840086100,peripheral,0.5904984423676013,3,0.41700044503782824,"Периферийный профиль: in/out degree 1/0, оборот 100.0 тыс. KZT; depth=4, исходящие неизвестны.",1,0,100000.0,0.0,2,0,0.0005359418823434491,0.0,4,False,True,0.45,1,0.0,0.0,False
100000008554390100,peripheral,0.8099354695149088,9,0.016688918558077435,"Периферийный профиль: in/out degree 1/0, оборот 14.0 тыс. KZT; depth=4, исходящие неизвестны.",1,0,14000.0,0.0,1,0,0.00029147997639218415,0.0,4,False,True,0.45,1,0.0,0.0,False
100000004691350100,peripheral,0.8099354695149088,33,0.32487761459724074,"Периферийный профиль: in/out degree 1/0, оборот 13.3 тыс. KZT; depth=4, исходящие неизвестны.",1,0,13300.0,0.0,1,0,0.0008804550841384725,0.0,4,False,True,0.45,1,0.0,0.0,False
100000004652395100,consolidator,0.8157298620382732,0,0.7730307076101469,"Признаки сбора: 3 плательщ., 5 tx, 101.5 тыс. KZT; выход: 0 получ., 0 KZT; seed-ветвей 3. depth=4: исходящие неизвестны.",3,0,101528.0,0.0,5,0,0.0003338362365381834,0.0,4,False,True,0.45,3,0.0,0.0,False
100000004979264100,peripheral,0.8099354695149088,2,0.23319982198486872,"Периферийный профиль: in/out degree 1/0, оборот 39.8 тыс. KZT; depth=4, исходящие неизвестны.",1,0,39800.0,0.0,1,0,0.0004090456150151832,0.0,4,False,True,0.45,1,0.0,0.0,False
100000008074304100,peripheral,0.8099354695149088,5,0.3386737872719181,"Периферийный профиль: in/out degree 1/0, оборот 5.5 тыс. KZT; depth=4, исходящие неизвестны.",1,0,5500.0,0.0,1,0,0.00033057801917644905,0.0,4,False,True,0.45,3,0.0,0.0,False
100000002227989100,peripheral,0.8099354695149088,15,0.16777926123720516,"Периферийный профиль: in/out degree 1/0, оборот 20.0 тыс. KZT; depth=4, исходящие неизвестны.",1,0,20000.0,0.0,1,0,0.0003921550184954137,0.0,4,False,True,0.45,1,0.0,0.0,False
100000003207060100,peripheral,0.8099354695149088,3,0.3947485536270583,"Периферийный профиль: in/out degree 1/0, оборот 53.0 тыс. KZT; depth=4, исходящие неизвестны.",1,0,53000.0,0.0,1,0,0.00042486834396765076,0.0,4,False,True,0.45,2,0.0,0.0,False
100000004601193100,peripheral,0.5319982198486871,0,0.48153093012906095,"Периферийный профиль: in/out degree 1/0, оборот 84.0 тыс. KZT; depth=4, исходящие неизвестны.",1,0,84000.0,0.0,3,0,0.0005996320859224843,0.0,4,False,True,0.45,1,0.0,0.0,False
100000004991593100,peripheral,0.5904984423676013,0,0.48509123275478416,"Периферийный профиль: in/out degree 1/0, оборот 45.0 тыс. KZT; depth=4, исходящие неизвестны.",1,0,45000.0,0.0,2,0,0.0003529050848613269,0.0,4,False,True,0.45,3,0.0,0.0,False
100000003128638100,peripheral,0.8099354695149088,2,0.46461949265687585,"Периферийный профиль: in/out degree 1/0, оборот 300.0 тыс. KZT; depth=4, исходящие неизвестны.",1,0,300000.0,0.0,1,0,0.0003561809712890776,0.0,4,False,True,0.45,1,0.0,0.0,False
100000005878334100,peripheral,0.5904984423676013,11,0.4401424121050289,"Периферийный профиль: in/out degree 1/0, оборот 76.4 тыс. KZT; depth=4, исходящие неизвестны.",1,0,76400.0,0.0,2,0,0.0003966735465917791,0.0,4,False,True,0.45,2,0.0,0.0,False
100000002878483100,peripheral,0.8099354695149088,9,0.016688918558077435,"Периферийный профиль: in/out degree 1/0, оборот 6.0 тыс. KZT; depth=4, исходящие неизвестны.",1,0,6000.0,0.0,1,0,0.00028722701000912773,0.0,4,False,True,0.45,1,0.0,0.0,False
100000000981693100,peripheral,0.8099354695149088,10,0.2757009345794392,"Периферийный профиль: in/out degree 1/0, оборот 16.5 тыс. KZT; depth=4, исходящие неизвестны.",1,0,16500.0,0.0,1,0,0.0005259600431735665,0.0,4,False,True,0.45,2,0.0,0.0,False
100000006416061100,peripheral,0.8099354695149088,3,0.2060525144637294,"Периферийный профиль: in/out degree 1/0, оборот 30.0 тыс. KZT; depth=4, исходящие неизвестны.",1,0,30000.0,0.0,1,0,0.0004323206112827834,0.0,4,False,True,0.45,1,0.0,0.0,False
100000008168850100,peripheral,0.5904984423676013,5,0.49666221628838453,"Периферийный профиль: in/out degree 1/0, оборот 187.9 тыс. KZT; depth=4, исходящие неизвестны.",1,0,187910.0,0.0,2,0,0.000529916882057012,0.0,4,False,True,0.45,3,0.0,0.0,False
100000004747154100,peripheral,0.8099354695149088,28,0.24388072986203826,"Периферийный профиль: in/out degree 1/0, оборот 67.0 тыс. KZT; depth=4, исходящие неизвестны.",1,0,67000.0,0.0,1,0,0.0003305135886733775,0.0,4,False,True,0.45,1,0.0,0.0,False
100000008524903100,peripheral,0.8099354695149088,10,0.2757009345794392,"Периферийный профиль: in/out degree 1/0, оборот 15.0 тыс. KZT; depth=4, исходящие неизвестны.",1,0,15000.0,0.0,1,0,0.000329938574566982,0.0,4,False,True,0.45,2,0.0,0.0,False
100000005049404100,peripheral,0.5904984423676013,5,0.48509123275478416,"Периферийный профиль: in/out degree 1/0, оборот 98.0 тыс. KZT; depth=4, исходящие неизвестны.",1,0,98000.0,0.0,2,0,0.0003109237993976719,0.0,4,False,True,0.45,3,0.0,0.0,False
100000002258492100,peripheral,0.8099354695149088,6,0.24254561637739208,"Периферийный профиль: in/out degree 1/0, оборот 9.0 тыс. KZT; depth=4, исходящие неизвестны.",1,0,9000.0,0.0,1,0,0.0005369136655285317,0.0,4,False,True,0.45,1,0.0,0.0,False
100000005497148100,peripheral,0.5904984423676013,5,0.48509123275478416,"Периферийный профиль: in/out degree 1/0, оборот 24.0 тыс. KZT; depth=4, исходящие неизвестны.",1,0,24000.0,0.0,2,0,0.0004871241242965132,0.0,4,False,True,0.45,3,0.0,0.0,False
100000004596284100,peripheral,0.8099354695149088,1,0.30885625278148643,"Периферийный профиль: in/out degree 1/0, оборот 30.0 тыс. KZT; depth=4, исходящие неизвестны.",1,0,30000.0,0.0,1,0,0.0005878009593739131,0.0,4,False,True,0.45,1,0.0,0.0,False
100000007960337100,peripheral,0.8099354695149088,11,0.38495772140631956,"Периферийный профиль: in/out degree 1/0, оборот 35.5 тыс. KZT; depth=4, исходящие неизвестны.",1,0,35500.0,0.0,1,0,0.00030112188012614694,0.0,4,False,True,0.45,3,0.0,0.0,False
100000003180305100,peripheral,0.8099354695149088,10,0.5269247886070316,"Периферийный профиль: in/out degree 1/0, оборот 144.0 тыс. KZT; depth=4, исходящие неизвестны.",1,0,144000.0,0.0,1,0,0.000524835766580809,0.0,4,False,True,0.45,3,0.0,0.0,False
100000007653094100,peripheral,0.8099354695149088,0,0.36159323542501115,"Периферийный профиль: in/out degree 1/0, оборот 16.0 тыс. KZT; depth=4, исходящие неизвестны.",1,0,16000.0,0.0,1,0,0.0005716302619997826,0.0,4,False,True,0.45,4,0.0,0.0,False
100000008175078100,terminal,0.5894712950600802,5,0.6702269692923899,"Получатель-кандидат: 1 плательщ., 15 tx, 1.85 млн KZT; обрезан на depth=4; терминальность вероятностная.",1,0,1846711.0,0.0,15,0,0.00046633551363652905,0.0,4,False,True,0.45,3,0.0,0.0,False
100000004263867100,peripheral,0.8099354695149088,9,0.016688918558077435,"Периферийный профиль: in/out degree 1/0, оборот 9.0 тыс. KZT; depth=4, исходящие неизвестны.",1,0,9000.0,0.0,1,0,0.00028882187240277386,0.0,4,False,True,0.45,1,0.0,0.0,False
100000002194320100,peripheral,0.8099354695149088,1,0.5055629728526925,"Периферийный профиль: in/out degree 1/0, оборот 275.0 тыс. KZT; depth=4, исходящие неизвестны.",1,0,275000.0,0.0,1,0,0.00048356941019439233,0.0,4,False,True,0.45,1,0.0,0.0,False
100000001222245100,terminal,0.5620947930574098,5,0.6515353805073432,"Получатель-кандидат: 1 плательщ., 5 tx, 420.0 тыс. KZT; обрезан на depth=4; терминальность вероятностная.",1,0,420000.0,0.0,5,0,0.0005458376533004144,0.0,4,False,True,0.45,3,0.0,0.0,False
100000008151098100,peripheral,0.8099354695149088,24,0.030262572318647086,"Периферийный профиль: in/out degree 1/0, оборот 30.0 тыс. KZT; depth=4, исходящие неизвестны.",1,0,30000.0,0.0,1,0,0.0003076310000046245,0.0,4,False,True,0.45,1,0.0,0.0,False
100000008735802100,peripheral,0.5904984423676013,10,0.4401424121050289,"Периферийный профиль: in/out degree 1/0, оборот 85.0 тыс. KZT; depth=4, исходящие неизвестны.",1,0,85000.0,0.0,2,0,0.0005057137494133179,0.0,4,False,True,0.45,2,0.0,0.0,False
100000004047887100,peripheral,0.8099354695149088,5,0.3622607921673342,"Периферийный профиль: in/out degree 1/0, оборот 30.0 тыс. KZT; depth=4, исходящие неизвестны.",1,0,30000.0,0.0,1,0,0.000286465766024467,0.0,4,False,True,0.45,3,0.0,0.0,False
100000003146511100,peripheral,0.8099354695149088,0,0.2757009345794392,"Периферийный профиль: in/out degree 1/0, оборот 10.0 тыс. KZT; depth=4, исходящие неизвестны.",1,0,10000.0,0.0,1,0,0.00031010834793710623,0.0,4,False,True,0.45,2,0.0,0.0,False
100000007511780100,peripheral,0.5904984423676013,0,0.43391188251001334,"Периферийный профиль: in/out degree 1/0, оборот 155.0 тыс. KZT; depth=4, исходящие неизвестны.",1,0,155000.0,0.0,2,0,0.0005564054030235005,0.0,4,False,True,0.45,1,0.0,0.0,False
100000007867364100,peripheral,0.8099354695149088,16,0.262572318647085,"Периферийный профиль: in/out degree 1/0, оборот 41.9 тыс. KZT; depth=4, исходящие неизвестны.",1,0,41852.0,0.0,1,0,0.0004461238304885863,0.0,4,False,True,0.45,1,0.0,0.0,False
100000006288612100,peripheral,0.5319982198486871,22,0.20093457943925233,"Периферийный профиль: in/out degree 1/0, оборот 30.8 тыс. KZT; depth=4, исходящие неизвестны.",1,0,30805.0,0.0,3,0,0.00029601183537846876,0.0,4,False,True,0.45,1,0.0,0.0,False
100000006735545100,peripheral,0.8099354695149088,0,0.3386737872719181,"Периферийный профиль: in/out degree 1/0, оборот 5.0 тыс. KZT; depth=4, исходящие неизвестны.",1,0,5000.0,0.0,1,0,0.00029168926295955667,0.0,4,False,True,0.45,3,0.0,0.0,False
100000004403641100,peripheral,0.8099354695149088,2,0.260347129506008,"Периферийный профиль: in/out degree 1/0, оборот 171.5 тыс. KZT; depth=4, исходящие неизвестны.",1,0,171500.0,0.0,1,0,0.0002989199404826941,0.0,4,False,True,0.45,1,0.0,0.0,False
100000003370425100,peripheral,0.8099354695149088,0,0.36159323542501115,"Периферийный профиль: in/out degree 1/0, оборот 20.0 тыс. KZT; depth=4, исходящие неизвестны.",1,0,20000.0,0.0,1,0,0.0006435285061942694,0.0,4,False,True,0.45,4,0.0,0.0,False
100000004350094100,peripheral,0.8099354695149088,3,0.32665776591010237,"Периферийный профиль: in/out degree 1/0, оборот 20.0 тыс. KZT; depth=4, исходящие неизвестны.",1,0,20000.0,0.0,1,0,0.0008858571131089957,0.0,4,False,True,0.45,1,0.0,0.0,False
100000004911971100,peripheral,0.5319982198486871,5,0.5091232754784156,"Периферийный профиль: in/out degree 1/0, оборот 35.0 тыс. KZT; depth=4, исходящие неизвестны.",1,0,35000.0,0.0,3,0,0.0002874923131035745,0.0,4,False,True,0.45,3,0.0,0.0,False
100000001202787100,terminal,0.4423190921228305,12,0.595460614152203,"Получатель-кандидат: 2 плательщ., 2 tx, 14.8 тыс. KZT; обрезан на depth=4; терминальность вероятностная.",2,0,14850.0,0.0,2,0,0.0003491792951765612,0.0,4,False,True,0.45,3,0.0,0.0,False
100000008469048100,terminal,0.5562469959946597,3,0.6568758344459279,"Получатель-кандидат: 1 плательщ., 7 tx, 265.2 тыс. KZT; обрезан на depth=4; терминальность вероятностная.",1,0,265200.0,0.0,7,0,0.0005751933343446547,0.0,4,False,True,0.45,3,0.0,0.0,False
100000002635746100,peripheral,0.8099354695149088,9,0.016688918558077435,"Периферийный профиль: in/out degree 1/0, оборот 5.3 тыс. KZT; depth=4, исходящие неизвестны.",1,0,5300.0,0.0,1,0,0.0002868548754506103,0.0,4,False,True,0.45,1,0.0,0.0,False
100000008321975100,peripheral,0.8099354695149088,15,0.2757009345794392,"Периферийный профиль: in/out degree 1/0, оборот 5.9 тыс. KZT; depth=4, исходящие неизвестны.",1,0,5900.0,0.0,1,0,0.0003015698671678071,0.0,4,False,True,0.45,2,0.0,0.0,False
100000003078839100,peripheral,0.5904984423676013,3,0.21895861148197596,"Периферийный профиль: in/out degree 1/0, оборот 14.0 тыс. KZT; depth=4, исходящие неизвестны.",1,0,14000.0,0.0,2,0,0.00031306450806744163,0.0,4,False,True,0.45,1,0.0,0.0,False
100000004006327100,terminal,0.5396088117489987,2,0.6128170894526035,"Получатель-кандидат: 1 плательщ., 3 tx, 300.0 тыс. KZT; обрезан на depth=4; терминальность вероятностная.",1,0,300000.0,0.0,3,0,0.0005519330412265774,0.0,4,False,True,0.45,1,0.0,0.0,False
100000007865484100,peripheral,0.5904984423676013,10,0.5220293724966623,"Периферийный профиль: in/out degree 1/0, оборот 584.6 тыс. KZT; depth=4, исходящие неизвестны.",1,0,584600.0,0.0,2,0,0.0003641279730550451,0.0,4,False,True,0.45,2,0.0,0.0,False
100000005367180100,peripheral,0.8099354695149088,3,0.3159768580329328,"Периферийный профиль: in/out degree 1/0, оборот 7.7 тыс. KZT; depth=4, исходящие неизвестны.",1,0,7700.0,0.0,1,0,0.0007774995610350817,0.0,4,False,True,0.45,1,0.0,0.0,False
100000001669260100,peripheral,0.8099354695149088,11,0.5514018691588785,"Периферийный профиль: in/out degree 1/0, оборот 500.0 тыс. KZT; depth=4, исходящие неизвестны.",1,0,500000.0,0.0,1,0,0.0005567291574414218,0.0,4,False,True,0.45,1,0.0,0.0,False
100000001297206100,peripheral,0.8099354695149088,3,0.016688918558077435,"Периферийный профиль: in/out degree 1/0, оборот 6.8 тыс. KZT; depth=4, исходящие неизвестны.",1,0,6758.0,0.0,1,0,0.00029689196937256396,0.0,4,False,True,0.45,1,0.0,0.0,False
100000002645046100,peripheral,0.8099354695149088,9,0.016688918558077435,"Периферийный профиль: in/out degree 1/0, оборот 12.0 тыс. KZT; depth=4, исходящие неизвестны.",1,0,12000.0,0.0,1,0,0.00029041673479642005,0.0,4,False,True,0.45,1,0.0,0.0,False
100000006308406100,peripheral,0.5904984423676013,15,0.4274588340008901,"Периферийный профиль: in/out degree 1/0, оборот 183.0 тыс. KZT; depth=4, исходящие неизвестны.",1,0,183000.0,0.0,2,0,0.0005357976341298579,0.0,4,False,True,0.45,1,0.0,0.0,False
100000002728246100,peripheral,0.8099354695149088,5,0.3386737872719181,"Периферийный профиль: in/out degree 1/0, оборот 10.0 тыс. KZT; depth=4, исходящие неизвестны.",1,0,10000.0,0.0,1,0,0.0005354204158736491,0.0,4,False,True,0.45,3,0.0,0.0,False
100000001590795100,peripheral,0.8099354695149088,9,0.016688918558077435,"Периферийный профиль: in/out degree 1/0, оборот 5.1 тыс. KZT; depth=4, исходящие неизвестны.",1,0,5060.0,0.0,1,0,0.0002867272864591186,0.0,4,False,True,0.45,1,0.0,0.0,False
100000006257675100,peripheral,0.5904984423676013,15,0.3431241655540721,"Периферийный профиль: in/out degree 1/0, оборот 70.0 тыс. KZT; depth=4, исходящие неизвестны.",1,0,70000.0,0.0,2,0,0.0003803390580281828,0.0,4,False,True,0.45,1,0.0,0.0,False
100000002130400100,peripheral,0.8099354695149088,31,0.030707610146862484,"Периферийный профиль: in/out degree 1/0, оборот 10.0 тыс. KZT; depth=4, исходящие неизвестны.",1,0,10000.0,0.0,1,0,0.00031577794175577573,0.0,4,False,True,0.45,1,0.0,0.0,False
100000000557536100,terminal,0.5393905206942591,5,0.6542056074766355,"Получатель-кандидат: 1 плательщ., 7 tx, 153.0 тыс. KZT; обрезан на depth=4; терминальность вероятностная.",1,0,153000.0,0.0,7,0,0.000299140692819152,0.0,4,False,True,0.45,3,0.0,0.0,False
100000002689717100,peripheral,0.8099354695149088,12,0.3711615487316422,"Периферийный профиль: in/out degree 1/0, оборот 47.5 тыс. KZT; depth=4, исходящие неизвестны.",1,0,47500.0,0.0,1,0,0.00030168287270461604,0.0,4,False,True,0.45,2,0.0,0.0,False
100000005189258100,peripheral,0.8099354695149088,0,0.16421895861148197,"Периферийный профиль: in/out degree 1/0, оборот 50.0 тыс. KZT; depth=4, исходящие неизвестны.",1,0,50000.0,0.0,1,0,0.0003142059086507721,0.0,4,False,True,0.45,1,0.0,0.0,False
100000002748511100,peripheral,0.8099354695149088,1,0.26479750778816197,"Периферийный профиль: in/out degree 1/0, оборот 20.0 тыс. KZT; depth=4, исходящие неизвестны.",1,0,20000.0,0.0,1,0,0.0005633632561060529,0.0,4,False,True,0.45,1,0.0,0.0,False
100000002371892100,peripheral,0.8099354695149088,1,0.03337783711615487,"Периферийный профиль: in/out degree 1/0, оборот 43.8 тыс. KZT; depth=4, исходящие неизвестны.",1,0,43830.0,0.0,1,0,0.0003048594514678559,0.0,4,False,True,0.45,1,0.0,0.0,False
100000008130868100,peripheral,0.8099354695149088,9,0.18914107699154428,"Периферийный профиль: in/out degree 1/0, оборот 22.8 тыс. KZT; depth=4, исходящие неизвестны.",1,0,22782.0,0.0,1,0,0.0004489776395030827,0.0,4,False,True,0.45,1,0.0,0.0,False
100000007153161100,peripheral,0.8099354695149088,10,0.3604806408544726,"Периферийный профиль: in/out degree 1/0, оборот 45.0 тыс. KZT; depth=4, исходящие неизвестны.",1,0,44997.0,0.0,1,0,0.0005278078376067417,0.0,4,False,True,0.45,2,0.0,0.0,False
100000002994441100,peripheral,0.8099354695149088,3,0.2576769025367156,"Периферийный профиль: in/out degree 1/0, оборот 5.0 тыс. KZT; depth=4, исходящие неизвестны.",1,0,5000.0,0.0,1,0,0.0005499156784957036,0.0,4,False,True,0.45,1,0.0,0.0,False
100000001065481100,peripheral,0.5904984423676013,11,0.369826435246996,"Периферийный профиль: in/out degree 1/0, оборот 16.0 тыс. KZT; depth=4, исходящие неизвестны.",1,0,16000.0,0.0,2,0,0.00042973625148136287,0.0,4,False,True,0.45,1,0.0,0.0,False
100000007731977100,peripheral,0.8099354695149088,10,0.38362260792167335,"Периферийный профиль: in/out degree 1/0, оборот 50.0 тыс. KZT; depth=4, исходящие неизвестны.",1,0,50000.0,0.0,1,0,0.00033490501775440475,0.0,4,False,True,0.45,2,0.0,0.0,False
100000003252446100,peripheral,0.8099354695149088,2,0.20516243880729862,"Периферийный профиль: in/out degree 1/0, оборот 108.6 тыс. KZT; depth=4, исходящие неизвестны.",1,0,108600.0,0.0,1,0,0.00029836133369510207,0.0,4,False,True,0.45,1,0.0,0.0,False
100000002671326100,peripheral,0.5904984423676013,28,0.5376056964842012,"Периферийный профиль: in/out degree 1/0, оборот 1.05 млн KZT; depth=4, исходящие неизвестны.",1,0,1050000.0,0.0,2,0,0.0006254962772474747,0.0,4,False,True,0.45,1,0.0,0.0,False
100000005087923100,peripheral,0.8099354695149088,9,0.19136626613262128,"Периферийный профиль: in/out degree 1/0, оборот 20.0 тыс. KZT; depth=4, исходящие неизвестны.",1,0,20000.0,0.0,1,0,0.00045772536854591544,0.0,4,False,True,0.45,1,0.0,0.0,False
100000008770483100,peripheral,0.8099354695149088,2,0.2757009345794392,"Периферийный профиль: in/out degree 1/0, оборот 5.0 тыс. KZT; depth=4, исходящие неизвестны.",1,0,5000.0,0.0,1,0,0.00028733823332800144,0.0,4,False,True,0.45,2,0.0,0.0,False
100000002748040100,peripheral,0.8099354695149088,12,0.2757009345794392,"Периферийный профиль: in/out degree 1/0, оборот 18.0 тыс. KZT; depth=4, исходящие неизвестны.",1,0,18000.0,0.0,1,0,0.0002907240341626786,0.0,4,False,True,0.45,2,0.0,0.0,False
100000004800648100,peripheral,0.8099354695149088,22,0.3560302625723186,"Периферийный профиль: in/out degree 1/0, оборот 131.0 тыс. KZT; depth=4, исходящие неизвестны.",1,0,131000.0,0.0,1,0,0.00033495973516564235,0.0,4,False,True,0.45,1,0.0,0.0,False
100000005025629100,peripheral,0.8099354695149088,5,0.3386737872719181,"Периферийный профиль: in/out degree 1/0, оборот 5.2 тыс. KZT; depth=4, исходящие неизвестны.",1,0,5227.0,0.0,1,0,0.00031242919272237785,0.0,4,False,True,0.45,3,0.0,0.0,False
100000000581682100,peripheral,0.8099354695149088,18,0.016688918558077435,"Периферийный профиль: in/out degree 1/0, оборот 5.0 тыс. KZT; depth=4, исходящие неизвестны.",1,0,5000.0,0.0,1,0,0.00028928283689292895,0.0,4,False,True,0.45,1,0.0,0.0,False
100000004976946100,peripheral,0.8099354695149088,10,0.5300400534045394,"Периферийный профиль: in/out degree 1/0, оборот 246.0 тыс. KZT; depth=4, исходящие неизвестны.",1,0,246000.0,0.0,1,0,0.0003177394905023171,0.0,4,False,True,0.45,2,0.0,0.0,False
100000000957746100,peripheral,0.8099354695149088,17,0.3386737872719181,"Периферийный профиль: in/out degree 1/0, оборот 5.3 тыс. KZT; depth=4, исходящие неизвестны.",1,0,5300.0,0.0,1,0,0.0003453405458236217,0.0,4,False,True,0.45,3,0.0,0.0,False
100000003001138100,peripheral,0.8099354695149088,18,0.03204272363150868,"Периферийный профиль: in/out degree 1/0, оборот 30.0 тыс. KZT; depth=4, исходящие неизвестны.",1,0,30000.0,0.0,1,0,0.00031551059524839676,0.0,4,False,True,0.45,1,0.0,0.0,False
100000001325618100,peripheral,0.8099354695149088,9,0.016688918558077435,"Периферийный профиль: in/out degree 1/0, оборот 9.3 тыс. KZT; depth=4, исходящие неизвестны.",1,0,9300.0,0.0,1,0,0.0002889813586421385,0.0,4,False,True,0.45,1,0.0,0.0,False
100000003792647100,peripheral,0.8099354695149088,5,0.3386737872719181,"Периферийный профиль: in/out degree 1/0, оборот 8.0 тыс. KZT; depth=4, исходящие неизвестны.",1,0,8000.0,0.0,1,0,0.00039783491986168933,0.0,4,False,True,0.45,3,0.0,0.0,False
100000004107228100,peripheral,0.8099354695149088,3,0.2757009345794392,"Периферийный профиль: in/out degree 1/0, оборот 5.0 тыс. KZT; depth=4, исходящие неизвестны.",1,0,5000.0,0.0,1,0,0.00028715464125570253,0.0,4,False,True,0.45,2,0.0,0.0,False
100000003500764100,peripheral,0.8099354695149088,17,0.3386737872719181,"Периферийный профиль: in/out degree 1/0, оборот 21.0 тыс. KZT; depth=4, исходящие неизвестны.",1,0,21000.0,0.0,1,0,0.0005269369970402339,0.0,4,False,True,0.45,3,0.0,0.0,False
100000004261340100,peripheral,0.5060525144637293,0,0.4908767245215843,"Периферийный профиль: in/out degree 1/0, оборот 48.5 тыс. KZT; depth=4, исходящие неизвестны.",1,0,48500.0,0.0,4,0,0.00034543642515208706,0.0,4,False,True,0.45,2,0.0,0.0,False
100000008172721100,peripheral,0.8099354695149088,3,0.43747218513573655,"Периферийный профиль: in/out degree 1/0, оборот 168.3 тыс. KZT; depth=4, исходящие неизвестны.",1,0,168335.0,0.0,1,0,0.0003929565749615293,0.0,4,False,True,0.45,1,0.0,0.0,False
100000005079473100,peripheral,0.8099354695149088,11,0.03871829105473965,"Периферийный профиль: in/out degree 1/0, оборот 39.3 тыс. KZT; depth=4, исходящие неизвестны.",1,0,39312.0,0.0,1,0,0.000324204336969659,0.0,4,False,True,0.45,1,0.0,0.0,False
100000004850609100,peripheral,0.8099354695149088,0,0.029372496662216287,"Периферийный профиль: in/out degree 1/0, оборот 10.0 тыс. KZT; depth=4, исходящие неизвестны.",1,0,10000.0,0.0,1,0,0.00031131651542597264,0.0,4,False,True,0.45,1,0.0,0.0,False
100000005042822100,peripheral,0.8099354695149088,27,0.5393858477970628,"Периферийный профиль: in/out degree 1/0, оборот 1.00 млн KZT; depth=4, исходящие неизвестны.",1,0,1000000.0,0.0,1,0,0.0004498595093365569,0.0,4,False,True,0.45,1,0.0,0.0,False
100000002794374100,peripheral,0.8099354695149088,2,0.37472185135736535,"Периферийный профиль: in/out degree 1/0, оборот 111.0 тыс. KZT; depth=4, исходящие неизвестны.",1,0,111000.0,0.0,1,0,0.0003617200853906947,0.0,4,False,True,0.45,1,0.0,0.0,False
100000002860934100,terminal,0.5470747663551403,18,0.6279483756119271,"Получатель-кандидат: 1 плательщ., 4 tx, 279.5 тыс. KZT; обрезан на depth=4; терминальность вероятностная.",1,0,279500.0,0.0,4,0,0.0005772636236359651,0.0,4,False,True,0.45,1,0.0,0.0,False
100000003097947100,peripheral,0.8099354695149088,3,0.1842456608811749,"Периферийный профиль: in/out degree 1/0, оборот 53.0 тыс. KZT; depth=4, исходящие неизвестны.",1,0,52980.0,0.0,1,0,0.0003183174050448608,0.0,4,False,True,0.45,1,0.0,0.0,False
100000004260869100,peripheral,0.8099354695149088,1,0.3204272363150868,"Периферийный профиль: in/out degree 1/0, оборот 10.0 тыс. KZT; depth=4, исходящие неизвестны.",1,0,10000.0,0.0,1,0,0.0008364927034191081,0.0,4,False,True,0.45,1,0.0,0.0,False
100000008762885100,peripheral,0.8099354695149088,2,0.016688918558077435,"Периферийный профиль: in/out degree 1/0, оборот 7.0 тыс. KZT; depth=4, исходящие неизвестны.",1,0,7000.0,0.0,1,0,0.0002857206378967377,0.0,4,False,True,0.45,1,0.0,0.0,False
100000002986245100,peripheral,0.8099354695149088,9,0.016688918558077435,"Периферийный профиль: in/out degree 1/0, оборот 5.8 тыс. KZT; depth=4, исходящие неизвестны.",1,0,5750.0,0.0,1,0,0.0002870941048096572,0.0,4,False,True,0.45,1,0.0,0.0,False
100000001471706100,terminal,0.5671895861148197,6,0.6355140186915887,"Получатель-кандидат: 1 плательщ., 8 tx, 377.0 тыс. KZT; обрезан на depth=4; терминальность вероятностная.",1,0,377000.0,0.0,8,0,0.0005369136655285317,0.0,4,False,True,0.45,1,0.0,0.0,False
100000002304943100,peripheral,0.8099354695149088,15,0.0267022696929239,"Периферийный профиль: in/out degree 1/0, оборот 15.0 тыс. KZT; depth=4, исходящие неизвестны.",1,0,15000.0,0.0,1,0,0.00030467337939462416,0.0,4,False,True,0.45,1,0.0,0.0,False
100000002695812100,peripheral,0.8099354695149088,12,0.45927903871829107,"Периферийный профиль: in/out degree 1/0, оборот 95.0 тыс. KZT; depth=4, исходящие неизвестны.",1,0,95000.0,0.0,1,0,0.00031932846018739667,0.0,4,False,True,0.45,2,0.0,0.0,False
100000008761220100,peripheral,0.8099354695149088,2,0.2757009345794392,"Периферийный профиль: in/out degree 1/0, оборот 10.0 тыс. KZT; depth=4, исходящие неизвестны.",1,0,10000.0,0.0,1,0,0.0002853437648663885,0.0,4,False,True,0.45,2,0.0,0.0,False
100000004890713100,peripheral,0.8099354695149088,12,0.35202492211838005,"Периферийный профиль: in/out degree 1/0, оборот 40.5 тыс. KZT; depth=4, исходящие неизвестны.",1,0,40485.0,0.0,1,0,0.00029907689804794857,0.0,4,False,True,0.45,2,0.0,0.0,False
100000003083865100,peripheral,0.8099354695149088,12,0.2757009345794392,"Периферийный профиль: in/out degree 1/0, оборот 15.0 тыс. KZT; depth=4, исходящие неизвестны.",1,0,15000.0,0.0,1,0,0.0002896095760058714,0.0,4,False,True,0.45,2,0.0,0.0,False
100000004030553100,peripheral,0.8099354695149088,11,0.38985313751668893,"Периферийный профиль: in/out degree 1/0, оборот 70.0 тыс. KZT; depth=4, исходящие неизвестны.",1,0,70000.0,0.0,1,0,0.0005276933197990606,0.0,4,False,True,0.45,1,0.0,0.0,False
100000002653187100,peripheral,0.8099354695149088,22,0.19626168224299065,"Периферийный профиль: in/out degree 1/0, оборот 15.0 тыс. KZT; depth=4, исходящие неизвестны.",1,0,15000.0,0.0,1,0,0.0004699356854975501,0.0,4,False,True,0.45,1,0.0,0.0,False
100000006412162100,peripheral,0.5904984423676013,9,0.1606586559857588,"Периферийный профиль: in/out degree 1/0, оборот 15.0 тыс. KZT; depth=4, исходящие неизвестны.",1,0,15000.0,0.0,2,0,0.0002920115971900662,0.0,4,False,True,0.45,1,0.0,0.0,False
100000004674178100,peripheral,0.8099354695149088,23,0.0258121940364931,"Периферийный профиль: in/out degree 1/0, оборот 20.0 тыс. KZT; depth=4, исходящие неизвестны.",1,0,20000.0,0.0,1,0,0.0003010970999313322,0.0,4,False,True,0.45,1,0.0,0.0,False
100000004070530100,peripheral,0.8099354695149088,5,0.3386737872719181,"Периферийный профиль: in/out degree 1/0, оборот 20.0 тыс. KZT; depth=4, исходящие неизвестны.",1,0,20000.0,0.0,1,0,0.0002856562724235898,0.0,4,False,True,0.45,3,0.0,0.0,False
100000006706519100,peripheral,0.5319982198486871,10,0.4721851357365376,"Периферийный профиль: in/out degree 1/0, оборот 36.0 тыс. KZT; depth=4, исходящие неизвестны.",1,0,36000.0,0.0,3,0,0.0003884862691585732,0.0,4,False,True,0.45,2,0.0,0.0,False
100000005636951100,peripheral,0.8099354695149088,9,0.36404094348019583,"Периферийный профиль: in/out degree 1/0, оборот 40.0 тыс. KZT; depth=4, исходящие неизвестны.",1,0,40000.0,0.0,1,0,0.0006314134518699955,0.0,4,False,True,0.45,1,0.0,0.0,False
100000003040087100,peripheral,0.8099354695149088,12,0.29728526924788606,"Периферийный профиль: in/out degree 1/0, оборот 29.0 тыс. KZT; depth=4, исходящие неизвестны.",1,0,29000.0,0.0,1,0,0.0002948103807376383,0.0,4,False,True,0.45,2,0.0,0.0,False
100000008766764100,peripheral,0.8099354695149088,2,0.2757009345794392,"Периферийный профиль: in/out degree 1/0, оборот 5.0 тыс. KZT; depth=4, исходящие неизвестны.",1,0,5000.0,0.0,1,0,0.00028469052504411196,0.0,4,False,True,0.45,2,0.0,0.0,False
100000000299820100,peripheral,0.8099354695149088,3,0.1886960391633289,"Периферийный профиль: in/out degree 1/0, оборот 10.0 тыс. KZT; depth=4, исходящие неизвестны.",1,0,10000.0,0.0,1,0,0.00044754836550990867,0.0,4,False,True,0.45,1,0.0,0.0,False
100000008349740100,peripheral,0.5904984423676013,5,0.48509123275478416,"Периферийный профиль: in/out degree 1/0, оборот 70.0 тыс. KZT; depth=4, исходящие неизвестны.",1,0,70000.0,0.0,2,0,0.0002909473409853136,0.0,4,False,True,0.45,3,0.0,0.0,False
100000008761132100,peripheral,0.8099354695149088,2,0.2757009345794392,"Периферийный профиль: in/out degree 1/0, оборот 10.0 тыс. KZT; depth=4, исходящие неизвестны.",1,0,10000.0,0.0,1,0,0.0002853437648663885,0.0,4,False,True,0.45,2,0.0,0.0,False
100000002540033100,peripheral,0.8099354695149088,2,0.2914997774810859,"Периферийный профиль: in/out degree 1/0, оборот 10.0 тыс. KZT; depth=4, исходящие неизвестны.",1,0,10000.0,0.0,1,0,0.000592416159424187,0.0,4,False,True,0.45,1,0.0,0.0,False
100000001845505100,peripheral,0.8099354695149088,3,0.2910547396528705,"Периферийный профиль: in/out degree 1/0, оборот 20.0 тыс. KZT; depth=4, исходящие неизвестны.",1,0,20000.0,0.0,1,0,0.0005886411721999387,0.0,4,False,True,0.45,2,0.0,0.0,False
100000003782913100,peripheral,0.8099354695149088,9,0.2999554962171785,"Периферийный профиль: in/out degree 1/0, оборот 200.0 тыс. KZT; depth=4, исходящие неизвестны.",1,0,200000.0,0.0,1,0,0.0002977852527481276,0.0,4,False,True,0.45,1,0.0,0.0,False
100000008778753100,peripheral,0.8099354695149088,23,0.016688918558077435,"Периферийный профиль: in/out degree 1/0, оборот 10.0 тыс. KZT; depth=4, исходящие неизвестны.",1,0,10000.0,0.0,1,0,0.00029256719257658384,0.0,4,False,True,0.45,1,0.0,0.0,False
100000008710913100,peripheral,0.8099354695149088,2,0.2757009345794392,"Периферийный профиль: in/out degree 1/0, оборот 14.0 тыс. KZT; depth=4, исходящие неизвестны.",1,0,14000.0,0.0,1,0,0.00028656279897923756,0.0,4,False,True,0.45,2,0.0,0.0,False
100000005495211100,peripheral,0.8099354695149088,3,0.2757009345794392,"Периферийный профиль: in/out degree 1/0, оборот 14.5 тыс. KZT; depth=4, исходящие неизвестны.",1,0,14500.0,0.0,1,0,0.0005565331314437566,0.0,4,False,True,0.45,2,0.0,0.0,False
100000004013952100,peripheral,0.8099354695149088,3,0.23008455718736093,"Периферийный профиль: in/out degree 1/0, оборот 5.5 тыс. KZT; depth=4, исходящие неизвестны.",1,0,5500.0,0.0,1,0,0.0005299816774818944,0.0,4,False,True,0.45,1,0.0,0.0,False
100000007330432100,peripheral,0.8099354695149088,1,0.5473965287049399,"Периферийный профиль: in/out degree 1/0, оборот 584.9 тыс. KZT; depth=4, исходящие неизвестны.",1,0,584900.0,0.0,1,0,0.0005349512611658343,0.0,4,False,True,0.45,1,0.0,0.0,False
100000000737152100,peripheral,0.8099354695149088,10,0.38095238095238093,"Периферийный профиль: in/out degree 1/0, оборот 35.0 тыс. KZT; depth=4, исходящие неизвестны.",1,0,35000.0,0.0,1,0,0.00034256469388547486,0.0,4,False,True,0.45,3,0.0,0.0,False
100000004674389100,peripheral,0.8099354695149088,0,0.037828215398308856,"Периферийный профиль: in/out degree 1/0, оборот 15.0 тыс. KZT; depth=4, исходящие неизвестны.",1,0,15000.0,0.0,1,0,0.00035000891091776007,0.0,4,False,True,0.45,1,0.0,0.0,False
100000002529877100,peripheral,0.8099354695149088,2,0.33199821984868716,"Периферийный профиль: in/out degree 1/0, оборот 232.0 тыс. KZT; depth=4, исходящие неизвестны.",1,0,232000.0,0.0,1,0,0.000304170090006204,0.0,4,False,True,0.45,1,0.0,0.0,False
100000004035925100,peripheral,0.5904984423676013,1,0.4997774810858923,"Периферийный профиль: in/out degree 1/0, оборот 1.11 млн KZT; depth=4, исходящие неизвестны.",1,0,1111588.0,0.0,2,0,0.0004597216744368042,0.0,4,False,True,0.45,1,0.0,0.0,False
100000002188586100,peripheral,0.8099354695149088,12,0.33377837116154874,"Периферийный профиль: in/out degree 1/0, оборот 38.3 тыс. KZT; depth=4, исходящие неизвестны.",1,0,38310.0,0.0,1,0,0.0002982689158842633,0.0,4,False,True,0.45,2,0.0,0.0,False
100000008050986100,peripheral,0.5904984423676013,5,0.48509123275478416,"Периферийный профиль: in/out degree 1/0, оборот 95.0 тыс. KZT; depth=4, исходящие неизвестны.",1,0,95000.0,0.0,2,0,0.0003101007428412688,0.0,4,False,True,0.45,3,0.0,0.0,False
100000004777215100,peripheral,0.8099354695149088,15,0.40898976412995103,"Периферийный профиль: in/out degree 1/0, оборот 60.0 тыс. KZT; depth=4, исходящие неизвестны.",1,0,60000.0,0.0,1,0,0.00046233472874019136,0.0,4,False,True,0.45,2,0.0,0.0,False
100000000926078100,peripheral,0.8099354695149088,3,0.5309301290609701,"Периферийный профиль: in/out degree 1/0, оборот 250.0 тыс. KZT; depth=4, исходящие неизвестны.",1,0,250000.0,0.0,1,0,0.0005134171793484769,0.0,4,False,True,0.45,2,0.0,0.0,False
100000003486846100,peripheral,0.5904984423676013,1,0.40676457498887403,"Периферийный профиль: in/out degree 1/0, оборот 27.0 тыс. KZT; depth=4, исходящие неизвестны.",1,0,27000.0,0.0,2,0,0.0005279981228065216,0.0,4,False,True,0.45,1,0.0,0.0,False
100000002516862100,terminal,0.505935914552737,44,0.5683133066310636,"Получатель-кандидат: 1 плательщ., 5 tx, 81.7 тыс. KZT; обрезан на depth=4; терминальность вероятностная.",1,0,81710.0,0.0,5,0,0.0003474804364309687,0.0,4,False,True,0.45,1,0.0,0.0,False
100000008730238100,peripheral,0.8099354695149088,2,0.47841566533155316,"Периферийный профиль: in/out degree 1/0, оборот 113.0 тыс. KZT; depth=4, исходящие неизвестны.",1,0,113000.0,0.0,1,0,0.0005598434057155269,0.0,4,False,True,0.45,1,0.0,0.0,False
100000000803368100,peripheral,0.8099354695149088,9,0.48820649755229195,"Периферийный профиль: in/out degree 1/0, оборот 139.5 тыс. KZT; depth=4, исходящие неизвестны.",1,0,139503.0,0.0,1,0,0.0005451307229815945,0.0,4,False,True,0.45,1,0.0,0.0,False
100000002528978100,peripheral,0.8099354695149088,12,0.2757009345794392,"Периферийный профиль: in/out degree 1/0, оборот 15.9 тыс. KZT; depth=4, исходящие неизвестны.",1,0,15900.0,0.0,1,0,0.00028994391345291354,0.0,4,False,True,0.45,2,0.0,0.0,False
100000002597074100,peripheral,0.8099354695149088,10,0.2757009345794392,"Периферийный профиль: in/out degree 1/0, оборот 8.0 тыс. KZT; depth=4, исходящие неизвестны.",1,0,8000.0,0.0,1,0,0.00030873031942822834,0.0,4,False,True,0.45,2,0.0,0.0,False
100000003631015100,peripheral,0.8099354695149088,10,0.5340453938584779,"Периферийный профиль: in/out degree 1/0, оборот 266.0 тыс. KZT; depth=4, исходящие неизвестны.",1,0,266000.0,0.0,1,0,0.00032047950719178714,0.0,4,False,True,0.45,2,0.0,0.0,False
100000008255655100,peripheral,0.8099354695149088,17,0.22607921673342235,"Периферийный профиль: in/out degree 1/0, оборот 5.4 тыс. KZT; depth=4, исходящие неизвестны.",1,0,5400.0,0.0,1,0,0.0005280525925537,0.0,4,False,True,0.45,1,0.0,0.0,False
100000004265639100,peripheral,0.8099354695149088,3,0.2523364485981308,"Периферийный профиль: in/out degree 1/0, оборот 10.0 тыс. KZT; depth=4, исходящие неизвестны.",1,0,10000.0,0.0,1,0,0.0005489750908146012,0.0,4,False,True,0.45,1,0.0,0.0,False
100000002726055100,peripheral,0.8099354695149088,15,0.03649310191366266,"Периферийный профиль: in/out degree 1/0, оборот 10.0 тыс. KZT; depth=4, исходящие неизвестны.",1,0,10000.0,0.0,1,0,0.00033809615185862455,0.0,4,False,True,0.45,1,0.0,0.0,False
100000003696422100,peripheral,0.5904984423676013,27,0.45972407654650643,"Периферийный профиль: in/out degree 1/0, оборот 118.0 тыс. KZT; depth=4, исходящие неизвестны.",1,0,118000.0,0.0,2,0,0.0007032347487810585,0.0,4,False,True,0.45,1,0.0,0.0,False
100000007745062100,peripheral,0.8099354695149088,8,0.4753004005340454,"Периферийный профиль: in/out degree 1/0, оборот 100.0 тыс. KZT; depth=4, исходящие неизвестны.",1,0,100000.0,0.0,1,0,0.0006212537105185136,0.0,4,False,True,0.45,2,0.0,0.0,False
100000005041147100,peripheral,0.8099354695149088,3,0.2757009345794392,"Периферийный профиль: in/out degree 1/0, оборот 10.0 тыс. KZT; depth=4, исходящие неизвестны.",1,0,10000.0,0.0,1,0,0.0005305931885146197,0.0,4,False,True,0.45,2,0.0,0.0,False
100000003819173100,peripheral,0.8099354695149088,11,0.2367601246105919,"Периферийный профиль: in/out degree 1/0, оборот 143.8 тыс. KZT; depth=4, исходящие неизвестны.",1,0,143777.0,0.0,1,0,0.00029361266344836364,0.0,4,False,True,0.45,1,0.0,0.0,False
100000001275557100,peripheral,0.8099354695149088,19,0.037383177570093455,"Периферийный профиль: in/out degree 1/0, оборот 20.0 тыс. KZT; depth=4, исходящие неизвестны.",1,0,20000.0,0.0,1,0,0.00034570375099915104,0.0,4,False,True,0.45,1,0.0,0.0,False
100000002706810100,peripheral,0.8099354695149088,9,0.035603026257231864,"Периферийный профиль: in/out degree 1/0, оборот 45.0 тыс. KZT; depth=4, исходящие неизвестны.",1,0,45000.0,0.0,1,0,0.00030796022112652776,0.0,4,False,True,0.45,1,0.0,0.0,False
100000002896506100,peripheral,0.8099354695149088,11,0.41076991544281266,"Периферийный профиль: in/out degree 1/0, оборот 45.0 тыс. KZT; depth=4, исходящие неизвестны.",1,0,45000.0,0.0,1,0,0.00031190688591084645,0.0,4,False,True,0.45,3,0.0,0.0,False
100000008766031100,peripheral,0.8099354695149088,2,0.2757009345794392,"Периферийный профиль: in/out degree 1/0, оборот 5.0 тыс. KZT; depth=4, исходящие неизвестны.",1,0,5000.0,0.0,1,0,0.00028493925442090763,0.0,4,False,True,0.45,2,0.0,0.0,False
100000008758607100,peripheral,0.8099354695149088,2,0.2757009345794392,"Периферийный профиль: in/out degree 1/0, оборот 5.0 тыс. KZT; depth=4, исходящие неизвестны.",1,0,5000.0,0.0,1,0,0.00028469052504411196,0.0,4,False,True,0.45,2,0.0,0.0,False
100000008648783100,peripheral,0.8099354695149088,9,0.016688918558077435,"Периферийный профиль: in/out degree 1/0, оборот 5.2 тыс. KZT; depth=4, исходящие неизвестны.",1,0,5200.0,0.0,1,0,0.0002868017133708221,0.0,4,False,True,0.45,1,0.0,0.0,False
100000004291663100,peripheral,0.8099354695149088,10,0.2757009345794392,"Периферийный профиль: in/out degree 1/0, оборот 25.0 тыс. KZT; depth=4, исходящие неизвестны.",1,0,25000.0,0.0,1,0,0.0003094711514881201,0.0,4,False,True,0.45,2,0.0,0.0,False
100000003037476100,consolidator,0.8513773920783265,2,0.7578994214508233,"Признаки сбора: 3 плательщ., 3 tx, 555.0 тыс. KZT; выход: 0 получ., 0 KZT; seed-ветвей 2. depth=4: исходящие неизвестны.",3,0,555000.0,0.0,3,0,0.0003573245866397109,0.0,4,False,True,0.45,2,0.0,0.0,False
100000008715513100,peripheral,0.8099354695149088,9,0.02848242100578549,"Периферийный профиль: in/out degree 1/0, оборот 32.5 тыс. KZT; depth=4, исходящие неизвестны.",1,0,32500.0,0.0,1,0,0.0003013149611530021,0.0,4,False,True,0.45,1,0.0,0.0,False
100000001276409100,peripheral,0.8099354695149088,12,0.45883400089007564,"Периферийный профиль: in/out degree 1/0, оборот 94.8 тыс. KZT; depth=4, исходящие неизвестны.",1,0,94760.0,0.0,1,0,0.0003192393035348521,0.0,4,False,True,0.45,2,0.0,0.0,False
100000003232675100,peripheral,0.5904984423676013,0,0.4401424121050289,"Периферийный профиль: in/out degree 1/0, оборот 44.0 тыс. KZT; depth=4, исходящие неизвестны.",1,0,44000.0,0.0,2,0,0.00039874996116902713,0.0,4,False,True,0.45,2,0.0,0.0,False
100000007988344100,peripheral,0.5319982198486871,3,0.4721851357365376,"Периферийный профиль: in/out degree 1/0, оборот 20.0 тыс. KZT; depth=4, исходящие неизвестны.",1,0,20000.0,0.0,3,0,0.0003852565980382258,0.0,4,False,True,0.45,2,0.0,0.0,False
100000003047800100,peripheral,0.8099354695149088,9,0.040943480195816645,"Периферийный профиль: in/out degree 1/0, оборот 12.2 тыс. KZT; depth=4, исходящие неизвестны.",1,0,12212.0,0.0,1,0,0.0003724514545872376,0.0,4,False,True,0.45,1,0.0,0.0,False
100000003230328100,consolidator,0.7445594125500667,0,0.739652870493992,"Признаки сбора: 3 плательщ., 3 tx, 26.6 тыс. KZT; выход: 0 получ., 0 KZT; seed-ветвей 3. depth=4: исходящие неизвестны.",3,0,26572.0,0.0,3,0,0.0003497143464095877,0.0,4,False,True,0.45,3,0.0,0.0,False
100000002702968100,peripheral,0.8099354695149088,12,0.3141967067200712,"Периферийный профиль: in/out degree 1/0, оборот 31.6 тыс. KZT; depth=4, исходящие неизвестны.",1,0,31600.0,0.0,1,0,0.0002957762444735379,0.0,4,False,True,0.45,2,0.0,0.0,False
100000004788983100,peripheral,0.8099354695149088,10,0.2892745883400089,"Периферийный профиль: in/out degree 1/0, оборот 27.0 тыс. KZT; depth=4, исходящие неизвестны.",1,0,27000.0,0.0,1,0,0.00036737627566841164,0.0,4,False,True,0.45,2,0.0,0.0,False
100000006490615100,terminal,0.4869105473965287,0,0.6266132621272809,"Получатель-кандидат: 1 плательщ., 6 tx, 41.6 тыс. KZT; обрезан на depth=4; терминальность вероятностная.",1,0,41600.0,0.0,6,0,0.0003924929061173621,0.0,4,False,True,0.45,2,0.0,0.0,False
100000008745676100,peripheral,0.8099354695149088,7,0.2857142857142857,"Периферийный профиль: in/out degree 1/0, оборот 34.5 тыс. KZT; depth=4, исходящие неизвестны.",1,0,34547.0,0.0,1,0,0.0005271908767739415,0.0,4,False,True,0.45,1,0.0,0.0,False
100000001598625100,peripheral,0.8099354695149088,3,0.18001780151312863,"Периферийный профиль: in/out degree 1/0, оборот 25.0 тыс. KZT; depth=4, исходящие неизвестны.",1,0,25000.0,0.0,1,0,0.00042634752844373353,0.0,4,False,True,0.45,1,0.0,0.0,False
100000008461217100,peripheral,0.8099354695149088,6,0.24610591900311526,"Периферийный профиль: in/out degree 1/0, оборот 18.0 тыс. KZT; depth=4, исходящие неизвестны.",1,0,18000.0,0.0,1,0,0.0005423215953376307,0.0,4,False,True,0.45,1,0.0,0.0,False
100000005711521100,peripheral,0.8099354695149088,0,0.5287049399198932,"Периферийный профиль: in/out degree 1/0, оборот 238.0 тыс. KZT; depth=4, исходящие неизвестны.",1,0,238000.0,0.0,1,0,0.000530678253162498,0.0,4,False,True,0.45,2,0.0,0.0,False
100000002713974100,peripheral,0.8099354695149088,11,0.19314641744548286,"Периферийный профиль: in/out degree 1/0, оборот 50.0 тыс. KZT; depth=4, исходящие неизвестны.",1,0,50000.0,0.0,1,0,0.0003281159356969862,0.0,4,False,True,0.45,1,0.0,0.0,False
100000005272139100,peripheral,0.8099354695149088,1,0.5202492211838006,"Периферийный профиль: in/out degree 1/0, оборот 165.0 тыс. KZT; depth=4, исходящие неизвестны.",1,0,165000.0,0.0,1,0,0.0007505718827393165,0.0,4,False,True,0.45,1,0.0,0.0,False
100000002968096100,peripheral,0.8099354695149088,11,0.4695149087672452,"Периферийный профиль: in/out degree 1/0, оборот 70.0 тыс. KZT; depth=4, исходящие неизвестны.",1,0,70000.0,0.0,1,0,0.0003177252188359708,0.0,4,False,True,0.45,3,0.0,0.0,False
100000004449824100,peripheral,0.8099354695149088,9,0.016688918558077435,"Периферийный профиль: in/out degree 1/0, оборот 9.0 тыс. KZT; depth=4, исходящие неизвестны.",1,0,9000.0,0.0,1,0,0.00028882187240277386,0.0,4,False,True,0.45,1,0.0,0.0,False
100000004502048100,peripheral,0.8099354695149088,16,0.036048064085447265,"Периферийный профиль: in/out degree 1/0, оборот 13.9 тыс. KZT; depth=4, исходящие неизвестны.",1,0,13888.0,0.0,1,0,0.0003378234350035576,0.0,4,False,True,0.45,1,0.0,0.0,False
100000002660298100,peripheral,0.8099354695149088,12,0.31108144192256343,"Периферийный профиль: in/out degree 1/0, оборот 30.9 тыс. KZT; depth=4, исходящие неизвестны.",1,0,30900.0,0.0,1,0,0.00029551620423694957,0.0,4,False,True,0.45,2,0.0,0.0,False
100000001299828100,peripheral,0.8099354695149088,3,0.45571873609256786,"Периферийный профиль: in/out degree 1/0, оборот 100.0 тыс. KZT; depth=4, исходящие неизвестны.",1,0,100000.0,0.0,1,0,0.0005439723560414461,0.0,4,False,True,0.45,1,0.0,0.0,False
100000000581662100,peripheral,0.8099354695149088,13,0.0262572318647085,"Периферийный профиль: in/out degree 1/0, оборот 21.2 тыс. KZT; depth=4, исходящие неизвестны.",1,0,21160.0,0.0,1,0,0.0003012685131331258,0.0,4,False,True,0.45,1,0.0,0.0,False
100000001249054100,peripheral,0.8099354695149088,12,0.2757009345794392,"Периферийный профиль: in/out degree 1/0, оборот 17.4 тыс. KZT; depth=4, исходящие неизвестны.",1,0,17375.0,0.0,1,0,0.00029049185538001046,0.0,4,False,True,0.45,2,0.0,0.0,False
100000008759795100,peripheral,0.8099354695149088,9,0.016688918558077435,"Периферийный профиль: in/out degree 1/0, оборот 17.0 тыс. KZT; depth=4, исходящие неизвестны.",1,0,17000.0,0.0,1,0,0.0002930748387858303,0.0,4,False,True,0.45,1,0.0,0.0,False
100000001299443100,peripheral,0.8099354695149088,9,0.016688918558077435,"Периферийный профиль: in/out degree 1/0, оборот 8.0 тыс. KZT; depth=4, исходящие неизвестны.",1,0,8000.0,0.0,1,0,0.00028829025160489183,0.0,4,False,True,0.45,1,0.0,0.0,False
100000007997939100,peripheral,0.8099354695149088,2,0.2757009345794392,"Периферийный профиль: in/out degree 1/0, оборот 13.0 тыс. KZT; depth=4, исходящие неизвестны.",1,0,13000.0,0.0,1,0,0.000355934798220513,0.0,4,False,True,0.45,2,0.0,0.0,False
100000003470579100,peripheral,0.5904984423676013,24,0.5015576323987538,"Периферийный профиль: in/out degree 1/0, оборот 357.0 тыс. KZT; depth=4, исходящие неизвестны.",1,0,357000.0,0.0,2,0,0.0005648024911370252,0.0,4,False,True,0.45,1,0.0,0.0,False
100000008649416100,peripheral,0.8099354695149088,5,0.23275478415665332,"Периферийный профиль: in/out degree 1/0, оборот 5.0 тыс. KZT; depth=4, исходящие неизвестны.",1,0,5000.0,0.0,1,0,0.0005305660011863178,0.0,4,False,True,0.45,1,0.0,0.0,False
100000008183752100,peripheral,0.8099354695149088,2,0.46550956831330664,"Периферийный профиль: in/out degree 1/0, оборот 140.0 тыс. KZT; depth=4, исходящие неизвестны.",1,0,140000.0,0.0,1,0,0.0005270589553288147,0.0,4,False,True,0.45,1,0.0,0.0,False
100000003950749100,peripheral,0.8099354695149088,1,0.15620827770360482,"Периферийный профиль: in/out degree 1/0, оборот 7.0 тыс. KZT; depth=4, исходящие неизвестны.",1,0,7000.0,0.0,1,0,0.00038180137503131153,0.0,4,False,True,0.45,1,0.0,0.0,False
100000005979037100,peripheral,0.8099354695149088,3,0.2140631953716066,"Периферийный профиль: in/out degree 1/0, оборот 60.3 тыс. KZT; depth=4, исходящие неизвестны.",1,0,60300.0,0.0,1,0,0.00032305372964102063,0.0,4,False,True,0.45,1,0.0,0.0,False
100000008734279100,peripheral,0.8099354695149088,11,0.027147307521139297,"Периферийный профиль: in/out degree 1/0, оборот 31.6 тыс. KZT; depth=4, исходящие неизвестны.",1,0,31650.0,0.0,1,0,0.000299695441774522,0.0,4,False,True,0.45,1,0.0,0.0,False
100000005589319100,peripheral,0.8099354695149088,0,0.028037383177570093,"Периферийный профиль: in/out degree 1/0, оборот 26.0 тыс. KZT; depth=4, исходящие неизвестны.",1,0,26000.0,0.0,1,0,0.0003082637148548625,0.0,4,False,True,0.45,1,0.0,0.0,False
100000003626268100,peripheral,0.8099354695149088,3,0.22340898976412996,"Периферийный профиль: in/out degree 1/0, оборот 5.0 тыс. KZT; depth=4, исходящие неизвестны.",1,0,5000.0,0.0,1,0,0.000527750957988557,0.0,4,False,True,0.45,1,0.0,0.0,False
100000001220124100,peripheral,0.8099354695149088,3,0.34913217623498,"Периферийный профиль: in/out degree 1/0, оборот 40.0 тыс. KZT; depth=4, исходящие неизвестны.",1,0,40000.0,0.0,1,0,0.0005363353269831853,0.0,4,False,True,0.45,2,0.0,0.0,False
100000003904497100,peripheral,0.8099354695149088,2,0.2757009345794392,"Периферийный профиль: in/out degree 1/0, оборот 10.0 тыс. KZT; depth=4, исходящие неизвестны.",1,0,10000.0,0.0,1,0,0.0003393430644515874,0.0,4,False,True,0.45,2,0.0,0.0,False
100000001270470100,peripheral,0.5904984423676013,3,0.4401424121050289,"Периферийный профиль: in/out degree 1/0, оборот 28.3 тыс. KZT; depth=4, исходящие неизвестны.",1,0,28300.0,0.0,2,0,0.00042726261285702785,0.0,4,False,True,0.45,2,0.0,0.0,False
100000003091142100,peripheral,0.8099354695149088,10,0.34913217623498,"Периферийный профиль: in/out degree 1/0, оборот 40.0 тыс. KZT; depth=4, исходящие неизвестны.",1,0,40000.0,0.0,1,0,0.00040750245625380016,0.0,4,False,True,0.45,2,0.0,0.0,False
100000001053894100,terminal,0.5837837116154874,5,0.6697819314641744,"Получатель-кандидат: 1 плательщ., 7 tx, 2.00 млн KZT; обрезан на depth=4; терминальность вероятностная.",1,0,2000000.0,0.0,7,0,0.0004459360053972746,0.0,4,False,True,0.45,3,0.0,0.0,False
100000004722630100,peripheral,0.5904984423676013,33,0.4606141522029373,"Периферийный профиль: in/out degree 1/0, оборот 340.0 тыс. KZT; depth=4, исходящие неизвестны.",1,0,340000.0,0.0,2,0,0.0004890129030987291,0.0,4,False,True,0.45,1,0.0,0.0,False
100000004655046100,peripheral,0.8099354695149088,12,0.2599020916777926,"Периферийный профиль: in/out degree 1/0, оборот 24.0 тыс. KZT; depth=4, исходящие неизвестны.",1,0,24000.0,0.0,1,0,0.0005541511680595662,0.0,4,False,True,0.45,1,0.0,0.0,False
100000004019056100,peripheral,0.8099354695149088,0,0.38362260792167335,"Периферийный профиль: in/out degree 1/0, оборот 50.0 тыс. KZT; depth=4, исходящие неизвестны.",1,0,50000.0,0.0,1,0,0.0005376920366891714,0.0,4,False,True,0.45,2,0.0,0.0,False
100000008071749100,peripheral,0.8099354695149088,12,0.2757009345794392,"Периферийный профиль: in/out degree 1/0, оборот 24.9 тыс. KZT; depth=4, исходящие неизвестны.",1,0,24943.0,0.0,1,0,0.00029330326182358275,0.0,4,False,True,0.45,2,0.0,0.0,False
100000008221765100,peripheral,0.8099354695149088,5,0.5313751668891856,"Периферийный профиль: in/out degree 1/0, оборот 156.4 тыс. KZT; depth=4, исходящие неизвестны.",1,0,156354.0,0.0,1,0,0.0005372045771194328,0.0,4,False,True,0.45,3,0.0,0.0,False
100000008778010100,peripheral,0.5904984423676013,7,0.4009790832220739,"Периферийный профиль: in/out degree 1/0, оборот 77.0 тыс. KZT; depth=4, исходящие неизвестны.",1,0,76950.0,0.0,2,0,0.0005265159449990562,0.0,4,False,True,0.45,1,0.0,0.0,False
100000004584730100,peripheral,0.8099354695149088,36,0.03426791277258567,"Периферийный профиль: in/out degree 1/0, оборот 47.0 тыс. KZT; depth=4, исходящие неизвестны.",1,0,47000.0,0.0,1,0,0.0003021363233207155,0.0,4,False,True,0.45,1,0.0,0.0,False
100000004797167100,peripheral,0.8099354695149088,11,0.30351579884290164,"Периферийный профиль: in/out degree 1/0, оборот 31.0 тыс. KZT; depth=4, исходящие неизвестны.",1,0,31000.0,0.0,1,0,0.0005483109112578678,0.0,4,False,True,0.45,1,0.0,0.0,False
100000005010159100,peripheral,0.8099354695149088,11,0.2963951935914553,"Периферийный профиль: in/out degree 1/0, оборот 7.1 тыс. KZT; depth=4, исходящие неизвестны.",1,0,7092.0,0.0,1,0,0.0006104429799318742,0.0,4,False,True,0.45,1,0.0,0.0,False
100000003025903100,terminal,0.5637530040053405,11,0.654650645304851,"Получатель-кандидат: 1 плательщ., 6 tx, 386.3 тыс. KZT; обрезан на depth=4; терминальность вероятностная.",1,0,386300.0,0.0,6,0,0.0005232823240255012,0.0,4,False,True,0.45,3,0.0,0.0,False
100000003005167100,peripheral,0.8099354695149088,9,0.016688918558077435,"Периферийный профиль: in/out degree 1/0, оборот 7.0 тыс. KZT; depth=4, исходящие неизвестны.",1,0,7000.0,0.0,1,0,0.00028775863080700975,0.0,4,False,True,0.45,1,0.0,0.0,False
100000002214383100,peripheral,0.8099354695149088,7,0.5020026702269693,"Периферийный профиль: in/out degree 1/0, оборот 213.0 тыс. KZT; depth=4, исходящие неизвестны.",1,0,213000.0,0.0,1,0,0.0005277341145439712,0.0,4,False,True,0.45,1,0.0,0.0,False
100000004800452100,peripheral,0.8099354695149088,5,0.3386737872719181,"Периферийный профиль: in/out degree 1/0, оборот 6.5 тыс. KZT; depth=4, исходящие неизвестны.",1,0,6544.53,0.0,1,0,0.0006041058454249943,0.0,4,False,True,0.45,3,0.0,0.0,False
100000006903193100,peripheral,0.8099354695149088,3,0.2757009345794392,"Периферийный профиль: in/out degree 1/0, оборот 9.0 тыс. KZT; depth=4, исходящие неизвестны.",1,0,9000.0,0.0,1,0,0.000299959284844854,0.0,4,False,True,0.45,2,0.0,0.0,False
100000007811950100,peripheral,0.8099354695149088,23,0.3684913217623498,"Периферийный профиль: in/out degree 1/0, оборот 50.0 тыс. KZT; depth=4, исходящие неизвестны.",1,0,50000.0,0.0,1,0,0.000542944965825604,0.0,4,False,True,0.45,1,0.0,0.0,False
100000000375150100,peripheral,0.8099354695149088,29,0.5478415665331553,"Периферийный профиль: in/out degree 1/0, оборот 300.0 тыс. KZT; depth=4, исходящие неизвестны.",1,0,300000.0,0.0,1,0,0.000740799617598583,0.0,4,False,True,0.45,1,0.0,0.0,False
100000008775747100,peripheral,0.8099354695149088,2,0.2757009345794392,"Периферийный профиль: in/out degree 1/0, оборот 5.0 тыс. KZT; depth=4, исходящие неизвестны.",1,0,5000.0,0.0,1,0,0.00028469052504411196,0.0,4,False,True,0.45,2,0.0,0.0,False
100000006689603100,peripheral,0.5904984423676013,11,0.32710280373831774,"Периферийный профиль: in/out degree 1/0, оборот 400.0 тыс. KZT; depth=4, исходящие неизвестны.",1,0,400000.0,0.0,2,0,0.0003106768123409942,0.0,4,False,True,0.45,1,0.0,0.0,False
100000005075949100,terminal,0.5788731642189586,0,0.6613262127280819,"Получатель-кандидат: 1 плательщ., 7 tx, 2.23 млн KZT; обрезан на depth=4; терминальность вероятностная.",1,0,2226000.0,0.0,7,0,0.0007627598291717467,0.0,4,False,True,0.45,1,0.0,0.0,False
100000003985389100,terminal,0.5782283044058745,11,0.6675567423230975,"Получатель-кандидат: 1 плательщ., 16 tx, 422.7 тыс. KZT; обрезан на depth=4; терминальность вероятностная.",1,0,422698.0,0.0,16,0,0.0004874633161193756,0.0,4,False,True,0.45,3,0.0,0.0,False
100000002478829100,peripheral,0.8099354695149088,15,0.32220738762794837,"Периферийный профиль: in/out degree 1/0, оборот 34.0 тыс. KZT; depth=4, исходящие неизвестны.",1,0,34000.0,0.0,1,0,0.0003850725032155704,0.0,4,False,True,0.45,2,0.0,0.0,False
100000003125997100,peripheral,0.8099354695149088,2,0.43524699599465955,"Периферийный профиль: in/out degree 1/0, оборот 87.8 тыс. KZT; depth=4, исходящие неизвестны.",1,0,87750.0,0.0,1,0,0.0005453170253350464,0.0,4,False,True,0.45,1,0.0,0.0,False
100000003214786100,peripheral,0.8099354695149088,3,0.2757009345794392,"Периферийный профиль: in/out degree 1/0, оборот 5.0 тыс. KZT; depth=4, исходящие неизвестны.",1,0,5000.0,0.0,1,0,0.00041782514727637104,0.0,4,False,True,0.45,2,0.0,0.0,False
100000008308418100,peripheral,0.8099354695149088,10,0.38362260792167335,"Периферийный профиль: in/out degree 1/0, оборот 50.0 тыс. KZT; depth=4, исходящие неизвестны.",1,0,50000.0,0.0,1,0,0.0004291053184673046,0.0,4,False,True,0.45,2,0.0,0.0,False
100000008619159100,peripheral,0.5904984423676013,1,0.4129951045838896,"Периферийный профиль: in/out degree 1/0, оборот 446.4 тыс. KZT; depth=4, исходящие неизвестны.",1,0,446400.0,0.0,2,0,0.000354589964223014,0.0,4,False,True,0.45,1,0.0,0.0,False
100000004418967100,peripheral,0.8099354695149088,2,0.4076546506453049,"Периферийный профиль: in/out degree 1/0, оборот 100.0 тыс. KZT; depth=4, исходящие неизвестны.",1,0,100000.0,0.0,1,0,0.00045092411552486,0.0,4,False,True,0.45,1,0.0,0.0,False
100000003173783100,peripheral,0.5904984423676013,13,0.30618602581219406,"Периферийный профиль: in/out degree 1/0, оборот 23.5 тыс. KZT; depth=4, исходящие неизвестны.",1,0,23500.0,0.0,2,0,0.0003446658898374409,0.0,4,False,True,0.45,1,0.0,0.0,False
100000002242455100,peripheral,0.8099354695149088,5,0.5113484646194927,"Периферийный профиль: in/out degree 1/0, оборот 110.0 тыс. KZT; depth=4, исходящие неизвестны.",1,0,110000.0,0.0,1,0,0.000529020525916412,0.0,4,False,True,0.45,3,0.0,0.0,False
100000004848236100,peripheral,0.8099354695149088,10,0.2757009345794392,"Периферийный профиль: in/out degree 1/0, оборот 7.5 тыс. KZT; depth=4, исходящие неизвестны.",1,0,7500.0,0.0,1,0,0.00030718700479032883,0.0,4,False,True,0.45,2,0.0,0.0,False
100000004674412100,peripheral,0.8099354695149088,0,0.3075211392968402,"Периферийный профиль: in/out degree 1/0, оборот 46.0 тыс. KZT; depth=4, исходящие неизвестны.",1,0,46000.0,0.0,1,0,0.0004863502706893377,0.0,4,False,True,0.45,1,0.0,0.0,False
100000007071852100,peripheral,0.8099354695149088,3,0.5144637294170005,"Периферийный профиль: in/out degree 1/0, оборот 195.0 тыс. KZT; depth=4, исходящие неизвестны.",1,0,195000.0,0.0,1,0,0.00044093304433439733,0.0,4,False,True,0.45,2,0.0,0.0,False
100000001498732100,peripheral,0.8099354695149088,28,0.016688918558077435,"Периферийный профиль: in/out degree 1/0, оборот 5.5 тыс. KZT; depth=4, исходящие неизвестны.",1,0,5500.0,0.0,1,0,0.0002878525041618874,0.0,4,False,True,0.45,1,0.0,0.0,False
100000000627521100,peripheral,0.8099354695149088,5,0.3386737872719181,"Периферийный профиль: in/out degree 1/0, оборот 6.5 тыс. KZT; depth=4, исходящие неизвестны.",1,0,6500.0,0.0,1,0,0.0002845634560624056,0.0,4,False,True,0.45,3,0.0,0.0,False
100000003105089100,peripheral,0.8099354695149088,15,0.016688918558077435,"Периферийный профиль: in/out degree 1/0, оборот 10.0 тыс. KZT; depth=4, исходящие неизвестны.",1,0,10000.0,0.0,1,0,0.0002977946813370279,0.0,4,False,True,0.45,1,0.0,0.0,False
100000003166017100,peripheral,0.8099354695149088,12,0.2757009345794392,"Периферийный профиль: in/out degree 1/0, оборот 15.0 тыс. KZT; depth=4, исходящие неизвестны.",1,0,15000.0,0.0,1,0,0.0002896095760058714,0.0,4,False,True,0.45,2,0.0,0.0,False
100000002506987100,peripheral,0.8099354695149088,12,0.2941700044503783,"Периферийный профиль: in/out degree 1/0, оборот 28.2 тыс. KZT; depth=4, исходящие неизвестны.",1,0,28200.0,0.0,1,0,0.00029451319189582306,0.0,4,False,True,0.45,2,0.0,0.0,False
100000005767403100,peripheral,0.5904984423676013,18,0.5500667556742324,"Периферийный профиль: in/out degree 1/0, оборот 1.10 млн KZT; depth=4, исходящие неизвестны.",1,0,1100000.0,0.0,2,0,0.0010729063192485666,0.0,4,False,True,0.45,1,0.0,0.0,False
100000005553088100,peripheral,0.8099354695149088,11,0.016688918558077435,"Периферийный профиль: in/out degree 1/0, оборот 17.5 тыс. KZT; depth=4, исходящие неизвестны.",1,0,17500.0,0.0,1,0,0.00029269503371068267,0.0,4,False,True,0.45,1,0.0,0.0,False
100000003632533100,peripheral,0.8099354695149088,5,0.3386737872719181,"Периферийный профиль: in/out degree 1/0, оборот 10.0 тыс. KZT; depth=4, исходящие неизвестны.",1,0,10000.0,0.0,1,0,0.0004262843285216528,0.0,4,False,True,0.45,3,0.0,0.0,False
100000008762005100,peripheral,0.8099354695149088,2,0.016688918558077435,"Периферийный профиль: in/out degree 1/0, оборот 5.0 тыс. KZT; depth=4, исходящие неизвестны.",1,0,5000.0,0.0,1,0,0.0002852396799896228,0.0,4,False,True,0.45,1,0.0,0.0,False
100000002214207100,peripheral,0.8099354695149088,31,0.4788607031597686,"Периферийный профиль: in/out degree 1/0, оборот 97.0 тыс. KZT; depth=4, исходящие неизвестны.",1,0,97000.0,0.0,1,0,0.0006860180337248556,0.0,4,False,True,0.45,1,0.0,0.0,False
100000003180820100,peripheral,0.8099354695149088,2,0.4699599465954606,"Периферийный профиль: in/out degree 1/0, оборот 101.0 тыс. KZT; depth=4, исходящие неизвестны.",1,0,101000.0,0.0,1,0,0.00029723272963182157,0.0,4,False,True,0.45,2,0.0,0.0,False
100000003786516100,peripheral,0.8099354695149088,0,0.3386737872719181,"Периферийный профиль: in/out degree 1/0, оборот 5.0 тыс. KZT; depth=4, исходящие неизвестны.",1,0,5000.0,0.0,1,0,0.00029157773445531016,0.0,4,False,True,0.45,3,0.0,0.0,False
100000005226217100,peripheral,0.8099354695149088,2,0.2757009345794392,"Периферийный профиль: in/out degree 1/0, оборот 17.5 тыс. KZT; depth=4, исходящие неизвестны.",1,0,17500.0,0.0,1,0,0.00038082239887390136,0.0,4,False,True,0.45,2,0.0,0.0,False
100000001533161100,peripheral,0.8099354695149088,36,0.3052959501557632,"Периферийный профиль: in/out degree 1/0, оборот 100.0 тыс. KZT; depth=4, исходящие неизвестны.",1,0,100000.0,0.0,1,0,0.00032254587692158036,0.0,4,False,True,0.45,1,0.0,0.0,False
100000007034089100,terminal,0.5238457943925234,2,0.5972407654650645,"Получатель-кандидат: 2 плательщ., 2 tx, 198.0 тыс. KZT; обрезан на depth=4; терминальность вероятностная.",2,0,198000.0,0.0,2,0,0.0003193572985022214,0.0,4,False,True,0.45,2,0.0,0.0,False
100000008336318100,peripheral,0.8099354695149088,2,0.3707165109034268,"Периферийный профиль: in/out degree 1/0, оборот 170.0 тыс. KZT; depth=4, исходящие неизвестны.",1,0,170000.0,0.0,1,0,0.000324918707326606,0.0,4,False,True,0.45,1,0.0,0.0,False
100000005370558100,peripheral,0.8099354695149088,0,0.016688918558077435,"Периферийный профиль: in/out degree 1/0, оборот 5.0 тыс. KZT; depth=4, исходящие неизвестны.",1,0,5000.0,0.0,1,0,0.000297676900323904,0.0,4,False,True,0.45,1,0.0,0.0,False
100000002729875100,peripheral,0.8099354695149088,12,0.43435692033822876,"Периферийный профиль: in/out degree 1/0, оборот 76.0 тыс. KZT; depth=4, исходящие неизвестны.",1,0,76000.0,0.0,1,0,0.00031227022519428446,0.0,4,False,True,0.45,2,0.0,0.0,False
100000006512787100,peripheral,0.5904984423676013,10,0.4401424121050289,"Периферийный профиль: in/out degree 1/0, оборот 20.0 тыс. KZT; depth=4, исходящие неизвестны.",1,0,20000.0,0.0,2,0,0.0005269165037857478,0.0,4,False,True,0.45,2,0.0,0.0,False
100000003186579100,peripheral,0.5904984423676013,3,0.3960836671117045,"Периферийный профиль: in/out degree 1/0, оборот 110.0 тыс. KZT; depth=4, исходящие неизвестны.",1,0,110000.0,0.0,2,0,0.0005121083218658844,0.0,4,False,True,0.45,1,0.0,0.0,False
100000004472936100,peripheral,0.8099354695149088,0,0.2757009345794392,"Периферийный профиль: in/out degree 1/0, оборот 5.0 тыс. KZT; depth=4, исходящие неизвестны.",1,0,5000.0,0.0,1,0,0.0005287481978505895,0.0,4,False,True,0.45,2,0.0,0.0,False
100000002231144100,peripheral,0.8099354695149088,15,0.039163328882955054,"Периферийный профиль: in/out degree 1/0, оборот 15.0 тыс. KZT; depth=4, исходящие неизвестны.",1,0,15000.0,0.0,1,0,0.0003651255851770191,0.0,4,False,True,0.45,1,0.0,0.0,False
100000002505277100,peripheral,0.8099354695149088,10,0.40898976412995103,"Периферийный профиль: in/out degree 1/0, оборот 60.0 тыс. KZT; depth=4, исходящие неизвестны.",1,0,60000.0,0.0,1,0,0.00040532358508658066,0.0,4,False,True,0.45,2,0.0,0.0,False
100000003177533100,peripheral,0.5319982198486871,11,0.3333333333333333,"Периферийный профиль: in/out degree 1/0, оборот 20.0 тыс. KZT; depth=4, исходящие неизвестны.",1,0,20000.0,0.0,3,0,0.0003363111056056646,0.0,4,False,True,0.45,1,0.0,0.0,False
100000005888829100,peripheral,0.8099354695149088,2,0.5153538050734312,"Периферийный профиль: in/out degree 1/0, оборот 197.0 тыс. KZT; depth=4, исходящие неизвестны.",1,0,197000.0,0.0,1,0,0.0003097749342195312,0.0,4,False,True,0.45,2,0.0,0.0,False
100000002242066100,peripheral,0.8099354695149088,17,0.38273253226524256,"Периферийный профиль: in/out degree 1/0, оборот 60.0 тыс. KZT; depth=4, исходящие неизвестны.",1,0,60000.0,0.0,1,0,0.0005306041950793605,0.0,4,False,True,0.45,1,0.0,0.0,False
100000008027922100,peripheral,0.8099354695149088,19,0.3773920783266578,"Периферийный профиль: in/out degree 1/0, оборот 70.0 тыс. KZT; depth=4, исходящие неизвестны.",1,0,70000.0,0.0,1,0,0.0004998699154424401,0.0,4,False,True,0.45,1,0.0,0.0,False
100000002686226100,peripheral,0.5904984423676013,5,0.518469069870939,"Периферийный профиль: in/out degree 1/0, оборот 430.0 тыс. KZT; depth=4, исходящие неизвестны.",1,0,430000.0,0.0,2,0,0.0006504186534205347,0.0,4,False,True,0.45,1,0.0,0.0,False
100000001065234100,peripheral,0.8099354695149088,1,0.5389408099688473,"Периферийный профиль: in/out degree 1/0, оборот 360.0 тыс. KZT; depth=4, исходящие неизвестны.",1,0,360000.0,0.0,1,0,0.0005452429760950009,0.0,4,False,True,0.45,1,0.0,0.0,False
100000000424935100,peripheral,0.8099354695149088,18,0.016688918558077435,"Периферийный профиль: in/out degree 1/0, оборот 15.0 тыс. KZT; depth=4, исходящие неизвестны.",1,0,15000.0,0.0,1,0,0.0002997739402351161,0.0,4,False,True,0.45,1,0.0,0.0,False
100000005723580100,peripheral,0.8099354695149088,2,0.16199376947040497,"Периферийный профиль: in/out degree 1/0, оборот 35.0 тыс. KZT; depth=4, исходящие неизвестны.",1,0,35000.0,0.0,1,0,0.00034244767582789404,0.0,4,False,True,0.45,1,0.0,0.0,False
100000000704700100,peripheral,0.8099354695149088,21,0.23052959501557632,"Периферийный профиль: in/out degree 1/0, оборот 10.0 тыс. KZT; depth=4, исходящие неизвестны.",1,0,10000.0,0.0,1,0,0.0005300971369490317,0.0,4,False,True,0.45,1,0.0,0.0,False
100000005293969100,peripheral,0.8099354695149088,0,0.21984868713840677,"Периферийный профиль: in/out degree 1/0, оборот 5.5 тыс. KZT; depth=4, исходящие неизвестны.",1,0,5466.97,0.0,1,0,0.0005273558295299858,0.0,4,False,True,0.45,1,0.0,0.0,False
100000002512742100,peripheral,0.8099354695149088,9,0.016688918558077435,"Периферийный профиль: in/out degree 1/0, оборот 6.0 тыс. KZT; depth=4, исходящие неизвестны.",1,0,6000.0,0.0,1,0,0.00028722701000912773,0.0,4,False,True,0.45,1,0.0,0.0,False
100000001816678100,peripheral,0.8099354695149088,0,0.45638629283489096,"Периферийный профиль: in/out degree 1/0, оборот 60.0 тыс. KZT; depth=4, исходящие неизвестны.",1,0,60000.0,0.0,1,0,0.0003079647424622516,0.0,4,False,True,0.45,3,0.0,0.0,False
100000004586598100,terminal,0.566785046728972,11,0.6350689808633734,"Получатель-кандидат: 1 плательщ., 4 tx, 761.3 тыс. KZT; обрезан на depth=4; терминальность вероятностная.",1,0,761255.0,0.0,4,0,0.0005360536007597855,0.0,4,False,True,0.45,1,0.0,0.0,False
100000005782886100,peripheral,0.8099354695149088,2,0.2757009345794392,"Периферийный профиль: in/out degree 1/0, оборот 14.0 тыс. KZT; depth=4, исходящие неизвестны.",1,0,14000.0,0.0,1,0,0.0003614653761434882,0.0,4,False,True,0.45,2,0.0,0.0,False
100000002622822100,peripheral,0.8099354695149088,2,0.5718736092567869,"Периферийный профиль: in/out degree 1/0, оборот 750.0 тыс. KZT; depth=4, исходящие неизвестны.",1,0,750000.0,0.0,1,0,0.0009015526150025851,0.0,4,False,True,0.45,1,0.0,0.0,False
100000003718715100,terminal,0.5587863818424567,11,0.641299510458389,"Получатель-кандидат: 1 плательщ., 3 tx, 915.0 тыс. KZT; обрезан на depth=4; терминальность вероятностная.",1,0,915000.0,0.0,3,0,0.0005720413192975141,0.0,4,False,True,0.45,1,0.0,0.0,False
100000006491963100,peripheral,0.5319982198486871,9,0.20093457943925233,"Периферийный профиль: in/out degree 1/0, оборот 16.0 тыс. KZT; depth=4, исходящие неизвестны.",1,0,16000.0,0.0,3,0,0.00029254321798794826,0.0,4,False,True,0.45,1,0.0,0.0,False
100000004526651100,peripheral,0.8099354695149088,2,0.3177570093457944,"Периферийный профиль: in/out degree 1/0, оборот 33.0 тыс. KZT; depth=4, исходящие неизвестны.",1,0,33000.0,0.0,1,0,0.0002883486680488606,0.0,4,False,True,0.45,2,0.0,0.0,False
100000008331280100,peripheral,0.5904984423676013,24,0.2314196706720071,"Периферийный профиль: in/out degree 1/0, оборот 41.0 тыс. KZT; depth=4, исходящие неизвестны.",1,0,41000.0,0.0,2,0,0.0003162820287583138,0.0,4,False,True,0.45,1,0.0,0.0,False
100000004177936100,peripheral,0.8099354695149088,3,0.03471295060080107,"Периферийный профиль: in/out degree 1/0, оборот 10.0 тыс. KZT; depth=4, исходящие неизвестны.",1,0,10000.0,0.0,1,0,0.00033513080266806277,0.0,4,False,True,0.45,1,0.0,0.0,False
100000002922000100,peripheral,0.8099354695149088,36,0.520694259012016,"Периферийный профиль: in/out degree 1/0, оборот 448.0 тыс. KZT; depth=4, исходящие неизвестны.",1,0,448000.0,0.0,1,0,0.00045655577603669273,0.0,4,False,True,0.45,1,0.0,0.0,False
100000002404112100,peripheral,0.8099354695149088,24,0.22207387627948375,"Периферийный профиль: in/out degree 1/0, оборот 60.0 тыс. KZT; depth=4, исходящие неизвестны.",1,0,60000.0,0.0,1,0,0.00032816417039658566,0.0,4,False,True,0.45,1,0.0,0.0,False
100000000634341100,peripheral,0.5904984423676013,3,0.4259012016021362,"Периферийный профиль: in/out degree 1/0, оборот 24.0 тыс. KZT; depth=4, исходящие неизвестны.",1,0,24000.0,0.0,2,0,0.000551576432905921,0.0,4,False,True,0.45,1,0.0,0.0,False
100000001822650100,peripheral,0.8099354695149088,2,0.47930574098798395,"Периферийный профиль: in/out degree 1/0, оборот 112.0 тыс. KZT; depth=4, исходящие неизвестны.",1,0,112000.0,0.0,1,0,0.00030424139528105264,0.0,4,False,True,0.45,2,0.0,0.0,False
100000004791226100,peripheral,0.8099354695149088,10,0.2757009345794392,"Периферийный профиль: in/out degree 1/0, оборот 20.0 тыс. KZT; depth=4, исходящие неизвестны.",1,0,20000.0,0.0,1,0,0.0005382566468789799,0.0,4,False,True,0.45,2,0.0,0.0,False
100000007841978100,peripheral,0.8099354695149088,5,0.5647530040053405,"Периферийный профиль: in/out degree 1/0, оборот 449.0 тыс. KZT; depth=4, исходящие неизвестны.",1,0,449000.0,0.0,1,0,0.0005032920959894186,0.0,4,False,True,0.45,3,0.0,0.0,False
100000006866831100,peripheral,0.8099354695149088,3,0.03960836671117045,"Периферийный профиль: in/out degree 1/0, оборот 16.5 тыс. KZT; depth=4, исходящие неизвестны.",1,0,16500.0,0.0,1,0,0.0003655931145553568,0.0,4,False,True,0.45,1,0.0,0.0,False
100000002999140100,peripheral,0.5904984423676013,22,0.1606586559857588,"Периферийный профиль: in/out degree 1/0, оборот 10.0 тыс. KZT; depth=4, исходящие неизвестны.",1,0,10000.0,0.0,2,0,0.00028792449514121,0.0,4,False,True,0.45,1,0.0,0.0,False
100000002884708100,peripheral,0.5904984423676013,2,0.5331553182020472,"Периферийный профиль: in/out degree 1/0, оборот 1.17 млн KZT; depth=4, исходящие неизвестны.",1,0,1171644.0,0.0,2,0,0.0005591847704702486,0.0,4,False,True,0.45,1,0.0,0.0,False
100000001130553100,peripheral,0.5904984423676013,5,0.48509123275478416,"Периферийный профиль: in/out degree 1/0, оборот 18.0 тыс. KZT; depth=4, исходящие неизвестны.",1,0,18000.0,0.0,2,0,0.0005400819631615067,0.0,4,False,True,0.45,3,0.0,0.0,False
100000006351075100,peripheral,0.5904984423676013,10,0.4401424121050289,"Периферийный профиль: in/out degree 1/0, оборот 40.0 тыс. KZT; depth=4, исходящие неизвестны.",1,0,40000.0,0.0,2,0,0.0002895173186007755,0.0,4,False,True,0.45,2,0.0,0.0,False
100000005616568100,peripheral,0.8099354695149088,5,0.5696484201157098,"Периферийный профиль: in/out degree 1/0, оборот 530.0 тыс. KZT; depth=4, исходящие неизвестны.",1,0,530000.0,0.0,1,0,0.0004294439435197269,0.0,4,False,True,0.45,3,0.0,0.0,False
100000006381453100,peripheral,0.8099354695149088,2,0.3649310191366266,"Периферийный профиль: in/out degree 1/0, оборот 45.0 тыс. KZT; depth=4, исходящие неизвестны.",1,0,45000.0,0.0,1,0,0.0005727660000568347,0.0,4,False,True,0.45,1,0.0,0.0,False
100000004616845100,peripheral,0.5904984423676013,9,0.1606586559857588,"Периферийный профиль: in/out degree 1/0, оборот 20.2 тыс. KZT; depth=4, исходящие неизвестны.",1,0,20200.0,0.0,2,0,0.00028726488457444523,0.0,4,False,True,0.45,1,0.0,0.0,False
100000004908173100,peripheral,0.8099354695149088,2,0.03159768580329328,"Периферийный профиль: in/out degree 1/0, оборот 21.0 тыс. KZT; depth=4, исходящие неизвестны.",1,0,21000.0,0.0,1,0,0.0003190835195854706,0.0,4,False,True,0.45,1,0.0,0.0,False
100000004433250100,peripheral,0.8099354695149088,10,0.2757009345794392,"Периферийный профиль: in/out degree 1/0, оборот 8.0 тыс. KZT; depth=4, исходящие неизвестны.",1,0,8000.0,0.0,1,0,0.00030490095243985727,0.0,4,False,True,0.45,2,0.0,0.0,False
100000003664994100,peripheral,0.5904984423676013,5,0.4183355585224744,"Периферийный профиль: in/out degree 1/0, оборот 338.3 тыс. KZT; depth=4, исходящие неизвестны.",1,0,338271.0,0.0,2,0,0.0003888192559719767,0.0,4,False,True,0.45,1,0.0,0.0,False
100000004673335100,peripheral,0.8099354695149088,13,0.3894080996884735,"Периферийный профиль: in/out degree 1/0, оборот 80.0 тыс. KZT; depth=4, исходящие неизвестны.",1,0,80000.0,0.0,1,0,0.0004904325349770881,0.0,4,False,True,0.45,1,0.0,0.0,False
100000002487222100,peripheral,0.5904984423676013,5,0.48509123275478416,"Периферийный профиль: in/out degree 1/0, оборот 90.0 тыс. KZT; depth=4, исходящие неизвестны.",1,0,90000.0,0.0,2,0,0.0003087289819139302,0.0,4,False,True,0.45,3,0.0,0.0,False
100000000018102100,peripheral,0.8099354695149088,3,0.03115264797507788,"Периферийный профиль: in/out degree 1/0, оборот 7.0 тыс. KZT; depth=4, исходящие неизвестны.",1,0,7000.0,0.0,1,0,0.0003186367279693899,0.0,4,False,True,0.45,1,0.0,0.0,False
100000008638859100,peripheral,0.8099354695149088,16,0.3925233644859813,"Периферийный профиль: in/out degree 1/0, оборот 34.0 тыс. KZT; depth=4, исходящие неизвестны.",1,0,34000.0,0.0,1,0,0.000536126095297145,0.0,4,False,True,0.45,4,0.0,0.0,False
100000001131403100,terminal,0.5616021361815755,9,0.639074321317312,"Получатель-кандидат: 1 плательщ., 3 tx, 1.57 млн KZT; обрезан на depth=4; терминальность вероятностная.",1,0,1570000.0,0.0,3,0,0.0005348952547068581,0.0,4,False,True,0.45,1,0.0,0.0,False
100000001733216100,peripheral,0.5904984423676013,10,0.4401424121050289,"Периферийный профиль: in/out degree 1/0, оборот 60.0 тыс. KZT; depth=4, исходящие неизвестны.",1,0,60000.0,0.0,2,0,0.00040532358508658066,0.0,4,False,True,0.45,2,0.0,0.0,False
100000004400480100,peripheral,0.8099354695149088,13,0.20204717400979083,"Периферийный профиль: in/out degree 1/0, оборот 21.7 тыс. KZT; depth=4, исходящие неизвестны.",1,0,21700.0,0.0,1,0,0.0004817162374961848,0.0,4,False,True,0.45,1,0.0,0.0,False
100000007539296100,peripheral,0.5904984423676013,14,0.4274588340008901,"Периферийный профиль: in/out degree 1/0, оборот 46.0 тыс. KZT; depth=4, исходящие неизвестны.",1,0,46000.0,0.0,2,0,0.0005539622864887219,0.0,4,False,True,0.45,1,0.0,0.0,False
100000008757301100,peripheral,0.5319982198486871,3,0.4454828660436137,"Периферийный профиль: in/out degree 1/0, оборот 58.4 тыс. KZT; depth=4, исходящие неизвестны.",1,0,58398.0,0.0,3,0,0.0005274110282209911,0.0,4,False,True,0.45,1,0.0,0.0,False
100000002752565100,peripheral,0.8099354695149088,3,0.40409434801958166,"Периферийный профиль: in/out degree 1/0, оборот 57.0 тыс. KZT; depth=4, исходящие неизвестны.",1,0,57000.0,0.0,1,0,0.0003363359010827097,0.0,4,False,True,0.45,2,0.0,0.0,False
100000002734815100,peripheral,0.8099354695149088,2,0.25945705384957723,"Периферийный профиль: in/out degree 1/0, оборот 110.0 тыс. KZT; depth=4, исходящие неизвестны.",1,0,110000.0,0.0,1,0,0.00031048997011315756,0.0,4,False,True,0.45,1,0.0,0.0,False
100000008333492100,peripheral,0.8099354695149088,2,0.4810858923008456,"Периферийный профиль: in/out degree 1/0, оборот 216.4 тыс. KZT; depth=4, исходящие неизвестны.",1,0,216400.0,0.0,1,0,0.0004354837532987827,0.0,4,False,True,0.45,1,0.0,0.0,False
100000006527156100,peripheral,0.8099354695149088,0,0.032932799287939477,"Периферийный профиль: in/out degree 1/0, оборот 48.5 тыс. KZT; depth=4, исходящие неизвестны.",1,0,48500.0,0.0,1,0,0.00029446767308417626,0.0,4,False,True,0.45,1,0.0,0.0,False
100000003448713100,peripheral,0.8099354695149088,11,0.3444592790387183,"Периферийный профиль: in/out degree 1/0, оборот 266.8 тыс. KZT; depth=4, исходящие неизвестны.",1,0,266750.0,0.0,1,0,0.0003018025198694244,0.0,4,False,True,0.45,1,0.0,0.0,False
100000004780083100,peripheral,0.8099354695149088,44,0.016688918558077435,"Периферийный профиль: in/out degree 1/0, оборот 10.0 тыс. KZT; depth=4, исходящие неизвестны.",1,0,9999.0,0.0,1,0,0.00029180093800533957,0.0,4,False,True,0.45,1,0.0,0.0,False
100000004798515100,peripheral,0.5904984423676013,22,0.35558522474410326,"Периферийный профиль: in/out degree 1/0, оборот 200.0 тыс. KZT; depth=4, исходящие неизвестны.",1,0,200000.0,0.0,2,0,0.0003617814836093269,0.0,4,False,True,0.45,1,0.0,0.0,False
100000004232712100,peripheral,0.8099354695149088,5,0.3386737872719181,"Периферийный профиль: in/out degree 1/0, оборот 12.5 тыс. KZT; depth=4, исходящие неизвестны.",1,0,12500.0,0.0,1,0,0.0005261519677096764,0.0,4,False,True,0.45,3,0.0,0.0,False
100000005209352100,peripheral,0.8099354695149088,3,0.2757009345794392,"Периферийный профиль: in/out degree 1/0, оборот 5.0 тыс. KZT; depth=4, исходящие неизвестны.",1,0,5000.0,0.0,1,0,0.00041782514727637104,0.0,4,False,True,0.45,2,0.0,0.0,False
100000000561160100,peripheral,0.8099354695149088,3,0.5291499777481086,"Периферийный профиль: in/out degree 1/0, оборот 240.0 тыс. KZT; depth=4, исходящие неизвестны.",1,0,240000.0,0.0,1,0,0.00043367037484745666,0.0,4,False,True,0.45,2,0.0,0.0,False
100000003568904100,peripheral,0.8099354695149088,0,0.3756119270137962,"Периферийный профиль: in/out degree 1/0, оборот 49.0 тыс. KZT; depth=4, исходящие неизвестны.",1,0,49000.0,0.0,1,0,0.000528585173761137,0.0,4,False,True,0.45,2,0.0,0.0,False
100000000470237100,peripheral,0.8099354695149088,18,0.3226524254561638,"Периферийный профиль: in/out degree 1/0, оборот 32.5 тыс. KZT; depth=4, исходящие неизвестны.",1,0,32500.0,0.0,1,0,0.0005840770865940691,0.0,4,False,True,0.45,1,0.0,0.0,False
100000008560263100,peripheral,0.8099354695149088,5,0.5037828215398309,"Периферийный профиль: in/out degree 1/0, оборот 100.0 тыс. KZT; depth=4, исходящие неизвестны.",1,0,100000.0,0.0,1,0,0.00031147250376860737,0.0,4,False,True,0.45,3,0.0,0.0,False
100000000542087100,peripheral,0.8099354695149088,5,0.3386737872719181,"Периферийный профиль: in/out degree 1/0, оборот 8.5 тыс. KZT; depth=4, исходящие неизвестны.",1,0,8506.91,0.0,1,0,0.0002848770455429053,0.0,4,False,True,0.45,3,0.0,0.0,False
100000004403548100,peripheral,0.8099354695149088,3,0.04005340453938585,"Периферийный профиль: in/out degree 1/0, оборот 5.0 тыс. KZT; depth=4, исходящие неизвестны.",1,0,5000.0,0.0,1,0,0.00036579282536587204,0.0,4,False,True,0.45,1,0.0,0.0,False
100000003010908100,peripheral,0.8099354695149088,12,0.17178460169114373,"Периферийный профиль: in/out degree 1/0, оборот 17.0 тыс. KZT; depth=4, исходящие неизвестны.",1,0,17000.0,0.0,1,0,0.000397122564783844,0.0,4,False,True,0.45,1,0.0,0.0,False
100000006756956100,terminal,0.5327596795727637,0,0.6577659101023587,"Получатель-кандидат: 1 плательщ., 9 tx, 121.2 тыс. KZT; обрезан на depth=4; терминальность вероятностная.",1,0,121200.0,0.0,9,0,0.00030923361844302895,0.0,4,False,True,0.45,3,0.0,0.0,False
100000007357489100,terminal,0.5177576769025368,2,0.5874499332443258,"Получатель-кандидат: 2 плательщ., 2 tx, 164.5 тыс. KZT; обрезан на depth=4; терминальность вероятностная.",2,0,164500.0,0.0,2,0,0.00031124965104103373,0.0,4,False,True,0.45,2,0.0,0.0,False
100000002599729100,peripheral,0.5904984423676013,10,0.4401424121050289,"Периферийный профиль: in/out degree 1/0, оборот 65.0 тыс. KZT; depth=4, исходящие неизвестны.",1,0,65000.0,0.0,2,0,0.00048294287238413735,0.0,4,False,True,0.45,2,0.0,0.0,False
100000005849862100,peripheral,0.5904984423676013,0,0.4218958611481976,"Периферийный профиль: in/out degree 1/0, оборот 13.0 тыс. KZT; depth=4, исходящие неизвестны.",1,0,13000.0,0.0,2,0,0.0005451412236302069,0.0,4,False,True,0.45,1,0.0,0.0,False
100000008762843100,peripheral,0.8099354695149088,2,0.016688918558077435,"Периферийный профиль: in/out degree 1/0, оборот 7.0 тыс. KZT; depth=4, исходящие неизвестны.",1,0,7000.0,0.0,1,0,0.0002857206378967377,0.0,4,False,True,0.45,1,0.0,0.0,False
100000002723674100,peripheral,0.8099354695149088,15,0.03515798842901647,"Периферийный профиль: in/out degree 1/0, оборот 30.0 тыс. KZT; depth=4, исходящие неизвестны.",1,0,30000.0,0.0,1,0,0.00032530947356741285,0.0,4,False,True,0.45,1,0.0,0.0,False
100000008758106100,peripheral,0.8099354695149088,2,0.2757009345794392,"Периферийный профиль: in/out degree 1/0, оборот 10.0 тыс. KZT; depth=4, исходящие неизвестны.",1,0,10000.0,0.0,1,0,0.0002853437648663885,0.0,4,False,True,0.45,2,0.0,0.0,False
100000001286703100,peripheral,0.8099354695149088,5,0.3386737872719181,"Периферийный профиль: in/out degree 1/0, оборот 20.5 тыс. KZT; depth=4, исходящие неизвестны.",1,0,20500.0,0.0,1,0,0.0002856967471036337,0.0,4,False,True,0.45,3,0.0,0.0,False
